scenario,condition,law,scale,law_tag,aborted,steps,E_tau_impulse,E_tau1,E_tau2,E_nongrav,W_pos,W_neg,W_net,tau_peak,tau_rms,tau_slew_rms,E_qddot,sat_frac,qdd_sat_frac,gov_frac,p_rms,a_rms_deg,p_rms_ss,a_rms_ss_deg,IAE_p,IAE_a_deg,IAE_p_ss,IAE_a_ss_deg,p_peak,a_peak_deg,p_end,a_end_deg,settle_s,anchor,gamma_xi,gamma_ez
circle,none,C1,1.0,tndq(5.2),0,10000,579.4101308398833,599.0455938444741,19884.701441607038,48.46055593693083,12.81146914529828,7.347399486682161,5.464069658616137,48.679253567285045,44.59226551949008,24.220840331221336,46.33299463155565,0.0,0.0,0.0,0.013043512914634391,0.8320323526848336,0.007450503923917928,0.6286331774430364,0.0907356337453104,7.074488705519986,0.028813956947479725,2.4631047599218245,0.07744024961582245,4.043213563625559,0.005040283142056891,0.45135116928044655,nan,E_nongrav,,
circle,l2,C1,1.0,tndq(5.2),0,10000,578.8641324607966,600.8471896742229,19863.01452928532,68.02265873404407,12.63385427857142,7.095053413535063,5.538800865036352,49.47945131058738,44.567941986685135,25.258030885338904,48.782024762567495,0.0,0.0,0.0,0.01335862241569199,0.8563228967867703,0.007685742569838786,0.636367747927317,0.09521287920865569,7.260577175881314,0.029852962705726127,2.495834430709153,0.07744024961582245,4.043213563625559,0.004927984612189628,0.4437505092277653,nan,E_nongrav,0.03556984052096098,0.013851562716816647
circle,noise,C1,1.0,tndq(5.2),0,10000,579.4108845618944,599.0528867325642,19884.96569478854,48.67129170505115,12.813946303323922,7.349486207430253,5.464460095893649,48.64241077746375,44.5925618178509,207.9458767071121,46.3714764995063,0.0,0.0,0.0,0.013043445734541009,0.8319082333285531,0.0074457120442461356,0.6280825781098814,0.09072177811318995,7.071668874901952,0.028797110664406204,2.460825828223955,0.07749167873223928,4.0502196886537885,0.004992567161755093,0.4476191955921809,nan,E_nongrav,,
line,none,C1,1.0,tndq(5.2),0,8000,-303.15381319597395,332.8358914101232,6120.7972837778925,42.87862562791645,0.9004206149100474,2.9106287320092736,-2.0102081170992316,33.59535747266483,27.660434929195105,43.541324394542336,30.344013709439785,0.0,0.0,0.0,0.018587726192710728,1.970650359885623,0.0002478077928860075,0.030956315397006967,0.053792440855260276,5.6383830585161885,0.0006179707865329023,0.06622847793670848,0.11520555046337619,12.499229957258414,8.620600871853125e-05,0.005458408014724914,2.6229999999999998,E_nongrav,,
large,none,C1,1.0,tndq(5.2),0,8000,-268.7106325093466,523.8996607299182,14914.725447064759,5158.721458112889,74.0269965594449,53.31607920420562,20.710917355239495,102.3461433413206,43.17801154387607,37776.088734129284,2492.045891922865,0.0,0.150375,0.098375,0.39580163276793545,58.5562207866709,0.004052240662039035,0.2960916529984404,1.245723648356063,208.93595155016848,0.010732297207283562,0.7896237500113026,1.414017424499972,179.99413359104733,0.0011610620288523101,0.10055545907914856,5.765000000000001,E_nongrav,,
circle,none,C2,1.125,chandra20,0,10000,579.4851384983048,599.1901801080518,19892.338382012545,48.67869537080587,12.848215673967616,7.359911405177202,5.488304268790365,48.359585906519214,44.60082777484354,26.541456477884967,46.716015706120686,0.0,0.0,0.0,0.012523542995238342,0.7819577125721427,0.006662590915003582,0.5638748201403957,0.0833457233792141,6.453642850076691,0.02573224800627488,2.208388248234546,0.07744024961582245,4.043213563625559,0.004313284422648725,0.4059426318007951,nan,E_nongrav,,
circle,l2,C2,1.125,chandra20,0,10000,578.9809463648884,601.0445797592619,19871.87387846761,68.58613568781857,12.69048475000087,7.109196834795273,5.581287915205613,49.5487508779893,44.57788002862811,27.568973016820085,49.267821855989546,0.0,0.0,0.0,0.012796322333239084,0.803704936562216,0.006871456032612545,0.5702607274850588,0.08756883405771548,6.6291000525992745,0.026652738485973416,2.2350839768097415,0.07744024961582245,4.043213563625559,0.0042129981804281515,0.4001439026351925,nan,E_nongrav,0.031959979457791644,0.012435251692139005
circle,noise,C2,1.125,chandra20,0,10000,579.4859759149659,599.198391578189,19892.661155591682,48.9456447936852,12.850726431865167,7.362055468486108,5.488670963379107,48.57346155828697,44.60118962044811,234.16371572756492,46.76308689796609,0.0,0.0,0.0,0.012523671373688015,0.7818625308060725,0.006657929181579243,0.5633463192162069,0.08333308093093837,6.450944163367334,0.025716047407384538,2.2061913423290798,0.07749090787770498,4.0502196886537885,0.004266269563650684,0.4024151236017721,nan,E_nongrav,,
line,none,C2,1.125,chandra20,0,8000,-303.10843446705303,332.81531211305594,6119.225521338454,42.20591965260261,0.8491850868614245,2.8280436917210245,-1.978858604859616,33.71974163485814,27.65688323306346,47.2817374993578,30.060632548787883,0.0,0.0,0.0,0.018313864328859928,1.9367028414882288,0.00018904789140867509,0.022420937921058898,0.05149479645609479,5.3326249366308485,0.000478181710387921,0.04780712860845305,0.11520555046337619,12.499229957258414,8.133692991905465e-05,0.005591075320567429,2.469,E_nongrav,,
large,none,C2,1.125,chandra20,0,8000,-348.65711891468453,568.2235578378596,13745.501199293312,3497.4111612630772,44.57736145312131,31.7274050628913,12.849956390230044,108.30113915169773,41.451027127342265,30256.165109729212,11257.36424565155,0.0,1.0,0.741,0.6418973786082938,56.646543556724204,0.5385506682170595,40.39922073881378,4.904142846773775,400.4441888371964,1.6156062425093114,121.19376018256375,1.414017424499972,167.15749928924043,0.5315095290685575,39.846369582124815,nan,E_nongrav,,
circle,none,C2abl,1.0,ctc-abl,0,10000,579.4773039411218,599.1155830315353,19889.92116120277,48.4666330198651,12.8333082151031,7.368009409362217,5.465298805740886,48.69913643404267,44.59811785401125,24.23115869615546,46.33423552609953,0.0,0.0,0.0,0.013036667369455903,0.832067887516217,0.007439513758466309,0.62869762872445,0.09058758992304075,7.0753159076562255,0.028844230250454923,2.4631459215564164,0.07744024961582245,4.043213563625559,0.004895732435382879,0.45164779471729843,nan,E_nongrav,,
circle,l2,C2abl,1.0,ctc-abl,0,10000,578.9208170665914,600.8913395861517,19866.83480427702,67.99956292368331,12.651909447845606,7.116673531388698,5.5352359164568865,49.478434659682,44.57222768078461,25.26802107431482,48.75109398197103,0.0,0.0,0.0,0.013359293087637577,0.856245574420093,0.007676957035273224,0.6364023876904656,0.09512508601839459,7.26055414312155,0.029876258189202254,2.4958142714515015,0.07744024961582245,4.043213563625559,0.004783451764238857,0.44405468563079564,nan,E_nongrav,0.03555511975056477,0.01383657404894149
circle,noise,C2abl,1.0,ctc-abl,0,10000,579.4779783343558,599.1245494309112,19890.23022383695,48.72330491089035,12.835934931477901,7.370235900706505,5.465699030771384,48.66239245236522,44.59846435006137,238.63461873267295,46.4007059363488,0.0,0.0,0.0,0.013036664811098102,0.8319430345800143,0.007434762946031439,0.6281458839691039,0.09057475837149685,7.072490331888721,0.02882738916572105,2.460862261054126,0.07749167873256924,4.0502196886537885,0.004848255198355737,0.44791779983485575,nan,E_nongrav,,
line,none,C2abl,1.0,ctc-abl,0,8000,-303.13320377174756,332.80921700455616,6120.18344930527,43.053221546035495,0.874634025543782,2.885626385754849,-2.0109923602110644,33.554797424636085,27.65904790774908,44.56851502581186,30.323652608716824,0.0,0.0,0.0,0.018546243711035592,1.968512132505981,0.0002441433637736924,0.030835989025200964,0.053727403766680004,5.634108048466784,0.0006099137223725753,0.06589315463583648,0.11520555046337619,12.499229957258414,8.610239409066197e-05,0.005448834557784395,2.641,E_nongrav,,
large,none,C2abl,1.0,ctc-abl,0,8000,54.28324530261202,519.4469674170371,14347.512924607761,5208.219046110783,70.78084309689845,48.117767720689564,22.663075376208546,109.95934297994846,42.3490155207411,34808.05573741431,2959.6772081728222,0.0,0.176125,0.12675,0.38974551444249445,59.85771792515095,0.00037505806834466223,0.04931434091227729,1.2487464992475694,209.9669501823825,0.0010832244362462388,0.14757177406364075,1.414017424499972,179.9817854981808,0.0003320511291382334,0.04448627914986382,3.382,E_nongrav,,
circle,none,C3,1.015625,hinf-vel,0,10000,579.1378039707681,598.7309039649026,19891.22256718982,48.50582745251823,12.824753478026906,7.356445370868773,5.468308107158139,48.817151346015706,44.599576867039694,25.051979165447637,46.21814994114091,0.0,0.0,0.0,0.012875168260637889,0.8146353620907909,0.007264161883851397,0.6060958584104894,0.088464657947434,6.867254078124979,0.028119012938482322,2.3746695316120836,0.07744024961582245,4.043213563625559,0.004783539069640176,0.4310280218305442,nan,E_nongrav,,
circle,l2,C3,1.015625,hinf-vel,0,10000,578.6081599436876,600.482624761654,19869.574103998573,68.03691096823964,12.652128459202107,7.105559262022052,5.546569197180054,49.49563773926943,44.575300452154636,26.05051897560578,48.70358441487803,0.0,0.0,0.0,0.013206846113179708,0.8397311137280468,0.007493045361202822,0.613750642074564,0.09336494801703166,7.066348706940581,0.029125856687208376,2.4068608421172795,0.07744024961582245,4.043213563625559,0.004664879318232021,0.4225688555359977,nan,E_nongrav,0.03490471107914349,0.013512383208761603
circle,noise,C3,1.015625,hinf-vel,0,10000,579.1410494014183,601.530326330997,19921.019929979255,78.22109172492837,12.829334002542328,7.365064906302715,5.464269096239576,52.22188333687804,44.63296979809797,2984.408115734527,51.48989957417017,0.0,0.0,0.0,0.012875608661324707,0.8146503370757338,0.007260398743630802,0.6056767519296135,0.08845746266232792,6.865598393665483,0.028106005352386457,2.3729242897494287,0.07749158039691781,4.0502196886537885,0.004737227678442139,0.42741502454324787,nan,E_nongrav,,
line,none,C3,1.015625,hinf-vel,0,8000,-304.40314166450304,332.94913569868777,6126.220345135984,42.60361834719441,0.9337132452125161,2.895224515310459,-1.9615112700979394,33.65528689262273,27.67268586787336,45.22310734266258,29.44239706860071,0.0,0.0,0.0,0.018508347386178077,1.9529039223138895,0.00023845958767123928,0.031574644649322726,0.053185282094203264,5.4176603238526795,0.0005884462715429731,0.06735892180385225,0.11520555046337619,12.499229957258414,8.290613040303579e-05,0.005330522528487291,2.6109999999999998,E_nongrav,,
large,none,C3,1.015625,hinf-vel,0,8000,87.30900311574511,585.8714296543804,23680.19310973703,13068.687001247858,118.51187946568179,95.65708497046886,22.854794495212623,176.0,54.4061038737119,66101.33791346029,2754.5996370849734,0.002875,0.191625,0.122,0.3776878741459863,63.47242251791388,0.0028746443450999985,0.21745563377377794,1.2218535719928862,231.73855979195366,0.008274979462736698,0.6288691153569606,1.414017424499972,179.98858897011615,0.0015108303634397868,0.12221440688468363,4.510000000000001,E_nongrav,,
circle,none,C1,1.0,tndq(5.2),0,10000,579.4101308398833,599.0455938444741,19884.701441607038,48.46055593693083,12.81146914529828,7.347399486682161,5.464069658616137,48.679253567285045,44.59226551949008,24.220840331221336,46.33299463155565,0.0,0.0,0.0,0.013043512914634391,0.8320323526848336,0.007450503923917928,0.6286331774430364,0.0907356337453104,7.074488705519986,0.028813956947479725,2.4631047599218245,0.07744024961582245,4.043213563625559,0.005040283142056891,0.45135116928044655,nan,E_qddot,,
circle,l2,C1,1.0,tndq(5.2),0,10000,578.8641324607966,600.8471896742229,19863.01452928532,68.02265873404407,12.63385427857142,7.095053413535063,5.538800865036352,49.47945131058738,44.567941986685135,25.258030885338904,48.782024762567495,0.0,0.0,0.0,0.01335862241569199,0.8563228967867703,0.007685742569838786,0.636367747927317,0.09521287920865569,7.260577175881314,0.029852962705726127,2.495834430709153,0.07744024961582245,4.043213563625559,0.004927984612189628,0.4437505092277653,nan,E_qddot,0.03556984052096098,0.013851562716816647
circle,noise,C1,1.0,tndq(5.2),0,10000,579.4108845618944,599.0528867325642,19884.96569478854,48.67129170505115,12.813946303323922,7.349486207430253,5.464460095893649,48.64241077746375,44.5925618178509,207.9458767071121,46.3714764995063,0.0,0.0,0.0,0.013043445734541009,0.8319082333285531,0.0074457120442461356,0.6280825781098814,0.09072177811318995,7.071668874901952,0.028797110664406204,2.460825828223955,0.07749167873223928,4.0502196886537885,0.004992567161755093,0.4476191955921809,nan,E_qddot,,
line,none,C1,1.0,tndq(5.2),0,8000,-303.15381319597395,332.8358914101232,6120.7972837778925,42.87862562791645,0.9004206149100474,2.9106287320092736,-2.0102081170992316,33.59535747266483,27.660434929195105,43.541324394542336,30.344013709439785,0.0,0.0,0.0,0.018587726192710728,1.970650359885623,0.0002478077928860075,0.030956315397006967,0.053792440855260276,5.6383830585161885,0.0006179707865329023,0.06622847793670848,0.11520555046337619,12.499229957258414,8.620600871853125e-05,0.005458408014724914,2.6229999999999998,E_qddot,,
large,none,C1,1.0,tndq(5.2),0,8000,-268.7106325093466,523.8996607299182,14914.725447064759,5158.721458112889,74.0269965594449,53.31607920420562,20.710917355239495,102.3461433413206,43.17801154387607,37776.088734129284,2492.045891922865,0.0,0.150375,0.098375,0.39580163276793545,58.5562207866709,0.004052240662039035,0.2960916529984404,1.245723648356063,208.93595155016848,0.010732297207283562,0.7896237500113026,1.414017424499972,179.99413359104733,0.0011610620288523101,0.10055545907914856,5.765000000000001,E_qddot,,
circle,none,C2,1.125,chandra20,0,10000,579.4851384983048,599.1901801080518,19892.338382012545,48.67869537080587,12.848215673967616,7.359911405177202,5.488304268790365,48.359585906519214,44.60082777484354,26.541456477884967,46.716015706120686,0.0,0.0,0.0,0.012523542995238342,0.7819577125721427,0.006662590915003582,0.5638748201403957,0.0833457233792141,6.453642850076691,0.02573224800627488,2.208388248234546,0.07744024961582245,4.043213563625559,0.004313284422648725,0.4059426318007951,nan,E_qddot,,
circle,l2,C2,1.125,chandra20,0,10000,578.9809463648884,601.0445797592619,19871.87387846761,68.58613568781857,12.69048475000087,7.109196834795273,5.581287915205613,49.5487508779893,44.57788002862811,27.568973016820085,49.267821855989546,0.0,0.0,0.0,0.012796322333239084,0.803704936562216,0.006871456032612545,0.5702607274850588,0.08756883405771548,6.6291000525992745,0.026652738485973416,2.2350839768097415,0.07744024961582245,4.043213563625559,0.0042129981804281515,0.4001439026351925,nan,E_qddot,0.031959979457791644,0.012435251692139005
circle,noise,C2,1.125,chandra20,0,10000,579.4859759149659,599.198391578189,19892.661155591682,48.9456447936852,12.850726431865167,7.362055468486108,5.488670963379107,48.57346155828697,44.60118962044811,234.16371572756492,46.76308689796609,0.0,0.0,0.0,0.012523671373688015,0.7818625308060725,0.006657929181579243,0.5633463192162069,0.08333308093093837,6.450944163367334,0.025716047407384538,2.2061913423290798,0.07749090787770498,4.0502196886537885,0.004266269563650684,0.4024151236017721,nan,E_qddot,,
line,none,C2,1.125,chandra20,0,8000,-303.10843446705303,332.81531211305594,6119.225521338454,42.20591965260261,0.8491850868614245,2.8280436917210245,-1.978858604859616,33.71974163485814,27.65688323306346,47.2817374993578,30.060632548787883,0.0,0.0,0.0,0.018313864328859928,1.9367028414882288,0.00018904789140867509,0.022420937921058898,0.05149479645609479,5.3326249366308485,0.000478181710387921,0.04780712860845305,0.11520555046337619,12.499229957258414,8.133692991905465e-05,0.005591075320567429,2.469,E_qddot,,
large,none,C2,1.125,chandra20,0,8000,-348.65711891468453,568.2235578378596,13745.501199293312,3497.4111612630772,44.57736145312131,31.7274050628913,12.849956390230044,108.30113915169773,41.451027127342265,30256.165109729212,11257.36424565155,0.0,1.0,0.741,0.6418973786082938,56.646543556724204,0.5385506682170595,40.39922073881378,4.904142846773775,400.4441888371964,1.6156062425093114,121.19376018256375,1.414017424499972,167.15749928924043,0.5315095290685575,39.846369582124815,nan,E_qddot,,
circle,none,C2abl,1.0,ctc-abl,0,10000,579.4773039411218,599.1155830315353,19889.92116120277,48.4666330198651,12.8333082151031,7.368009409362217,5.465298805740886,48.69913643404267,44.59811785401125,24.23115869615546,46.33423552609953,0.0,0.0,0.0,0.013036667369455903,0.832067887516217,0.007439513758466309,0.62869762872445,0.09058758992304075,7.0753159076562255,0.028844230250454923,2.4631459215564164,0.07744024961582245,4.043213563625559,0.004895732435382879,0.45164779471729843,nan,E_qddot,,
circle,l2,C2abl,1.0,ctc-abl,0,10000,578.9208170665914,600.8913395861517,19866.83480427702,67.99956292368331,12.651909447845606,7.116673531388698,5.5352359164568865,49.478434659682,44.57222768078461,25.26802107431482,48.75109398197103,0.0,0.0,0.0,0.013359293087637577,0.856245574420093,0.007676957035273224,0.6364023876904656,0.09512508601839459,7.26055414312155,0.029876258189202254,2.4958142714515015,0.07744024961582245,4.043213563625559,0.004783451764238857,0.44405468563079564,nan,E_qddot,0.03555511975056477,0.01383657404894149
circle,noise,C2abl,1.0,ctc-abl,0,10000,579.4779783343558,599.1245494309112,19890.23022383695,48.72330491089035,12.835934931477901,7.370235900706505,5.465699030771384,48.66239245236522,44.59846435006137,238.63461873267295,46.4007059363488,0.0,0.0,0.0,0.013036664811098102,0.8319430345800143,0.007434762946031439,0.6281458839691039,0.09057475837149685,7.072490331888721,0.02882738916572105,2.460862261054126,0.07749167873256924,4.0502196886537885,0.004848255198355737,0.44791779983485575,nan,E_qddot,,
line,none,C2abl,1.0,ctc-abl,0,8000,-303.13320377174756,332.80921700455616,6120.18344930527,43.053221546035495,0.874634025543782,2.885626385754849,-2.0109923602110644,33.554797424636085,27.65904790774908,44.56851502581186,30.323652608716824,0.0,0.0,0.0,0.018546243711035592,1.968512132505981,0.0002441433637736924,0.030835989025200964,0.053727403766680004,5.634108048466784,0.0006099137223725753,0.06589315463583648,0.11520555046337619,12.499229957258414,8.610239409066197e-05,0.005448834557784395,2.641,E_qddot,,
large,none,C2abl,1.0,ctc-abl,0,8000,54.28324530261202,519.4469674170371,14347.512924607761,5208.219046110783,70.78084309689845,48.117767720689564,22.663075376208546,109.95934297994846,42.3490155207411,34808.05573741431,2959.6772081728222,0.0,0.176125,0.12675,0.38974551444249445,59.85771792515095,0.00037505806834466223,0.04931434091227729,1.2487464992475694,209.9669501823825,0.0010832244362462388,0.14757177406364075,1.414017424499972,179.9817854981808,0.0003320511291382334,0.04448627914986382,3.382,E_qddot,,
circle,none,C3,1.015625,hinf-vel,0,10000,579.1378039707681,598.7309039649026,19891.22256718982,48.50582745251823,12.824753478026906,7.356445370868773,5.468308107158139,48.817151346015706,44.599576867039694,25.051979165447637,46.21814994114091,0.0,0.0,0.0,0.012875168260637889,0.8146353620907909,0.007264161883851397,0.6060958584104894,0.088464657947434,6.867254078124979,0.028119012938482322,2.3746695316120836,0.07744024961582245,4.043213563625559,0.004783539069640176,0.4310280218305442,nan,E_qddot,,
circle,l2,C3,1.015625,hinf-vel,0,10000,578.6081599436876,600.482624761654,19869.574103998573,68.03691096823964,12.652128459202107,7.105559262022052,5.546569197180054,49.49563773926943,44.575300452154636,26.05051897560578,48.70358441487803,0.0,0.0,0.0,0.013206846113179708,0.8397311137280468,0.007493045361202822,0.613750642074564,0.09336494801703166,7.066348706940581,0.029125856687208376,2.4068608421172795,0.07744024961582245,4.043213563625559,0.004664879318232021,0.4225688555359977,nan,E_qddot,0.03490471107914349,0.013512383208761603
circle,noise,C3,1.015625,hinf-vel,0,10000,579.1410494014183,601.530326330997,19921.019929979255,78.22109172492837,12.829334002542328,7.365064906302715,5.464269096239576,52.22188333687804,44.63296979809797,2984.408115734527,51.48989957417017,0.0,0.0,0.0,0.012875608661324707,0.8146503370757338,0.007260398743630802,0.6056767519296135,0.08845746266232792,6.865598393665483,0.028106005352386457,2.3729242897494287,0.07749158039691781,4.0502196886537885,0.004737227678442139,0.42741502454324787,nan,E_qddot,,
line,none,C3,1.015625,hinf-vel,0,8000,-304.40314166450304,332.94913569868777,6126.220345135984,42.60361834719441,0.9337132452125161,2.895224515310459,-1.9615112700979394,33.65528689262273,27.67268586787336,45.22310734266258,29.44239706860071,0.0,0.0,0.0,0.018508347386178077,1.9529039223138895,0.00023845958767123928,0.031574644649322726,0.053185282094203264,5.4176603238526795,0.0005884462715429731,0.06735892180385225,0.11520555046337619,12.499229957258414,8.290613040303579e-05,0.005330522528487291,2.6109999999999998,E_qddot,,
large,none,C3,1.015625,hinf-vel,0,8000,87.30900311574511,585.8714296543804,23680.19310973703,13068.687001247858,118.51187946568179,95.65708497046886,22.854794495212623,176.0,54.4061038737119,66101.33791346029,2754.5996370849734,0.002875,0.191625,0.122,0.3776878741459863,63.47242251791388,0.0028746443450999985,0.21745563377377794,1.2218535719928862,231.73855979195366,0.008274979462736698,0.6288691153569606,1.414017424499972,179.98858897011615,0.0015108303634397868,0.12221440688468363,4.510000000000001,E_qddot,,
circle,none,C1,1.15234375,tndq(5.2),0,10000,579.4148215080914,599.1626094362189,19888.014884305223,50.01457520179231,12.887929678864271,7.382906840354816,5.505022838509468,49.84720065113928,44.59598063088783,29.54190862603603,48.65599363773927,0.0,0.0,0.0,0.012431438575289907,0.7727660429736443,0.006512593435449255,0.551289585532245,0.08201718600179748,6.334716520027292,0.02514787577260716,2.1589491974533956,0.07744024961582245,4.043213563625559,0.004169144150187222,0.397376071703049,nan,IAE_p,,
circle,l2,C1,1.15234375,tndq(5.2),0,10000,578.9158646624222,601.0254072774832,19867.67689066312,69.95449903642428,12.731855641451821,7.132314211736191,5.599541429715669,49.84720065113928,44.573172302028404,30.482079266693603,51.21403411908367,0.0,0.0,0.0,0.012695881499722776,0.7940383220281416,0.006717020643098382,0.5574178362187103,0.08616195428737478,6.508440783598125,0.02604796152679354,2.1845186798358798,0.07744024961582245,4.043213563625559,0.004070669488595856,0.3918851685583584,nan,IAE_p,0.031271633507982954,0.012167495758539955
circle,noise,C1,1.15234375,tndq(5.2),0,10000,579.4156390445157,599.1712089215206,19888.3490375817,50.295238314614956,12.890441366218825,7.385059400830753,5.505381965388049,49.80458251823114,44.59635527437382,240.18984956917853,48.706233212160086,0.0,0.0,0.0,0.012431591236422151,0.7726764169522555,0.006507930701385951,0.5507656904639294,0.08200470282332602,6.332036129722192,0.02513168160234264,2.156769427898452,0.07749073613366735,4.0502196886537885,0.0041221377275633365,0.39389391032931187,nan,IAE_p,,
line,none,C1,1.15234375,tndq(5.2),0,8000,-303.0525144540267,332.7478831317088,6120.878273111472,46.36529670273686,0.9018287083168341,2.9038710619577426,-2.0020423536409053,33.61492215168915,27.66061792764099,53.02529007952014,30.7620904988351,0.0,0.0,0.0,0.018211892243156363,1.9348302228340077,0.00017988672191788046,0.021001418688540274,0.050847309629640694,5.306679666381324,0.000456960371897712,0.04490528564323692,0.11520555046337619,12.499229957258414,8.046751324401062e-05,0.005606647775748848,2.4339999999999997,IAE_p,,
large,none,C1,1.15234375,tndq(5.2),0,8000,-268.3216083267048,525.0050979550248,15070.642063621532,5289.111596499116,74.23351642990971,53.39418569714558,20.83933073276434,102.31752571549025,43.4031134592058,38572.99945810107,2532.9112457985975,0.0,0.1545,0.10125,0.39566833668295986,58.567198863254795,0.0036346054686795057,0.266298132369199,1.2397381416543014,209.37760615248968,0.009587409154785047,0.7076551818203102,1.414017424499972,179.99589034507562,0.0010022820698072409,0.08781490381561298,5.6000000000000005,IAE_p,,
circle,none,C2,1.15234375,chandra20,0,10000,579.4851576704626,599.2077407855246,19892.756261624683,48.9257267284736,12.860197142061109,7.365308709181175,5.494888432880053,48.373550867584996,44.601296238590066,27.457962549166396,47.0843777264447,0.0,0.0,0.0,0.01242736546796898,0.7725843548022912,0.006512415490896802,0.5514202741766793,0.08194961714335679,6.334512811121543,0.025145407462125378,2.1594379307314404,0.07744024961582245,4.043213563625559,0.0041763049397648315,0.39761072990938745,nan,IAE_p,,
circle,l2,C2,1.15234375,chandra20,0,10000,578.9881885820049,601.071312875592,19872.49654580467,68.89167622181998,12.705814897018989,7.114855297498171,5.590959599520824,49.56028181177162,44.57857842709284,28.468422775213867,49.653858084645464,0.0,0.0,0.0,0.012691953062120504,0.7938294683695235,0.006716310573419582,0.5575532797460159,0.08611586890707199,6.508022379699865,0.026043565333135982,2.1850245020347754,0.07744024961582245,4.043213563625559,0.0040782679754054725,0.39214248604252966,nan,IAE_p,0.031268918595496444,0.01216454099884154
circle,noise,C2,1.15234375,chandra20,0,10000,579.486007897566,599.2161730320632,19893.09242007067,49.205967803268436,12.862725814816088,7.367476213982129,5.495249600833934,48.58563581292031,44.601673085289825,239.9536911283684,47.13364423897769,0.0,0.0,0.0,0.012427531013333805,0.7724951185789872,0.006507773018116961,0.5508962598873464,0.08193720698424325,6.331838766292796,0.025129303982000587,2.1572579298231545,0.077490738755554,4.0502196886537885,0.0041294180193689085,0.39412780655214025,nan,IAE_p,,
line,none,C2,1.15234375,chandra20,0,8000,-303.0918730810554,332.8013958879417,6119.22045658956,42.73668219909351,0.8495614445415504,2.8272000390368213,-1.9776385944952675,33.72269811905875,27.65687178756294,48.888591938131626,30.118163462139872,0.0,0.0,0.0,0.01824989526447363,1.9307620496252131,0.00017922816688353097,0.02098564927631487,0.05101767487512121,5.280305958074044,0.0004554009512764806,0.044849226297367956,0.11520555046337619,12.499229957258414,8.032161535550047e-05,0.005591090234535232,2.4339999999999997,IAE_p,,
large,none,C2,1.15234375,chandra20,0,8000,-348.6696578365314,568.5528905662221,13778.419844380898,3531.8150405521433,44.610951962853015,31.752952023237107,12.857999939616068,108.28727594630122,41.500632290937595,30542.246286329882,11255.060647300827,0.0,1.0,0.736375,0.6415296239647419,56.62293165586743,0.5379248756527846,40.342847515050636,4.900876153611444,400.1611173388136,1.6137250691633236,121.02434415011466,1.414017424499972,167.15749928924043,0.530628058985095,39.770991159832995,nan,IAE_p,,
circle,none,C2abl,1.15234375,ctc-abl,0,10000,579.4749682852495,599.2254603570256,19892.74622267978,50.02415780514408,12.907878516453389,7.401651308533092,5.506227207920346,49.870112548379524,44.60128498449319,29.55452100862061,48.660959745376644,0.0,0.0,0.0,0.012427759654890975,0.7727765588965089,0.006504397091427092,0.5513458493473351,0.08190250761554847,6.335365759666512,0.025181707301088794,2.1590110247415377,0.07744024961582245,4.043213563625559,0.0040459080476842255,0.39768909434071525,nan,IAE_p,,
circle,l2,C2abl,1.15234375,ctc-abl,0,10000,578.9666046610072,601.0655842371248,19871.167623991827,69.94041460134027,12.747989329980891,7.151494664387142,5.596494665593781,49.870112548379524,44.57708786360077,30.494886674125826,51.19029062491196,0.0,0.0,0.0,0.012698177165572975,0.7939627482723427,0.006710791106025524,0.5574584423757363,0.08609647393206703,6.508361169498765,0.026075552278535825,2.1845544744064638,0.07744024961582245,4.043213563625559,0.003947605573492317,0.392228594832906,nan,IAE_p,0.031260438041047896,0.012155764760819575
circle,noise,C2abl,1.15234375,ctc-abl,0,10000,579.4757126600291,599.2361992431755,19893.126586084225,50.35181885365232,12.910413900281865,7.40381820917281,5.506595691109024,49.82760827557025,44.60171138654236,267.75052466602415,48.7400218700993,0.0,0.0,0.0,0.012427974945166028,0.7726862778462604,0.006499780632475929,0.5508208932188764,0.08189108720503106,6.332679670230807,0.02516553562907238,2.1568268381210105,0.07749073613399256,4.0502196886537885,0.0039991740058824745,0.3942116378331544,nan,IAE_p,,
line,none,C2abl,1.15234375,ctc-abl,0,8000,-303.03274744870123,332.7198978430832,6120.289475860034,46.60621725633346,0.8769670354417906,2.880243645287191,-2.0032766098453845,33.575814990587716,27.65928749050677,54.143622045666305,30.735517892404946,0.0,0.0,0.0,0.01816474934384826,1.9323982609450459,0.00017734273862835033,0.020916674634629442,0.05076050218891956,5.3008877508812215,0.0004515732906933102,0.04467568987492838,0.11520555046337619,12.499229957258414,8.037356142625042e-05,0.005596434156664151,2.456,IAE_p,,
large,none,C2abl,1.15234375,ctc-abl,0,8000,53.6525700723602,524.0834756462742,14647.16003503855,5534.231015690433,72.47015687797796,49.796879509603016,22.673277368375032,110.60280339865383,42.78895890740763,36739.101915799314,3033.3742703265916,0.0,0.18075,0.1305,0.3898110979951069,59.75276595758892,0.00029234409156409473,0.04159226391627996,1.247851104424664,209.2084792720545,0.0008677623954125924,0.1242529842038737,1.414017424499972,179.9717485647757,0.00028059185337027344,0.03588635442764818,3.185,IAE_p,,
circle,none,C3,1.125,hinf-vel,0,10000,579.1383570316642,598.8201286561471,19892.84127068135,50.18127975663042,12.90032693149449,7.3864759782018945,5.513850953292553,49.65762758580279,44.60139153735156,28.169941054616984,48.75041896052393,0.0,0.0,0.0,0.012181413069847113,0.7641663725586261,0.006623926732789377,0.556625484177552,0.08143386752832882,6.319651900381746,0.025631637517230133,2.1790797233574377,0.07744024961582245,4.043213563625559,0.004089806941755105,0.39655999054744295,nan,IAE_p,,
circle,l2,C3,1.125,hinf-vel,0,10000,578.6478051053359,600.6493055156354,19872.19067983993,70.07952312514466,12.75028172310156,7.146206940832437,5.604074782269115,49.65762758580279,44.57823536193411,29.08668877961005,51.326544524007794,0.0,0.0,0.0,0.012493084180457862,0.7893192557330746,0.006831058775946605,0.5631826389218036,0.08620327272883244,6.530045592878595,0.026542890866540363,2.206172148512377,0.07744024961582245,4.043213563625559,0.003976298666203015,0.38961501714500435,nan,IAE_p,0.033216958149575294,0.012440976093679263
circle,noise,C3,1.125,hinf-vel,0,10000,579.1417230520648,602.3259447555241,19929.346302550864,86.60470179759986,12.905257384407372,7.396478704963951,5.508778679443441,52.73292862446144,44.64229642676423,3304.536178290387,55.200423502851315,0.0,0.0,0.0,0.012181882507947897,0.7641979966552441,0.006620644599204027,0.5562602227950573,0.08142790687113657,6.318169738845533,0.025620358499376935,2.177542605033286,0.07749090263609942,4.0502196886537885,0.004044701359807442,0.3931747551774323,nan,IAE_p,,
line,none,C3,1.125,hinf-vel,0,8000,-304.4047161508069,332.93963193609017,6131.469059643312,46.98006170610517,0.9907285633795477,2.9378302963575837,-1.9471017329780185,33.79814202545402,27.684537786559016,50.67576205906796,29.96019814812525,0.0,0.0,0.0,0.01772623136622945,1.8751415000211888,0.0001826188459721787,0.02240999824903672,0.04891817788972293,5.000100920427925,0.0004546841992603248,0.04747413199274475,0.11520555046337619,12.499229957258414,8.112798333702088e-05,0.005763201358690195,2.43,IAE_p,,
large,none,C3,1.125,hinf-vel,0,8000,85.56530647468848,583.9207083535382,22883.43832028254,12407.525221831705,114.85075500479071,91.8870308411928,22.963724163598336,176.0,53.48298598652956,63789.18743738311,2818.32969571039,0.000375,0.19575,0.126625,0.37649548192963556,61.64492249527734,0.0023765018438931074,0.1810442437967129,1.2083927878711966,220.40574078358267,0.0068221650451219485,0.5229808643604338,1.414017424499972,179.97620339871492,0.0012138646242216698,0.10113754382330993,3.939,IAE_p,,
circle,none,C1,1.0,tndq(5.2),0,10000,579.4101308398833,599.0455938444741,19884.701441607038,48.46055593693083,12.81146914529828,7.347399486682161,5.464069658616137,48.679253567285045,44.59226551949008,24.220840331221336,46.33299463155565,0.0,0.0,0.0,0.013043512914634391,0.8320323526848336,0.007450503923917928,0.6286331774430364,0.0907356337453104,7.074488705519986,0.028813956947479725,2.4631047599218245,0.07744024961582245,4.043213563625559,0.005040283142056891,0.45135116928044655,nan,E_tau2,,
circle,l2,C1,1.0,tndq(5.2),0,10000,578.8641324607966,600.8471896742229,19863.01452928532,68.02265873404407,12.63385427857142,7.095053413535063,5.538800865036352,49.47945131058738,44.567941986685135,25.258030885338904,48.782024762567495,0.0,0.0,0.0,0.01335862241569199,0.8563228967867703,0.007685742569838786,0.636367747927317,0.09521287920865569,7.260577175881314,0.029852962705726127,2.495834430709153,0.07744024961582245,4.043213563625559,0.004927984612189628,0.4437505092277653,nan,E_tau2,0.03556984052096098,0.013851562716816647
circle,noise,C1,1.0,tndq(5.2),0,10000,579.4108845618944,599.0528867325642,19884.96569478854,48.67129170505115,12.813946303323922,7.349486207430253,5.464460095893649,48.64241077746375,44.5925618178509,207.9458767071121,46.3714764995063,0.0,0.0,0.0,0.013043445734541009,0.8319082333285531,0.0074457120442461356,0.6280825781098814,0.09072177811318995,7.071668874901952,0.028797110664406204,2.460825828223955,0.07749167873223928,4.0502196886537885,0.004992567161755093,0.4476191955921809,nan,E_tau2,,
line,none,C1,1.0,tndq(5.2),0,8000,-303.15381319597395,332.8358914101232,6120.7972837778925,42.87862562791645,0.9004206149100474,2.9106287320092736,-2.0102081170992316,33.59535747266483,27.660434929195105,43.541324394542336,30.344013709439785,0.0,0.0,0.0,0.018587726192710728,1.970650359885623,0.0002478077928860075,0.030956315397006967,0.053792440855260276,5.6383830585161885,0.0006179707865329023,0.06622847793670848,0.11520555046337619,12.499229957258414,8.620600871853125e-05,0.005458408014724914,2.6229999999999998,E_tau2,,
large,none,C1,1.0,tndq(5.2),0,8000,-268.7106325093466,523.8996607299182,14914.725447064759,5158.721458112889,74.0269965594449,53.31607920420562,20.710917355239495,102.3461433413206,43.17801154387607,37776.088734129284,2492.045891922865,0.0,0.150375,0.098375,0.39580163276793545,58.5562207866709,0.004052240662039035,0.2960916529984404,1.245723648356063,208.93595155016848,0.010732297207283562,0.7896237500113026,1.414017424499972,179.99413359104733,0.0011610620288523101,0.10055545907914856,5.765000000000001,E_tau2,,
circle,none,C2,0.25,chandra20,0,10000,580.003118665363,597.6613903153693,19849.613439667293,37.88021528052734,11.278315219380701,6.789793480276723,4.488521739103992,47.34179945070374,44.552905000310915,6.343843825936956,30.279191497415606,0.0,0.0,0.0,0.028834497781203887,2.0814778139726866,0.028075035894219082,2.1164091164717846,0.26983779187055007,20.204041432070273,0.10807395612137481,8.285566252443806,0.07744024961582245,4.043213563625559,0.026984451978246414,2.24090241569264,nan,E_tau2,,
circle,l2,C2,0.25,chandra20,0,10000,577.659113803938,597.2424090349529,19767.339161012656,49.11711200983163,10.778448597494398,6.538533218462091,4.239915379032238,48.41606561109174,44.46047588703101,7.836698175811111,31.421927556817106,0.0,0.0,0.0,0.02992416152140174,2.1492536167874037,0.028742759121830365,2.143658009166558,0.2796822670140102,20.924589861717703,0.11123992269404526,8.42164309881475,0.07744024961582245,4.043213563625559,0.026839201070673183,2.211291137043659,nan,E_tau2,0.11252916256742428,0.04746138927938038
circle,noise,C2,0.25,chandra20,0,10000,580.0037974564963,597.663932575258,19849.67951575313,37.89268503815721,11.281004991599444,6.791796517879487,4.489208473719977,47.40185152529995,44.552979154881584,52.074160555426865,30.282316224214945,0.0,0.0,0.0,0.02883443798940854,2.0814078863083445,0.02807033044056877,2.1159372949146573,0.2698352072235982,20.202962189619758,0.10805583898818323,8.283515246087303,0.07749631978604009,4.0502196886537885,0.026934260179583547,2.237341277746721,nan,E_tau2,,
line,none,C2,0.25,chandra20,0,8000,-306.4199983893009,335.5813136700499,6210.0327794700315,25.61664255598206,0.8929696344845588,3.0149317581090833,-2.1219621236245234,33.14934037741042,27.861336964218964,12.725344540437394,29.378321705492905,0.0,0.0,0.0,0.028085655070504006,2.9194817228003918,0.003724749594213876,0.7048707901175004,0.13539683693629237,15.611127248515647,0.010903903003463434,1.997848517431507,0.11520555046337619,12.499229957258414,0.0024759936825047703,0.34980640870187224,5.236000000000001,E_tau2,,
large,none,C2,0.25,chandra20,0,8000,-348.9310260270759,513.709524342251,13159.268785238703,2716.681104087392,44.057186703887375,30.081896296958632,13.975290406928666,109.15600501508652,40.557472778204975,23189.292635605096,4199.377992719196,0.0,0.073125,0.429,0.6649711456755766,58.12399773811101,0.5656229260535548,43.291538247288166,5.083851357661619,415.71210920282095,1.696867879984854,129.87435041263691,1.414017424499972,167.15749928924043,0.5664917363058809,43.42844313169009,nan,E_tau2,,
circle,none,C2abl,0.25,ctc-abl,0,10000,579.6877821230636,597.362636894586,19816.273100986524,38.02916295129775,11.30145192872287,6.784357839579592,4.517094089143289,47.36968789726517,44.51547270442775,6.481319677022994,30.46006962698763,0.0,0.0,0.0,0.028743165077083393,2.080890015525518,0.027924101137170195,2.1143695818638406,0.2693316381853038,20.19274918490317,0.10772422942355547,8.276015813755272,0.07744024961582245,4.043213563625559,0.026357111582311167,2.243146135901672,nan,E_tau2,,
circle,l2,C2abl,0.25,ctc-abl,0,10000,577.3019915402651,596.8487133904694,19728.711296446236,48.831841114658566,10.813362364567181,6.5686027055411556,4.2447596590260215,48.36209266524941,44.41701396587375,7.899212362168683,31.451539907336347,0.0,0.0,0.0,0.02980792111692414,2.149292074455555,0.028591571370670255,2.1409120584302275,0.2783492292623423,20.91682501637144,0.11082370629416476,8.408956336287595,0.07744024961582245,4.043213563625559,0.026197130646431022,2.213422071907759,nan,E_tau2,0.11241392865662668,0.047290846452969305
circle,noise,C2abl,0.25,ctc-abl,0,10000,579.6883879278549,597.3674282347233,19816.369346188356,38.07037797732215,11.304151720627976,6.786362076095409,4.517789644532573,47.50542895347416,44.515580807385135,106.27882483808212,30.48109732390906,0.0,0.0,0.0,0.028743246130134868,2.0808245615691123,0.027919454700247617,2.113908142272301,0.2693300974508017,20.191706850607737,0.10770631600123352,8.274007671460982,0.07749631921754041,4.0502196886537885,0.026306669972030152,2.239575644051251,nan,E_tau2,,
line,none,C2abl,0.25,ctc-abl,0,8000,-306.3126054464218,335.6500716514183,6211.6901623175,26.163362808038514,0.9612483943192083,3.0874436368775715,-2.1261952425583632,33.07539927495869,27.86505464357979,13.923667821620556,29.614663044523677,0.0,0.0,0.0,0.026702228468620633,2.840386907228905,0.003741590011961507,0.7085377878202593,0.12942215365871743,15.337082865586355,0.010959160660292276,2.008250049843722,0.11520555046337619,12.499229957258414,0.0024965010473512626,0.3515589145481155,5.24,E_tau2,,
large,none,C2abl,0.25,ctc-abl,0,8000,58.723061535222314,507.4089537358551,14033.664785432202,4616.766956856713,72.9164085038152,50.407302125250176,22.509106378565452,110.683054214272,41.883267520323976,34498.06814843635,2283.554279353766,0.0,0.121875,0.096375,0.391649044456025,60.907043308129865,0.0055358075807725475,0.2982996825761381,1.3738394898828603,220.46031985653877,0.015494305462637175,0.8537025308597875,1.414017424499972,179.96476332348868,0.0024145366836348277,0.17230402480939366,6.4110000000000005,E_tau2,,
circle,none,C3,0.25,hinf-vel,0,10000,579.25993283754,597.8710417426294,19861.613403632324,39.15091189295762,11.789740387354316,7.0795464161513655,4.710193971203024,48.23672338586463,44.56637006043046,7.64445519666095,31.384972674799666,0.0,0.0,0.0,0.02746242530765866,1.7644425823818284,0.021164228195980836,1.4734666212897012,0.23679434295974444,16.591133921450318,0.08085758974971918,5.745981948500452,0.07744024961582245,4.043213563625559,0.024123752226954436,1.6651065963081286,nan,E_tau2,,
circle,l2,C3,0.25,hinf-vel,0,10000,578.1271299504291,598.556947995971,19821.19150544809,54.2935423331323,11.285153076129134,6.571542653639948,4.713610422489165,48.953156097049074,44.52099673799778,9.788077624215086,32.92258702465429,0.0,0.0,0.0,0.02859857938365589,1.7551718967620593,0.021750003905199863,1.5006212686845737,0.24671354149082442,16.430169093621437,0.08336009464221342,5.865691254320658,0.07744024961582245,4.043213563625559,0.024114154038981896,1.6513731380558614,nan,E_tau2,0.054323258114145664,0.037806259604820994
circle,noise,C3,0.25,hinf-vel,0,10000,579.2614157681326,598.0483237773517,19863.7051799074,41.149545234517745,11.794130533037114,7.0833608902676,4.710769642769529,49.00703985146431,44.5687168088867,765.9739001489278,31.778086195534367,0.0,0.0,0.0,0.027463192687301373,1.7644894142311975,0.021151811810768115,1.4723374635905468,0.23676635134084864,16.588904342042852,0.08081137327607818,5.741611402217599,0.07749632472227315,4.0502196886537885,0.024059416923462053,1.6597278942079419,nan,E_tau2,,
line,none,C3,0.25,hinf-vel,0,8000,-305.50884221372473,333.67902136752105,6122.594587849693,22.20807903966594,0.1739446238383998,2.2268014571420385,-2.05285683330364,31.951810857693726,27.664495720710537,14.702897059202998,28.039346090858146,0.0,0.0,0.0,0.03375243116004855,3.2261944146921366,0.0056336251052120515,0.6781634243508725,0.18226894494804405,15.522735298232579,0.016016131534958216,1.9833110617929213,0.11520555046337619,12.499229957258414,0.002878008010445648,0.4231761376451575,6.497000000000001,E_tau2,,
large,none,C3,0.25,hinf-vel,0,8000,255.2379972684882,534.3563114719709,18274.244471693262,3982.3271666582864,66.0010390519216,60.475719744953594,5.525319306968315,110.66918937965141,47.794147748041894,35597.54807079875,2972.981594334244,0.0,0.06425,0.308625,0.506423946847183,66.69868487747368,0.21685582030485148,30.029190980792723,3.274632377283214,438.50427217743186,0.6456952809293722,89.88430234615797,1.414017424499972,167.15749928924043,0.17390121131989292,26.837743992807532,nan,E_tau2,,
