law,scale,gamma_R,gamma_T,ratio_T_R,rms_match_pct,cmd_rms,cmd_peak,input_energy,p_int,p_rms,theta_int_deg_s,theta_rms_deg,t5_s,t2_s,joint_speed_peak,joint_jitter_rms,joint_jitter_peak
FA,0.05,0.1767766952966369,0.3535533905932738,2.0,0,0.5956600049621106,1.1521754063520495,1.774054207557308,0.029465298531490755,0.01842377203320376,3.156014815486088,1.9966530215423304,0.23,0.45,0.7418295008682494,0.28114906309286203,2.272034870894857
log,0.05,0.47358398437500004,0.23679199218750002,0.5,0.012311640220373982,0.5957333404788582,1.5432688633215728,1.7744910647904957,0.019966645423547872,0.015178006487096716,4.2221678270093,2.3042362863868484,0.31,0.61,0.9277289327131761,0.6190241121957878,9.227513318337177
FA,0.05,0.1767766952966369,0.3535533905932738,2.0,0,0.5956600049621106,1.1521754063520495,1.774054207557308,0.029465298531490755,0.01842377203320376,3.156014815486088,1.9966530215423304,0.23,0.45,0.7418295008682494,0.28114906309286203,2.272034870894857
log,0.05,0.464970703125,0.464970703125,1.0,0.0013793030361464811,0.5956682209186441,1.1515611759069724,1.7741031470619129,0.03917101908423631,0.021166266448306204,4.144554013479189,2.282641958256745,0.3,0.6,0.7417233744689885,0.2618151750782819,0.931960980703786
FA,0.05,0.1767766952966369,0.3535533905932738,2.0,0,0.5956600049621106,1.1521754063520495,1.774054207557308,0.029465298531490755,0.01842377203320376,3.156014815486088,1.9966530215423304,0.23,0.45,0.7418295008682494,0.28114906309286203,2.272034870894857
log,0.05,1.498564453125,2.99712890625,2.0,6.661695478121225,0.6353410605776482,1.264430485045557,2.0182913162796545,0.23828559987184883,0.05552563116131202,13.209139050379527,4.077033946773732,0.97,1.94,0.8069727740821466,0.29315626070575784,0.7066689876723431
FA,0.05,0.1767766952966369,0.3535533905932738,2.0,0,0.5956600049621106,1.1521754063520495,1.774054207557308,0.029465298531490755,0.01842377203320376,3.156014815486088,1.9966530215423304,0.23,0.45,0.7418295008682494,0.28114906309286203,2.272034870894857
log,0.05,1.498564453125,5.9942578125,4.0,9.040103685912833,0.6495082870261989,1.2878274149286169,2.1093050745785358,0.3624289678384917,0.07567714004727491,13.198033027480312,4.076248862812743,0.97,1.94,0.8074088474568969,0.3045338752087829,0.725284880722521
FA,0.08,0.1767766952966369,0.3535533905932738,2.0,0,0.6051678361913789,1.1520113177755025,1.8311405498027782,0.04659802363356979,0.02937377429041902,5.048669196063059,3.2052722270356533,0.35000000000000003,0.5700000000000001,0.7540551089282507,0.4173560849126625,6.4172610254118245
log,0.08,0.599912109375,0.2999560546875,0.5,0.027717749628031925,0.6053355750970438,2.1267370758576303,1.8321557923903442,0.0403250383414718,0.02721457011743169,8.547529782611377,4.153691916499765,0.59,0.97,1.2544677764766985,0.7621883203038502,11.503777443791874
FA,0.08,0.1767766952966369,0.3535533905932738,2.0,0,0.6051678361913789,1.1520113177755025,1.8311405498027782,0.04659802363356979,0.02937377429041902,5.048669196063059,3.2052722270356533,0.35000000000000003,0.5700000000000001,0.7540551089282507,0.4173560849126625,6.4172610254118245
log,0.08,0.398935546875,0.398935546875,1.0,-0.0038344247154508686,0.605144631486298,1.1522663574713885,1.831000125083437,0.05316791271059407,0.03131603523261628,5.6852658820459006,3.395919686198172,0.39,0.64,0.74199406467099,0.30694166205908924,1.9727139348466094
FA,0.08,0.1767766952966369,0.3535533905932738,2.0,0,0.6051678361913789,1.1520113177755025,1.8311405498027782,0.04659802363356979,0.02937377429041902,5.048669196063059,3.2052722270356533,0.35000000000000003,0.5700000000000001,0.7540551089282507,0.4173560849126625,6.4172610254118245
log,0.08,1.498564453125,2.99712890625,2.0,10.431102829422459,0.6682935154750925,1.3318326923394106,2.2330811141302886,0.3800551608065872,0.08863296004845049,21.13277304054509,6.538382754536377,1.47,2.46,0.8378471839021862,0.3280495972000141,0.8492737120197685
FA,0.08,0.1767766952966369,0.3535533905932738,2.0,0,0.6051678361913789,1.1520113177755025,1.8311405498027782,0.04659802363356979,0.02937377429041902,5.048669196063059,3.2052722270356533,0.35000000000000003,0.5700000000000001,0.7540551089282507,0.4173560849126625,6.4172610254118245
log,0.08,1.498564453125,5.9942578125,4.0,13.748336259604557,0.6883683452459426,1.33304833880525,2.3692548936831863,0.5783826787040002,0.12081191667475989,21.11319573028902,6.537195928339803,1.47,2.45,0.7990052824577021,0.3401684988378861,1.1112362057359493
FA,0.12,0.1767766952966369,0.3535533905932738,2.0,0,0.6329643048620637,2.1055243001659316,2.003219056147578,0.06915197163376012,0.043789827200599,7.5981697060359705,4.830784419525862,0.45,0.67,1.5144937487844743,0.8643540587962775,16.297175401741516
log,0.12,0.7520800781249999,0.37604003906249994,0.5,-0.04610017595881455,0.6326725072037658,2.8921355952981886,2.0013725068574955,0.07598643456355998,0.04550370530896643,16.093173907720168,6.990344673394378,0.9500000000000001,1.43,1.6370243651901202,0.9542081177060742,14.353573949067977
FA,0.12,0.1767766952966369,0.3535533905932738,2.0,0,0.6329643048620637,2.1055243001659316,2.003219056147578,0.06915197163376012,0.043789827200599,7.5981697060359705,4.830784419525862,0.45,0.67,1.5144937487844743,0.8643540587962775,16.297175401741516
log,0.12,0.29557617187500007,0.29557617187500007,1.0,0.01121553952097974,0.6330352952238292,1.5217706983807464,2.003668424995603,0.05853896923664279,0.04039539190657491,6.327642644933689,4.411934924793795,0.37,0.56,0.7509954616620216,0.5152269333212175,5.932989420721446
FA,0.12,0.1767766952966369,0.3535533905932738,2.0,0,0.6329643048620637,2.1055243001659316,2.003219056147578,0.06915197163376012,0.043789827200599,7.5981697060359705,4.830784419525862,0.45,0.67,1.5144937487844743,0.8643540587962775,16.297175401741516
log,0.12,1.498564453125,2.99712890625,2.0,13.974686292002383,0.7214190808068907,1.4154753925606145,2.602227450761295,0.5699184131815533,0.13285069799165836,31.744945302572017,9.83536570290097,1.9000000000000001,2.89,0.8630300143716424,0.3889813351462535,1.7239984124287455
FA,0.12,0.1767766952966369,0.3535533905932738,2.0,0,0.6329643048620637,2.1055243001659316,2.003219056147578,0.06915197163376012,0.043789827200599,7.5981697060359705,4.830784419525862,0.45,0.67,1.5144937487844743,0.8643540587962775,16.297175401741516
log,0.12,1.498564453125,5.9942578125,4.0,15.471363305505895,0.7308925120614435,1.3188214821028152,2.6710193209374364,0.8679684076899394,0.18126580318791352,31.718367962329417,9.8339328090029,1.9000000000000001,2.88,0.7280440985507322,0.40474039685355506,2.5301225815851147
