law,scale,source,stationary,gamma_R,gamma_H,ratio_H_R,qdot_rms,qdot_peak,joint_peak,input_energy,actual_qdot_rms,position_rms_m,position_integral_m_s,position_end_m,angle_rms_deg,angle_integral_deg_s,angle_end_deg,t5_s,t2_s,slew_rms,slew_peak,log_R_L2,log_H_L2,external_R_L2,external_H_L2,control_R_L2,control_H_L2,rms_difference_pct
FA,0.05,none,0,0.1767766952966369,0.3535533905932738,2.0,0.5956600049621106,1.1521754063520495,0.7418295008682494,1.774054207557308,0.5956600049621106,0.01842377203320376,0.029465298531490755,3.7219355195020496e-07,1.9966530215423304,3.156014815486088,3.16190686852064e-05,0.23,0.45,0.28114906309286203,2.272034870894857,0.07792287532504188,0.04123771077338871,0.0,0.0,0.0,0.0,0.0
log,0.05,none,0,0.4727690168816915,0.23638450844084574,0.5,0.5956400307091736,1.5459291771579955,0.9293281680601752,1.7739352309161263,0.5956400307091736,0.015146708088034465,0.01972843231772402,1.1804888979463334e-08,2.3022811997630455,4.213905136012357,0.00019759395591469433,0.31,0.61,0.6197648191439421,9.240410547485356,0.089850549372742,0.03391367911452127,0.0,0.0,0.0,0.0,-0.0033532976480898924
log,0.05,none,0,0.4483415334908146,0.4483415334908146,1.0,0.5956636229903642,1.151486763085355,0.7418755663794768,1.7740757587700342,0.5956636229903643,0.020732700939613203,0.03739776175634751,1.6338394135906929e-06,2.242122696114765,3.9958091928542476,0.00014603490944411322,0.29,0.58,0.2634532756120057,0.9638878935974704,0.0875027585803764,0.04640527392842266,0.0,0.0,0.0,0.0,0.0006073982177001724
FA,0.08,none,0,0.1767766952966369,0.3535533905932738,2.0,0.6051678361913789,1.1520113177755025,0.7540551089282507,1.8311405498027782,0.6051678361913789,0.02937377429041902,0.04659802363356979,3.721176494229256e-07,3.2052722270356533,5.048669196063059,3.162574550640152e-05,0.35000000000000003,0.5700000000000001,0.4173560849126625,6.4172610254118245,0.12509135309708763,0.06585018839702976,0.0,0.0,0.0,0.0,0.0
log,0.08,none,0,0.598317637450741,0.2991588187253705,0.5,0.6052125765186274,2.1324046717055207,1.2578108396329213,1.831411313881577,0.6052125765186274,0.027120824151910382,0.039533200380608265,1.0471260345851084e-07,4.14824095386596,8.522847656195156,0.000725438691590507,0.59,0.97,0.7634390943015414,11.519819568069444,0.16189235644791128,0.060848374824690236,0.0,0.0,0.0,0.0,0.007393044470105359
log,0.08,none,0,0.3927011546560395,0.3927011546560395,1.0,0.6051742714976374,1.1521356371788698,0.7421181946775228,1.8311794944134803,0.6051742714976374,0.03101000235681106,0.05193882782314455,7.472334360269274e-07,3.3697804708567816,5.595830416279157,6.472594117211377e-05,0.38,0.63,0.3095301477993804,2.007203810709207,0.13151157495582264,0.06951691229485407,0.0,0.0,0.0,0.0,0.0010633919837799155
FA,0.12,none,0,0.1767766952966369,0.3535533905932738,2.0,0.6329643048620637,2.1055243001659316,1.5144937487844743,2.003219056147578,0.6329643048620637,0.043789827200599,0.06915197163376012,3.7204005241447584e-07,4.830784419525862,7.5981697060359705,3.163514263033609e-05,0.45,0.67,0.8643540587962775,16.297175401741516,0.188529808626485,0.09848919235669192,0.0,0.0,0.0,0.0,0.0
log,0.12,none,0,0.7487079423640155,0.37435397118200775,0.5,0.6330445511953807,2.9051616009202577,1.6443974249522897,2.003727018990805,0.6330445511953807,0.04523532187517868,0.07363987878064235,5.517905854910453e-07,6.974871618037727,16.01830869802096,0.0035372943571621972,0.9500000000000001,1.43,0.9572272622384423,14.384650584863644,0.2722065604972739,0.10191905037312861,0.0,0.0,0.0,0.0,0.012677860773613325
log,0.12,none,0,0.29528126667914606,0.29528126667914606,1.0,0.6329586954508671,1.5232905309488534,0.7517455006543281,2.0031835507343185,0.6329586954508671,0.04032804217173376,0.05822823272874704,9.384461645793092e-08,4.409799098956625,6.321010806059392,7.801428025936779e-06,0.37,0.56,0.5166879250990399,5.933031266050004,0.17210012039600342,0.09070319864184638,0.0,0.0,0.0,0.0,-0.0008862128801689906
