scale,ratio_H_R,status,gamma_R,gamma_H,rms_difference_pct
0.05,0.5,MATCH,0.4727690168816915,0.23638450844084574,-0.0033532976480898924
0.05,1.0,MATCH,0.4483415334908146,0.4483415334908146,0.0006073982177001724
0.05,2.0,NO_MATCH,,,
0.08,0.5,MATCH,0.598317637450741,0.2991588187253705,0.007393044470105359
0.08,1.0,MATCH,0.3927011546560395,0.3927011546560395,0.0010633919837799155
0.08,2.0,NO_MATCH,,,
0.12,0.5,MATCH,0.7487079423640155,0.37435397118200775,0.012677860773613325
0.12,1.0,MATCH,0.29528126667914606,0.29528126667914606,-0.0008862128801689906
0.12,2.0,NO_MATCH,,,
