law,axis,scenario,steps,aborted,bw,bv,po,pt,eta_min,omega_max,sigma_min,IAE_p,IAE_a_deg,IAE_omega,IAE_v,E_nongrav,tau_peak,tau_nongrav_peak,max_coupling,tau_ext_peak,tau_slew_rms,sat_steps,qdd_sat_steps,gov_steps,max_d_gap,W0_rot,W0_trans,E_out_rot,E_out_trans,E_d_rot,E_d_trans,max_prefix_rot,max_prefix_trans,final_prefix_rot,final_prefix_trans,max_supply_rot,max_supply_trans,ratio_rot,ratio_trans,domain_ok,profile,gwxi,gwz,gvxi,gvz
C1,rot,setpoint,800,0,10.0,6.666666666666667,77.29166666666666,14.805555555555554,0.9999729465305444,0.034439830851910574,0.12028549033708959,5.0053238630539255e-06,0.7407289310103261,0.02939850121381854,1.350226022158167e-05,0.746381333030773,32.232719607288686,1.2917767550697143,4.403053723919306e-15,1.2334801210279251,1.5053726125300397,0,0,0,1.9006041795370414e-12,1.860729191061626e-32,2.1296505340601967e-30,0.02729510916836304,3.908338318409922e-09,0.09374058964781613,1.0491169776943405e-08,-1.1447559449833472e-33,1.9045950229685026e-29,-0.06644536877650112,-6.582831039066514e-09,-7.011976538241457e-32,-1.2728725771836684e-30,0.5396082455217072,0.6103572641765711,1,base,0.2,0.05,0.3,0.1
C1,trans,setpoint,800,0,10.0,6.666666666666667,77.29166666666666,14.805555555555554,0.9999997388185676,0.004156501754623721,0.11948636651751407,0.016630711232012468,0.06596792606910731,0.0028888989379036644,0.04124762632309442,9.194451736767771,32.241425317670895,4.375307737166015,1.2776406784427658e-07,4.1990964062283,6.106238043940511,0,0,0,2.368886188513488e-11,1.860729191061626e-32,2.1296505340601967e-30,0.00026953307464117277,0.03707795843191467,0.0009714117553622494,0.09008494406158234,2.220446049250316e-13,1.1959664267945768e-30,-0.0007018773108462794,-0.05300698360335216,-7.011976538241457e-32,-1.2728725771836684e-30,0.5267497708778227,0.6415519066501933,1,base,0.2,0.05,0.3,0.1
C1,mixed,setpoint,800,0,10.0,6.666666666666667,77.29166666666666,14.805555555555554,0.9999770061986627,0.031493950115007045,0.11918022744051329,0.01669219024526313,0.6805430866297248,0.027173495462697515,0.041474981868085986,7.844106521893014,32.21732324253831,3.1197658268458213,4.4127057263725475e-07,2.9984818154214556,5.50163113958163,0,0,0,2.8499511465447258e-11,1.860729191061626e-32,2.1296505340601967e-30,0.0231120370601769,0.0373498787520173,0.07948144508435447,0.09076743389492901,-1.1447559449833472e-33,1.1959664267945768e-30,-0.056369311992450793,-0.05341755297497288,-7.011976538241457e-32,-1.2728725771836684e-30,0.5392451345951508,0.641474754723713,1,base,0.2,0.05,0.3,0.1
C1,rot,setpoint,800,0,13.333333333333332,6.666666666666667,113.10185185185183,14.805555555555554,0.9999861219780338,0.025435786445658717,0.12028593700151227,3.861327862753316e-06,0.5062814311438916,0.021060321736640665,1.0396706163893657e-05,0.7423076509670027,32.232196897704746,1.303308776252466,2.3069849558429552e-15,1.2334801210279251,1.5485316532633313,0,0,0,1.9179770065440433e-12,3.6304373874521727e-32,2.1296505340601967e-30,0.02018353627327933,2.3204644396491104e-09,0.09374262610588953,6.2135731097508e-09,-1.6576856267719593e-33,1.9093102671179536e-29,-0.07355901843086107,-3.8931084350118326e-09,-1.3257158961111108e-31,-1.2820758595386174e-30,0.46401291857405214,0.6111062878967799,1,gwxi_0.75,0.15000000000000002,0.05,0.3,0.1
C1,trans,setpoint,800,0,13.333333333333332,6.666666666666667,113.10185185185183,14.805555555555554,0.9999998620412301,0.0031305677854384433,0.11949030421704963,0.016631082908340998,0.04498404535508432,0.002100249109923572,0.04124830332024488,9.209319944154329,32.24278888364822,4.3906580848163586,9.182661725152877e-08,4.1990964062283,6.11836631886693,0,0,0,2.371961275354946e-11,3.6304373874521727e-32,2.1296505340601967e-30,0.0002129783291291886,0.03707933666398828,0.000969716105956968,0.0900879221257563,7.881606727687127e-13,1.2218828252337522e-30,-0.0007567369488827878,-0.053008583434809,-1.3257158961111108e-31,-1.2820758595386174e-30,0.46864652744440477,0.6415532258911882,1,gwxi_0.75,0.15000000000000002,0.05,0.3,0.1
C1,mixed,setpoint,800,0,13.333333333333332,6.666666666666667,113.10185185185183,14.805555555555554,0.9999883195167183,0.02311623508163821,0.11922256319815307,0.01666947521467219,0.46264042282578577,0.01937595357794247,0.04141532710772361,7.889976197494316,32.218845173217886,3.1455227872318545,2.5651001643045147e-07,2.9984818154214556,5.577647982802088,0,0,0,2.8543806647328107e-11,3.6304373874521727e-32,2.1296505340601967e-30,0.016931845982450112,0.03725019793866557,0.07867146290134534,0.09052381692556126,-1.6576856267719593e-33,1.2218828252337522e-30,-0.06173955667885585,-0.0532736168259899,-1.3257158961111108e-31,-1.2820758595386174e-30,0.46392047635805833,0.6414796204855929,1,gwxi_0.75,0.15000000000000002,0.05,0.3,0.1
C1,rot,setpoint,800,0,8.0,6.666666666666667,67.91666666666666,14.805555555555554,0.9999604689301398,0.04132104446034881,0.12028500308433289,5.826685226701504e-06,0.8435784562651034,0.03556545225798339,1.5740992536950535e-05,0.7636203877918865,32.23360941204481,1.2929456258601952,7.357054462261863e-15,1.2334801210279251,1.4894903283123349,0,0,0,1.9012219321757544e-12,1.3080274205629975e-32,2.1296505340601967e-30,0.03204673045792092,5.309220727114947e-09,0.09373913295843189,1.428443478346089e-08,-9.251082728869058e-34,1.9009297079991648e-29,-0.061692402208980916,-8.975213475042577e-09,-6.149223376822848e-32,-1.2730086503815273e-30,0.584697716443623,0.6096546074319907,1,gwxi_1.25,0.25,0.05,0.3,0.1
C1,trans,setpoint,800,0,8.0,6.666666666666667,67.91666666666666,14.805555555555554,0.9999996195643778,0.0049404799200155535,0.11948301421369853,0.016630442285325172,0.07525872022066861,0.003489841954536215,0.04124714071564623,9.18525673243863,32.2448733960921,4.3635448659452045,1.551341044082059e-07,4.1990964062283,6.0974250104282195,0,0,0,2.3667179879455074e-11,1.3080274205629975e-32,2.1296505340601967e-30,0.0003076851082712513,0.03707697816836308,0.0009726147403685228,0.09008283965576497,1.7041060287918463e-13,1.184007156037366e-30,-0.0006649296291599633,-0.053005859461541946,-6.149223376822848e-32,-1.2730086503815273e-30,0.5624485675111982,0.6415509193850261,1,gwxi_1.25,0.25,0.05,0.3,0.1
C1,mixed,setpoint,800,0,8.0,6.666666666666667,67.91666666666666,14.805555555555554,0.9999661626914896,0.03792549237108617,0.1191457450170899,0.016708735253444282,0.778104260964443,0.032994396994663555,0.04151876077333893,7.835872256162385,32.21553659229339,3.1002085639383665,6.069194915857914e-07,2.9984818154214556,5.4528809879134945,0,0,0,2.8465825209068216e-11,1.3080274205629975e-32,2.1296505340601967e-30,0.02732852599726171,0.03742248211695538,0.08006874091603387,0.09094538089598758,-9.251082728869058e-34,1.184007156037366e-30,-0.05274021468199866,-0.053522896605891365,-6.149223376822848e-32,-1.2730086503815273e-30,0.584220247515114,0.6414694407605964,1,gwxi_1.25,0.25,0.05,0.3,0.1
C1,rot,setpoint,800,0,10.0,6.666666666666667,92.8472222222222,14.805555555555554,0.9999767229003663,0.032749114864251555,0.12028548533847636,4.8017658971421675e-06,0.6170395605532547,0.027289909294297893,1.2953909047271912e-05,0.7654679955815019,32.23326933075259,1.3127779148796646,4.893691862578342e-15,1.2334801210279251,1.5470052062766595,0,0,0,1.931465884232664e-12,2.2352155691369215e-32,2.1296505340601967e-30,0.03141340957441874,3.6000618480142684e-09,0.09374091611073447,9.66842866610161e-09,-9.411171824916082e-34,1.9046232219574854e-29,-0.062327505336443774,-6.06836644314576e-09,-9.146728729868386e-32,-1.2829454973291323e-30,0.5788858601693895,0.6102067849143183,1,gwz_0.75,0.2,0.037500000000000006,0.3,0.1
C1,trans,setpoint,800,0,10.0,6.666666666666667,92.8472222222222,14.805555555555554,0.9999997689429734,0.003988907476347607,0.1194865596486614,0.016630751773658206,0.05495769177373137,0.0027196486892254682,0.04124769384123754,9.205736085098847,32.24473602519578,4.379040782869684,1.2090539589553203e-07,4.1990964062283,6.1144229082349755,0,0,0,2.3693415711052854e-11,2.2352155691369215e-32,2.1296505340601967e-30,0.00030772182630836,0.03707811247004923,0.0009711957058463991,0.09008529150098234,2.220446049250316e-13,1.1965121612679927e-30,-0.0006634738688232234,-0.053007177004529116,-9.146728729868386e-32,-1.2829454973291323e-30,0.562892904060506,0.6415520021261636,1,gwz_0.75,0.2,0.037500000000000006,0.3,0.1
C1,mixed,setpoint,800,0,10.0,6.666666666666667,92.8472222222222,14.805555555555554,0.9999802459922352,0.029887828752031557,0.11918573811329561,0.01668806052164919,0.566433494700332,0.025216130757685595,0.04146476661712912,7.88327703778845,32.21775815735963,3.1180560252816214,3.914136014540555e-07,2.9984818154214556,5.527387070162345,0,0,0,2.854012036769425e-11,2.2352155691369215e-32,2.1296505340601967e-30,0.026551610283715103,0.03733301428811416,0.07934983176842984,0.09072779018903472,-9.411171824916082e-34,1.1965121612679927e-30,-0.05279822048684611,-0.05339477373444939,-9.146728729868386e-32,-1.2829454973291323e-30,0.5784587933748153,0.6414700168643684,1,gwz_0.75,0.2,0.037500000000000006,0.3,0.1
C1,rot,setpoint,800,0,10.0,6.666666666666667,70.09166666666665,14.805555555555554,0.9999708862691201,0.03528144136490043,0.12028558408797835,5.103487163830983e-06,0.8159325878122788,0.03046449603545851,1.3766620270661934e-05,0.7364651303302764,32.2324414589889,1.2811407642343848,4.1023576067871095e-15,1.2334801210279251,1.4854202633398639,0,0,0,1.8848818678990044e-12,1.6873954960667747e-32,2.1296505340601967e-30,0.02430536513227769,4.061551507411395e-09,0.0937404332876844,1.0900202443785178e-08,-1.248995844073171e-33,1.905594483752854e-29,-0.06943446336742322,-6.838650493111163e-09,-6.049540691949897e-32,-1.2732153162532908e-30,0.5091990638872372,0.6104199242189459,1,gwz_1.25,0.2,0.0625,0.3,0.1
C1,trans,setpoint,800,0,10.0,6.666666666666667,70.09166666666665,14.805555555555554,0.9999997228028259,0.004238819534163389,0.11948654485440241,0.016630692827207368,0.07265082620120182,0.0029725544952187047,0.041247595797616984,9.188687804436421,32.23893810894475,4.37351646132355,1.3111031857358848e-07,4.1990964062283,6.102176589482793,0,0,0,2.368143421099497e-11,1.6873954960667747e-32,2.1296505340601967e-30,0.00024295503708279204,0.03707788632450541,0.0009715141817672574,0.09008477966747483,3.316795259610881e-13,1.2056698349817419e-30,-0.0007285518394456909,-0.05300689131670299,-6.049540691949897e-32,-1.2732153162532908e-30,0.5000787282582525,0.6415518681979048,1,gwz_1.25,0.2,0.0625,0.3,0.1
C1,mixed,setpoint,800,0,10.0,6.666666666666667,70.09166666666665,14.805555555555554,0.9999752379601575,0.03229477605256103,0.11917783483106406,0.0166941889698638,0.7499326790419065,0.02816280068163268,0.041479912148026654,7.824928755108207,32.217485201043125,3.1208978640555323,4.672270549529227e-07,2.9984818154214556,5.490163370165857,0,0,0,2.847433512125475e-11,1.6873954960667747e-32,2.1296505340601967e-30,0.02060095952007192,0.037358008228979896,0.07954461204701836,0.09078648468420558,-1.248995844073171e-33,1.2056698349817419e-30,-0.05894313097864114,-0.05342847428664446,-6.049540691949897e-32,-1.2732153162532908e-30,0.5089069012487293,0.6414772468557094,1,gwz_1.25,0.2,0.0625,0.3,0.1
C1,rot,setpoint,800,0,10.0,8.88888888888889,77.29166666666666,15.189043209876543,0.999972946524924,0.03443983221295189,0.12028546385444011,4.835688867493474e-06,0.7407290163737622,0.029398504262970325,1.105523072331589e-05,0.7463707853390958,32.23279416312676,1.2917390642322595,2.3775951504633267e-15,1.2334801210279251,1.5053187593283281,0,0,0,1.899867827502214e-12,1.860729191061626e-32,3.828400001386052e-30,0.027295114511390127,3.4978514922209755e-09,0.09374060771034022,1.0491452819295558e-08,-1.1450941328618702e-33,3.346676256607817e-29,-0.06644538149576296,-6.993524619586979e-09,-6.774783180447777e-32,-4.254543377367299e-30,0.539608246348409,0.5774080939593125,1,gvxi_0.75,0.2,0.05,0.22499999999999998,0.1
C1,trans,setpoint,800,0,10.0,8.88888888888889,77.29166666666666,15.189043209876543,0.9999998115842287,0.003516062991732882,0.11971170483330523,0.016141069207236833,0.05618319542229016,0.0024544146484843793,0.034036342542314,8.763731929528793,32.18146925649836,4.325439288998346,6.297254530958988e-08,4.1990964062283,5.743939616373011,0,0,0,2.3775236359787743e-11,1.860729191061626e-32,3.828400001386052e-30,0.00019438658118791553,0.03282016857330757,0.0006989364040498335,0.0905845296212581,6.557040523906131e-13,1.009676013849074e-30,-0.0005045488317913924,-0.05776381296478383,-6.774783180447777e-32,-4.254543377367299e-30,0.5273686512722389,0.6019263936129927,1,gvxi_0.75,0.2,0.05,0.22499999999999998,0.1
C1,mixed,setpoint,800,0,10.0,8.88888888888889,77.29166666666666,15.189043209876543,0.9999773130587836,0.03131661639915652,0.11943272414648846,0.016083069702420592,0.6762762165076598,0.02697636160902079,0.03398224006981812,7.516322760300354,32.18146925649836,3.074963905747449,2.838604538319119e-07,2.9984818154214556,5.199246823422171,0,0,0,2.87840112272069e-11,1.860729191061626e-32,3.828400001386052e-30,0.022810541830499735,0.032596608785120496,0.07841839809486252,0.08999860773667007,-1.1450941328618702e-33,1.009676013849074e-30,-0.05560776268543065,-0.05740144346948076,-6.774783180447777e-32,-4.254543377367299e-30,0.5393352643528719,0.6018223533492792,1,gvxi_0.75,0.2,0.05,0.22499999999999998,0.1
C1,rot,setpoint,800,0,10.0,5.333333333333333,77.29166666666666,17.86805555555555,0.9999729465335989,0.03443983005842366,0.12028549610764096,4.689387485932305e-06,0.740728888157674,0.029398499599972365,1.5430617742336877e-05,0.7463776093762926,32.23268779629883,1.291794119867204,5.8770988510123375e-15,1.2334801210279251,1.5054033194749643,0,0,0,1.900457439317868e-12,1.860729191061626e-32,1.6420906690277653e-30,0.027295106336563204,3.6366913751762947e-09,0.09374057987605905,1.0491022031745251e-08,-3.3607701738892896e-33,1.521899964456166e-29,-0.06644536183610705,-6.854328018071597e-09,-9.509640974070128e-32,-5.407822289083542e-31,0.5396082456552659,0.588768170848725,1,gvxi_1.25,0.2,0.05,0.375,0.1
C1,trans,setpoint,800,0,10.0,5.333333333333333,77.29166666666666,17.86805555555555,0.9999997025755285,0.004457983593797264,0.11899662144482441,0.015357962560652368,0.07024037214959257,0.0030812737644956654,0.046188164100090766,10.172259192964493,32.80078751039257,4.561094878826548,1.7536384417043724e-07,4.1990964062283,6.82189469172514,0,0,0,2.445929826083532e-11,1.860729191061626e-32,1.6420906690277653e-30,0.00030719995931933884,0.033763131448333754,0.001109376545749923,0.08984915869088476,2.220446049250316e-13,1.6200788996977056e-30,-0.0008021750632776403,-0.056086014860369855,-9.509640974070128e-32,-5.407822289083542e-31,0.5262245276972483,0.6130054734978134,1,gvxi_1.25,0.2,0.05,0.375,0.1
C1,mixed,setpoint,800,0,10.0,5.333333333333333,77.29166666666666,17.86805555555555,0.9999768613983646,0.03158932892969641,0.11847814648790926,0.015473469831136198,0.6823726134531587,0.02726251196710318,0.04659906155125053,8.589191018308512,32.68685856302589,3.269153676264576,5.526952539812852e-07,2.9984818154214556,6.093516939554692,0,0,0,2.9186748146993706e-11,1.860729191061626e-32,1.6420906690277653e-30,0.023251681792097564,0.034234657385030134,0.079986691713353,0.09113248851994278,-3.3607701738892896e-33,1.6200788996977056e-30,-0.05673491271738357,-0.05689781785164442,-9.509640974070128e-32,-5.407822289083542e-31,0.5391608113104951,0.6129095356540283,1,gvxi_1.25,0.2,0.05,0.375,0.1
C1,rot,setpoint,800,0,10.0,6.666666666666667,77.29166666666666,21.80555555555555,0.9999729465285709,0.034439831155162054,0.1202854848523513,3.5983586548748443e-06,0.7407289680823405,0.029398502339447807,1.2137044760242e-05,0.7463597032441871,32.23277285438532,1.2917537644562538,3.4142840023212216e-15,1.2334801210279251,1.5053411183974923,0,0,0,1.8997538004387386e-12,1.860729191061626e-32,2.704861610783851e-30,0.02729511116283021,4.016110436737433e-09,0.09374059606308857,1.0491278269488547e-08,-2.6886895522841866e-33,2.525097597005181e-29,-0.06644537319707955,-6.475167752268799e-09,-6.617407164251569e-32,-1.2315464890499338e-30,0.539608246771994,0.6187121152237054,1,gvz_0.75,0.2,0.05,0.3,0.07500000000000001
C1,trans,setpoint,800,0,10.0,6.666666666666667,77.29166666666666,21.80555555555555,0.9999997819091778,0.0038162342702738055,0.1195815310622925,0.011885565463538585,0.06027845288645141,0.0026394027843911426,0.0359898652934314,9.94120539939482,32.58235723680912,4.588839304124445,9.266149859813689e-08,4.1990964062283,6.615291821729034,0,0,0,2.498157141536912e-11,1.860729191061626e-32,2.704861610783851e-30,0.0002254752801386763,0.037146173959861015,0.0008127789689484706,0.09033574692745569,2.220446049250316e-13,2.7595200976359116e-30,-0.0005873025577829266,-0.05318957264681093,-6.617407164251569e-32,-1.2315464890499338e-30,0.5266999035618503,0.6412497727661067,1,gvz_0.75,0.2,0.05,0.3,0.07500000000000001
C1,mixed,setpoint,800,0,10.0,6.666666666666667,77.29166666666666,21.80555555555555,0.9999771673932808,0.03142696726354977,0.11928896482242175,0.011885821373926308,0.6780330106243253,0.027063693970116064,0.03606233993993758,8.396634092628446,32.498911249853286,3.2834466681135694,3.7753174658293713e-07,2.9984818154214556,5.902789313285031,0,0,0,2.9976980166128626e-11,1.860729191061626e-32,2.704861610783851e-30,0.0229507911103737,0.03714538105630644,0.07892667668303975,0.09038006428215857,-2.6886895522841866e-33,2.7595200976359116e-30,-0.05597578968103541,-0.05323468288516705,-6.617407164251569e-32,-1.2315464890499338e-30,0.5392459869584192,0.6410856946283529,1,gvz_0.75,0.2,0.05,0.3,0.07500000000000001
C1,rot,setpoint,800,0,10.0,6.666666666666667,77.29166666666666,11.565555555555555,0.9999729465314978,0.034439830708486045,0.12028548632570733,6.3653077652242486e-06,0.7407289123233141,0.02939850065129457,1.4491238559322488e-05,0.7463930394124412,32.232693357053066,1.2917880478402104,4.9975761718884125e-15,1.2334801210279251,1.5053852614868282,0,0,0,1.900107404660856e-12,1.860729191061626e-32,1.8634099785481057e-30,0.027295108187423086,3.6409257226916256e-09,0.093740586540718,1.0491117452037602e-08,-5.49520995605902e-34,1.6313282281318876e-29,-0.06644536665023407,-6.850185739843331e-09,-6.483838277183895e-32,-1.4420519897964516e-30,0.5396082447682529,0.5891081553958922,1,gvz_1.25,0.2,0.05,0.3,0.125
C1,trans,setpoint,800,0,10.0,6.666666666666667,77.29166666666666,11.565555555555555,0.999999715586613,0.004329310989434975,0.11945363502470303,0.021144720812751556,0.06883984048556159,0.003015359159932181,0.04496520544460858,8.759153704910732,32.18146925649835,4.255676243352713,1.4874386297499636e-07,4.1990964062283,5.834643632209551,0,0,0,2.2982980360221527e-11,1.860729191061626e-32,1.8634099785481057e-30,0.0002933305177003834,0.034785501855434456,0.0010570755938028684,0.08996170692264366,2.220446049250316e-13,6.1320753573708745e-31,-0.0007637436057992006,-0.0551761688905413,-6.483838277183895e-32,-1.4420519897964516e-30,0.526775540613407,0.6218280277030279,1,gvz_1.25,0.2,0.05,0.3,0.125
C1,mixed,setpoint,800,0,10.0,6.666666666666667,77.29166666666666,11.565555555555555,0.9999769261722439,0.03152640277253761,0.11915266133168091,0.021263932875825488,0.6818144268847588,0.02722928586949773,0.04529208694473418,7.5304443147316675,32.18146925649835,3.028994304238701,4.7550270931195643e-07,2.9984818154214556,5.297066100331738,0,0,0,2.7717737296760416e-11,1.860729191061626e-32,1.8634099785481057e-30,0.023193535927282453,0.035171668881354146,0.07975913007935963,0.09095844709917109,-5.49520995605902e-34,6.1320753573708745e-31,-0.056565499794334034,-0.05578674065353279,-6.483838277183895e-32,-1.4420519897964516e-30,0.5392538784577403,0.6218347232052132,1,gvz_1.25,0.2,0.05,0.3,0.125
