law,axis,scenario,steps,aborted,bw,bv,po,pt,eta_min,omega_max,sigma_min,IAE_p,IAE_a_deg,IAE_omega,IAE_v,E_nongrav,tau_peak,tau_nongrav_peak,max_coupling,tau_ext_peak,tau_slew_rms,sat_steps,qdd_sat_steps,gov_steps,max_d_gap,profile,c1_certificate_applicable,gwxi,gwz,gvxi,gvz,energy_budget,peak_budget,feasible,pareto4
C1,mixed,line,800,0,10.0,6.666666666666667,77.29166666666666,14.805555555555554,0.9999772020202803,0.032510523639211954,0.10552696728534852,0.017441743457807413,0.6872885065469938,0.028761038156625788,0.04356920582954878,10.536528166768809,33.24337293541171,3.4218561192723804,1.2307023019184396e-06,2.9984818154214556,14.041991900635661,0,0,0,2.227521031827564e-11,base,1,0.2,0.05,0.3,0.1,10.641893448436496,3.5929489252359996,1,0
C2,mixed,line,800,0,10.0,6.666666666666667,77.29166666666666,14.805555555555554,0.9999772025211103,0.03251047838152148,0.10551024337711307,0.01743622234988806,0.6872779775695983,0.028761375893313058,0.04354281558460857,10.541542837733395,33.243372934464766,3.422785101023589,1.218914893200619e-06,2.9984818154214556,14.042810025077138,0,0,0,2.2286272714002186e-11,base,0,0.2,0.05,0.3,0.1,10.641893448436496,3.5929489252359996,1,0
C4,mixed,line,800,0,10.0,6.666666666666667,77.29166666666666,14.805555555555554,0.9999772022457246,0.03251048104862653,0.10552693818727323,0.017441743550737607,0.6872805286860427,0.028760912754965492,0.043569206216867426,10.53653715164385,33.24337293541171,3.4218579470300163,1.23069525798009e-06,2.9984818154214556,14.041993634743996,0,0,0,2.2276965502200448e-11,base,0,0.2,0.05,0.3,0.1,10.641893448436496,3.5929489252359996,1,0
C1,mixed,line,800,0,13.333333333333332,6.666666666666667,113.10185185185183,14.805555555555554,0.999988346029974,0.024087579336094622,0.10433688499922245,0.01744356269360613,0.47231300721447905,0.020894775521003925,0.04359285717427619,10.599804341604376,33.24279248142307,3.4357734015345898,8.933128815553272e-07,2.9984818154214556,14.029463255328817,0,0,0,2.2518564355904512e-11,gwxi_0.75,1,0.15000000000000002,0.05,0.3,0.1,10.641893448436496,3.5929489252359996,1,1
C2,mixed,line,800,0,13.333333333333332,6.666666666666667,113.10185185185183,14.805555555555554,0.9999883461839573,0.02408756694089744,0.1043249710511176,0.01743968198012454,0.4723103149524108,0.020895049132654178,0.043573697785021216,10.603298398995637,33.24279248047612,3.436455210170948,8.703559663193873e-07,2.9984818154214556,14.030048946976695,0,0,0,2.2523244940072257e-11,gwxi_0.75,0,0.15000000000000002,0.05,0.3,0.1,10.641893448436496,3.5929489252359996,1,1
C4,mixed,line,800,0,13.333333333333332,6.666666666666667,113.10185185185183,14.805555555555554,0.9999883460990038,0.024087558488141023,0.10433687216186288,0.01744356273689566,0.4723102431954558,0.020894722841193085,0.04359285738202151,10.599807943112085,33.24279248142307,3.435774345336867,8.933235283775118e-07,2.9984818154214556,14.029464122233339,0,0,0,2.2519566875424447e-11,gwxi_0.75,0,0.15000000000000002,0.05,0.3,0.1,10.641893448436496,3.5929489252359996,1,1
C1,mixed,line,800,0,8.0,6.666666666666667,67.91666666666666,14.805555555555554,0.9999665564873842,0.03894736154221131,0.10638103736483798,0.017441474916009288,0.7831686143847717,0.034702457040999765,0.04355499692571337,10.5217595345321,33.24371989847528,3.4108872286978276,1.5465378701524912e-06,2.9984818154214556,14.051598290186577,0,0,0,2.2115644506306438e-11,gwxi_1.25,1,0.25,0.05,0.3,0.1,10.641893448436496,3.5929489252359996,1,0
C2,mixed,line,800,0,8.0,6.666666666666667,67.91666666666666,14.805555555555554,0.9999665575145988,0.038947268686143566,0.10636079787757369,0.017434991554641892,0.7831497621380955,0.03470282685657341,0.0435241539383987,10.52795597218512,33.24371989752833,3.4120369462523144,1.5273741304165805e-06,2.9984818154214556,14.052634906616792,0,0,0,2.2122734041173476e-11,gwxi_1.25,0,0.25,0.05,0.3,0.1,10.641893448436496,3.5929489252359996,1,0
C4,mixed,line,800,0,8.0,6.666666666666667,67.91666666666666,14.805555555555554,0.9999665569779007,0.03894728579801299,0.10638098611151875,0.01744147506688902,0.7831546789205105,0.03470223407243898,0.0435549975290128,10.521776242647288,33.24371989847528,3.4108903519516183,1.5465259437940545e-06,2.9984818154214556,14.051601349841226,0,0,0,2.2118487121252085e-11,gwxi_1.25,0,0.25,0.05,0.3,0.1,10.641893448436496,3.5929489252359996,1,0
C1,mixed,line,800,0,10.0,6.666666666666667,92.8472222222222,14.805555555555554,0.9999803267448649,0.03091988785493652,0.10515964701954444,0.01744286849714011,0.5752174233210676,0.026953000973850904,0.043575872006968684,10.612875619487161,33.24337125370394,3.436928282193726,1.0964133420889242e-06,2.9984818154214556,14.054214000671177,0,0,0,2.2400112277580638e-11,gwz_0.75,1,0.2,0.037500000000000006,0.3,0.1,10.641893448436496,3.5929489252359996,1,0
C2,mixed,line,800,0,10.0,6.666666666666667,92.8472222222222,14.805555555555554,0.9999803271437109,0.03091984614907924,0.10514429297478402,0.017438000923037926,0.5752105567530242,0.026953369113533274,0.04355178123249706,10.617613325188492,33.243371252756994,3.4378214690420954,1.0869327625440287e-06,2.9984818154214556,14.05504840232277,0,0,0,2.2407123475059015e-11,gwz_0.75,0,0.2,0.037500000000000006,0.3,0.1,10.641893448436496,3.5929489252359996,1,1
C4,mixed,line,800,0,10.0,6.666666666666667,92.8472222222222,14.805555555555554,0.9999803269341615,0.030919844280052036,0.10515961921071054,0.017442868581071955,0.5752114829348106,0.026952887262498004,0.04357587239204351,10.612884024216244,33.24337125370394,3.436930203331759,1.0964068115610476e-06,2.9984818154214556,14.054215938526596,0,0,0,2.240437381641073e-11,gwz_0.75,0,0.2,0.037500000000000006,0.3,0.1,10.641893448436496,3.5929489252359996,1,0
C1,mixed,line,800,0,10.0,6.666666666666667,70.09166666666665,14.805555555555554,0.9999755026311691,0.033301557915716096,0.10570711192624171,0.017441151377125926,0.7554444070867292,0.02967333002974865,0.04356591431741006,10.497400585942112,33.243373713802164,3.414369888607549,1.3005679140131673e-06,2.9984818154214556,14.036366176700689,0,0,0,2.2217513855461263e-11,gwz_1.25,1,0.2,0.0625,0.3,0.1,10.641893448436496,3.5929489252359996,1,0
C2,mixed,line,800,0,10.0,6.666666666666667,70.09166666666665,14.805555555555554,0.9999755031886229,0.03330151144271732,0.10568969423369375,0.017435289075386728,0.7554315940101705,0.029673651230561253,0.04353836443667881,10.50254633473098,33.24337371285522,3.415315854053066,1.287317159041309e-06,2.9984818154214556,14.03717366390605,0,0,0,2.222825452528562e-11,gwz_1.25,0,0.2,0.0625,0.3,0.1,10.641893448436496,3.5929489252359996,1,0
C4,mixed,line,800,0,10.0,6.666666666666667,70.09166666666665,14.805555555555554,0.9999755028745205,0.03330151473412238,0.1057070826968009,0.01744115147457512,0.7554351577517296,0.02967320008581685,0.04356591470392984,10.497409734282096,33.243373713802164,3.4143716512647444,1.300560131565794e-06,2.9984818154214556,14.036367778212833,0,0,0,2.221505371656462e-11,gwz_1.25,0,0.2,0.0625,0.3,0.1,10.641893448436496,3.5929489252359996,1,0
C1,mixed,line,800,0,10.0,8.88888888888889,77.29166666666666,15.189043209876543,0.9999774037015932,0.03235043065920972,0.106635365772884,0.01682799944848912,0.6841388692851507,0.028595035406299932,0.03571812129468659,10.171832354534358,33.25518510751537,3.3773018056689708,9.25760245824235e-07,2.9984818154214556,13.99443358080672,0,0,0,2.2328936431090406e-11,gvxi_0.75,1,0.2,0.05,0.22499999999999998,0.1,10.641893448436496,3.5929489252359996,1,1
C2,mixed,line,800,0,10.0,8.88888888888889,77.29166666666666,15.189043209876543,0.9999774041538896,0.032350379370589474,0.106623778352784,0.016825049386056255,0.6841284065062069,0.028595249116086352,0.03570179327780148,10.175337418230473,33.25518510654389,3.377935774876377,9.182457132969175e-07,2.9984818154214556,13.995011338667199,0,0,0,2.233355824453191e-11,gvxi_0.75,0,0.2,0.05,0.22499999999999998,0.1,10.641893448436496,3.5929489252359996,1,1
C4,mixed,line,800,0,10.0,8.88888888888889,77.29166666666666,15.189043209876543,0.9999774039241929,0.03235038816722303,0.10663533782755986,0.016827999555788398,0.6841309942556829,0.02859491148157275,0.03571812165251607,10.17184125894233,33.25518510751537,3.3773033977455604,9.257553930178251e-07,2.9984818154214556,13.994435316014616,0,0,0,2.2328088416886944e-11,gvxi_0.75,0,0.2,0.05,0.22499999999999998,0.1,10.641893448436496,3.5929489252359996,1,1
C1,mixed,line,800,0,10.0,5.333333333333333,77.29166666666666,17.86805555555555,0.9999771029215077,0.03259330090869843,0.1066388830894961,0.016199550962320067,0.6887631557355216,0.028830667588313524,0.04904960364665059,11.04208645488486,33.23632936794022,3.5170071302195822,1.4030491038775374e-06,2.9984818154214556,14.178111659136055,0,0,0,2.2475550048815682e-11,gvxi_1.25,1,0.2,0.05,0.375,0.1,10.641893448436496,3.5929489252359996,0,0
C2,mixed,line,800,0,10.0,5.333333333333333,77.29166666666666,17.86805555555555,0.9999771034962248,0.03259326684573501,0.10661664903366591,0.016188625161909404,0.6887527391987228,0.028831205093656446,0.04900224770164517,11.048883353626243,33.23632936679739,3.5183712316435347,1.3847748156312743e-06,2.9984818154214556,14.179429044314112,0,0,0,2.2488021083953242e-11,gvxi_1.25,0,0.2,0.05,0.375,0.1,10.641893448436496,3.5929489252359996,0,0
C4,mixed,line,800,0,10.0,5.333333333333333,77.29166666666666,17.86805555555555,0.9999771031484251,0.0325932552822541,0.10663885568502196,0.016199551075068607,0.6887551271145934,0.02883054151111792,0.04904960416683033,11.042095536201401,33.23632936794022,3.5170091134901824,1.4030403938100047e-06,2.9984818154214556,14.17811346434761,0,0,0,2.2478960531063272e-11,gvxi_1.25,0,0.2,0.05,0.375,0.1,10.641893448436496,3.5929489252359996,0,0
C1,mixed,line,800,0,10.0,6.666666666666667,77.29166666666666,21.80555555555555,0.9999772997938259,0.03243796336023732,0.10880170370797637,0.01248328421324491,0.6856546328513802,0.028659130164733836,0.03807435563771189,10.738632936534795,33.24346591701399,3.5188038883139434,1.080721273262321e-06,2.9984818154214556,14.113007922833365,0,0,0,2.274078290021551e-11,gvz_0.75,1,0.2,0.05,0.3,0.07500000000000001,10.641893448436496,3.5929489252359996,0,0
C2,mixed,line,800,0,10.0,6.666666666666667,77.29166666666666,21.80555555555555,0.9999773003488206,0.03243792226294505,0.10878397455332552,0.01247540088253805,0.6856443577527853,0.02865962147834723,0.03803689167546327,10.744123789405805,33.243465915619325,3.519972898884724,1.0658293827728584e-06,2.9984818154214556,14.114270155949516,0,0,0,2.2751326369282783e-11,gvz_0.75,0,0.2,0.05,0.3,0.07500000000000001,10.641893448436496,3.5929489252359996,0,0
C4,mixed,line,800,0,10.0,6.666666666666667,77.29166666666666,21.80555555555555,0.9999773000180622,0.03243792077474919,0.10880167875223566,0.012483284308878982,0.6856467057030736,0.028659005571310268,0.03807435611584519,10.738641994217273,33.24346591701399,3.5188056998257053,1.0807151323186956e-06,2.9984818154214556,14.1130097989099,0,0,0,2.274377611604753e-11,gvz_0.75,0,0.2,0.05,0.3,0.07500000000000001,10.641893448436496,3.5929489252359996,0,0
C1,mixed,line,800,0,10.0,6.666666666666667,77.29166666666666,11.565555555555555,0.9999771539190434,0.032547475676446995,0.10332721522224977,0.022181500099464627,0.6881039851847082,0.02881421990397087,0.0474928276140254,10.390839854661305,33.24332989821295,3.3669265034043043,1.3099452283734315e-06,2.9984818154214556,13.99127448619545,0,0,0,2.2089053313389945e-11,gvz_1.25,1,0.2,0.05,0.3,0.125,10.641893448436496,3.5929489252359996,1,0
C2,mixed,line,800,0,10.0,6.666666666666667,77.29166666666666,11.565555555555555,0.999977154387517,0.03254742817709028,0.10331222347392607,0.022177449726078997,0.6880933900321252,0.028814471004735828,0.04747186940342196,10.395287712515342,33.243329897473224,3.3677251265202557,1.299877941825905e-06,2.9984818154214556,13.9918677368151,0,0,0,2.2094774362063737e-11,gvz_1.25,0,0.2,0.05,0.3,0.125,10.641893448436496,3.5929489252359996,1,0
C4,mixed,line,800,0,10.0,6.666666666666667,77.29166666666666,11.565555555555555,0.9999771541450766,0.03254743011918719,0.10332718390615918,0.022181500230022577,0.6880959824778028,0.02881409408589411,0.04749282799121808,10.390848801724642,33.24332989821295,3.3669284067073164,1.3099371320126394e-06,2.9984818154214556,13.991276155065963,0,0,0,2.208979148321624e-11,gvz_1.25,0,0.2,0.05,0.3,0.125,10.641893448436496,3.5929489252359996,1,0
C1,mixed,line,800,0,12.68540518697871,8.679099693137212,106.86636871417454,13.436400163521313,0.9999870857511276,0.025223945325495385,0.10481323515561933,0.018985374604716422,0.49761566398661317,0.021915318806043534,0.037777548271643833,10.206357216706863,33.25357947350707,3.3792611592465107,6.861896963856613e-07,2.9984818154214556,13.970156575458835,0,0,0,2.2440330344223853e-11,joint_00,1,0.1576614992206127,0.04601745999536788,0.23043864809865608,0.11867322697601133,10.641893448436496,3.5929489252359996,1,1
C2,mixed,line,800,0,12.68540518697871,8.679099693137212,106.86636871417454,13.436400163521313,0.9999870859153084,0.025223922806875822,0.1048047971297759,0.018983064552508696,0.4976119958118117,0.021915498244101897,0.03776542655263442,10.208884590982603,33.25357947264769,3.379722997494202,6.827664138896009e-07,2.9984818154214556,13.97055818309133,0,0,0,2.2444918464884233e-11,joint_00,0,0.1576614992206127,0.04601745999536788,0.23043864809865608,0.11867322697601133,10.641893448436496,3.5929489252359996,1,1
C4,mixed,line,800,0,12.68540518697871,8.679099693137212,106.86636871417454,13.436400163521313,0.9999870858327126,0.025223922600241575,0.10481322084352723,0.018985374664837438,0.497612423448387,0.02191525830535324,0.03777754847782968,10.206361425996068,33.25357947350707,3.379262107774977,6.861870836827881e-07,2.9984818154214556,13.970157585653363,0,0,0,2.244366318101849e-11,joint_00,0,0.1576614992206127,0.04601745999536788,0.23043864809865608,0.11867322697601133,10.641893448436496,3.5929489252359996,1,1
C1,mixed,line,800,0,13.165067467285592,6.0685165763175535,107.46509153013265,17.208350793051775,0.9999876344104831,0.02467175517274931,0.1055148258543517,0.015723395893159055,0.4966105356760375,0.021463582871084786,0.04452961655039788,10.828316355296582,33.23967603089434,3.4877488045821856,9.410703917404473e-07,2.9984818154214556,14.092913815516988,0,0,0,2.262402335066028e-11,joint_01,1,0.15191718576223637,0.05943069041400415,0.3295698338874149,0.09376187198133801,10.641893448436496,3.5929489252359996,0,0
C2,mixed,line,800,0,13.165067467285592,6.0685165763175535,107.46509153013265,17.208350793051775,0.9999876345942109,0.024671747309216216,0.10550060760667015,0.01571729827055928,0.4966075447163509,0.021463933339685447,0.044502158799896205,10.832552958751737,33.239676029793706,3.4886127497805397,9.117370860099837e-07,2.9984818154214556,14.093708242866471,0,0,0,2.2631447503557082e-11,joint_01,0,0.15191718576223637,0.05943069041400415,0.3295698338874149,0.09376187198133801,10.641893448436496,3.5929489252359996,0,0
C4,mixed,line,800,0,13.165067467285592,6.0685165763175535,107.46509153013265,17.208350793051775,0.9999876344859937,0.02467173273225351,0.10551481280384295,0.015723395938878962,0.49660746816338486,0.02146352703789832,0.04452961679103695,10.828320182346065,33.23967603089434,3.4877498040664534,9.410824190758851e-07,2.9984818154214556,14.092914706082297,0,0,0,2.2623851540514042e-11,joint_01,0,0.15191718576223637,0.05943069041400415,0.3295698338874149,0.09376187198133801,10.641893448436496,3.5929489252359996,0,0
C1,mixed,line,800,0,8.483707911130114,5.556333467830768,80.25820676902794,13.008450937675745,0.9999726355506817,0.03598056848208888,0.10362014519151944,0.020463828689497796,0.6673628258514588,0.031655905833388065,0.05202314002702586,10.808109488162192,33.237711617965374,3.4246689601565983,1.6276369815683008e-06,2.9984818154214556,14.103720341319413,0,0,0,2.2157207056215974e-11,joint_02,1,0.23574597581042603,0.04219258799315663,0.3599495983420185,0.12065981458954123,10.641893448436496,3.5929489252359996,0,0
C2,mixed,line,800,0,8.483707911130114,5.556333467830768,80.25820676902794,13.008450937675745,0.9999726362903434,0.0359804988672428,0.1035986701710042,0.02045546216304812,0.6673509179436148,0.031656366693500575,0.05198789264227113,10.814765579627514,33.237711617133364,3.425882260738124,1.610284887456103e-06,2.9984818154214556,14.104768658705076,0,0,0,2.216643386999376e-11,joint_02,0,0.23574597581042603,0.04219258799315663,0.3599495983420185,0.12065981458954123,10.641893448436496,3.5929489252359996,0,0
C4,mixed,line,800,0,8.483707911130114,5.556333467830768,80.25820676902794,13.008450937675745,0.9999726359044977,0.03598050393884587,0.1036200984534081,0.020463828806407545,0.6673530380267915,0.03165572664988547,0.05202314054537845,10.80812311037666,33.237711617965374,3.4246720034204685,1.6276238804320157e-06,2.9984818154214556,14.103723125532351,0,0,0,2.21596885752112e-11,joint_02,0,0.23574597581042603,0.04219258799315663,0.3599495983420185,0.12065981458954123,10.641893448436496,3.5929489252359996,0,0
C1,mixed,line,800,0,9.135684903975932,8.271498835149272,69.46363570285168,14.41124081580187,0.9999724045899643,0.035369781037505425,0.10649531290856945,0.01775515323567995,0.7615413382824887,0.03149331248382863,0.03817723230076073,10.203539890932674,33.25204481919735,3.3708910567829413,1.1401625171487246e-06,2.9984818154214556,13.992570001102235,0,0,0,2.218245641634672e-11,joint_03,1,0.21892173613929944,0.05260646726389989,0.24179414636451518,0.10209440267545289,10.641893448436496,3.5929489252359996,1,0
C2,mixed,line,800,0,9.135684903975932,8.271498835149272,69.46363570285168,14.41124081580187,0.9999724052399671,0.03536971326333745,0.10648147739730579,0.017751687004031555,0.7615265591895849,0.0314935348169017,0.03815814043971138,10.20770847397611,33.25204481827562,3.3716467301601227,1.1294545379045987e-06,2.9984818154214556,13.993224389374204,0,0,0,2.218891859089453e-11,joint_03,0,0.21892173613929944,0.05260646726389989,0.24179414636451518,0.10209440267545289,10.641893448436496,3.5929489252359996,1,0
C4,mixed,line,800,0,9.135684903975932,8.271498835149272,69.46363570285168,14.41124081580187,0.9999724049083648,0.035369725779623065,0.10649527641730992,0.017755153376699837,0.7615305504656898,0.03149315117897301,0.03817723274459655,10.203551511915489,33.25204481919735,3.3708931104473443,1.1401554944978223e-06,2.9984818154214556,13.992572074900428,0,0,0,2.2185550614371136e-11,joint_03,0,0.21892173613929944,0.05260646726389989,0.24179414636451518,0.10209440267545289,10.641893448436496,3.5929489252359996,1,0
C1,mixed,line,800,0,8.834608507875881,5.720749810745526,61.870760330666116,21.799658148355242,0.999968464121691,0.03732186598739278,0.10905596748946296,0.013386486056332624,0.8552820840233493,0.033504733717426904,0.04326166667445791,10.937327158647198,33.23864325771948,3.5447284580880414,1.5190109198758216e-06,2.9984818154214556,14.17376879046432,0,0,0,2.2631168678128094e-11,joint_04,1,0.22638241391421465,0.061109600066070094,0.3496045214638325,0.08367004870870524,10.641893448436496,3.5929489252359996,0,0
C2,mixed,line,800,0,8.834608507875881,5.720749810745526,61.870760330666116,21.799658148355242,0.9999684651646082,0.0373218020733452,0.10906551572228577,0.013374473738226767,0.855262304350064,0.03350533798373766,0.043205428152445866,10.944744802954544,33.2386432563252,3.5463294758501753,1.490901392136645e-06,2.9984818154214556,14.175477747228562,0,0,0,2.2643958331020694e-11,joint_04,0,0.22638241391421465,0.061109600066070094,0.3496045214638325,0.08367004870870524,10.641893448436496,3.5929489252359996,0,0
C4,mixed,line,800,0,8.834608507875881,5.720749810745526,61.870760330666116,21.799658148355242,0.999968464516869,0.037321806650946344,0.10905598002899981,0.013386486216619517,0.8552683993089423,0.03350455009718834,0.043261667407139895,10.93734042851481,33.23864325771948,3.5447308754296607,1.5190008025577495e-06,2.9984818154214556,14.173771198445722,0,0,0,2.263023427600633e-11,joint_04,0,0.22638241391421465,0.061109600066070094,0.3496045214638325,0.08367004870870524,10.641893448436496,3.5929489252359996,0,0
C1,mixed,line,800,0,8.26223394428191,6.5900084051493675,80.2328021412558,18.143408861746593,0.9999719864845545,0.03641935371543168,0.10764509353844821,0.01460830949338943,0.6651505270802037,0.031977948991244884,0.040959154646292587,10.732112434140506,33.24331024457779,3.480080521002691,1.296886638312431e-06,2.9984818154214556,14.105545850351579,0,0,0,2.2478050605985432e-11,joint_05,1,0.2420652832499558,0.04220321206978944,0.3034897494876061,0.08596069782386351,10.641893448436496,3.5929489252359996,0,0
C2,mixed,line,800,0,8.26223394428191,6.5900084051493675,80.2328021412558,18.143408861746593,0.9999719872948809,0.0364192769871698,0.10762556760594182,0.01460070463977263,0.6651383854456583,0.03197848036346301,0.04092400382782353,10.738313977672783,33.243310243417355,3.4813062381514115,1.2795598106619132e-06,2.9984818154214556,14.106835588271657,0,0,0,2.2484100272769435e-11,joint_05,0,0.2420652832499558,0.04220321206978944,0.3034897494876061,0.08596069782386351,10.641893448436496,3.5929489252359996,0,0
C4,mixed,line,800,0,8.26223394428191,6.5900084051493675,80.2328021412558,18.143408861746593,0.9999719868612553,0.036419285978451676,0.10764505119230068,0.014608309613802358,0.6651404959662051,0.031977762715094886,0.0409591552642214,10.732127064168782,33.24331024457779,3.480083464556486,1.2968767931432102e-06,2.9984818154214556,14.105549096903214,0,0,0,2.2475785686814502e-11,joint_05,0,0.2420652832499558,0.04220321206978944,0.3034897494876061,0.08596069782386351,10.641893448436496,3.5929489252359996,0,0
C1,mixed,line,800,0,8.504631044506478,8.50091456605817,75.41994927458042,19.037327715078153,0.999971750272535,0.036229517638865276,0.10838712746645125,0.013463556803122783,0.7027247859804739,0.03197066943417399,0.033799192601124954,10.344204540309892,33.25343370863054,3.4229570827778453,1.0213579565390556e-06,2.9984818154214556,14.043507532485732,0,0,0,2.2483058025055624e-11,joint_06,1,0.2351659924497124,0.04510322450721372,0.2352688036632498,0.0753303494065557,10.641893448436496,3.5929489252359996,1,1
C2,mixed,line,800,0,8.504631044506478,8.50091456605817,75.41994927458042,19.037327715078153,0.9999717510206588,0.036229438685637105,0.10837233675889459,0.013459786559971642,0.7027110764905604,0.03197101376916872,0.033777038133199905,10.348791205113594,33.253433707412924,3.423843929874618,1.009294619258472e-06,2.9984818154214556,14.044435429471443,0,0,0,2.2491651665733198e-11,joint_06,0,0.2351659924497124,0.04510322450721372,0.2352688036632498,0.0753303494065557,10.641893448436496,3.5929489252359996,1,1
C4,mixed,line,800,0,8.504631044506478,8.50091456605817,75.41994927458042,19.037327715078153,0.9999717506336814,0.03622945558800365,0.10838708823142357,0.013463556930603898,0.7027142296988875,0.03197048806202746,0.03379919314277657,10.344218340572748,33.25343370863054,3.4229594480460257,1.0213510310723726e-06,2.9984818154214556,14.043510388055951,0,0,0,2.2482552790763268e-11,joint_06,0,0.2351659924497124,0.04510322450721372,0.2352688036632498,0.0753303494065557,10.641893448436496,3.5929489252359996,1,1
C1,mixed,line,800,0,10.85425176778356,7.725660079903906,88.34729828549496,14.144918710422571,0.9999815793104195,0.029624720298314308,0.10530011940408615,0.018114624367991754,0.6013247549902586,0.025980425041863292,0.04023448151076255,10.341924701761782,33.248841829014566,3.39688366714568,9.483330343628813e-07,2.9984818154214556,13.99847006992061,0,0,0,2.2350772399666623e-11,joint_07,1,0.1842595917975837,0.0451169704948647,0.25887755600358703,0.10205808941653145,10.641893448436496,3.5929489252359996,1,1
C2,mixed,line,800,0,10.85425176778356,7.725660079903906,88.34729828549496,14.144918710422571,0.9999815796388392,0.029624684081615994,0.10528791214112418,0.018111441509482955,0.6013177238311315,0.025980677273837273,0.04021696727184115,10.345596426510165,33.24884182810987,3.3975551216318998,9.414364875190032e-07,2.9984818154214556,13.999063279390073,0,0,0,2.2354170454078515e-11,joint_07,0,0.1842595917975837,0.0451169704948647,0.25887755600358703,0.10205808941653145,10.641893448436496,3.5929489252359996,1,1
C4,mixed,line,800,0,10.85425176778356,7.725660079903906,88.34729828549496,14.144918710422571,0.999981579469336,0.02962468447175452,0.105300096579011,0.01811462445665919,0.6013191135670801,0.02598032842951476,0.040234481827310854,10.341931604162763,33.248841829014566,3.3968851075604327,9.483282863582782e-07,2.9984818154214556,13.998471545174072,0,0,0,2.234697501898825e-11,joint_07,0,0.1842595917975837,0.0451169704948647,0.25887755600358703,0.10205808941653145,10.641893448436496,3.5929489252359996,1,1
C1,mixed,line,800,0,10.319537155800719,7.4196179763529075,79.5945833465633,11.429343599616132,0.9999786214557378,0.031563205694949706,0.10376917949080315,0.022365294834302298,0.6671194458517186,0.027886119031396674,0.04429688507951546,10.253170616929578,33.247273137813686,3.355316255711095,1.1432421324538528e-06,2.9984818154214556,13.965162015396047,0,0,0,2.2122711438840442e-11,independent_00,0,nan,nan,nan,nan,10.641893448436496,3.5929489252359996,1,0
C2,mixed,line,800,0,10.319537155800719,7.4196179763529075,79.5945833465633,11.429343599616132,0.9999786218612593,0.03156316064675142,0.1037567642599412,0.022361949449424733,0.6671099365939513,0.027886323258983926,0.04427968378151751,10.256887995921764,33.24727313708267,3.355967780426738,1.1354120403554445e-06,2.9984818154214556,13.965660320571985,0,0,0,2.212298251653609e-11,independent_00,0,nan,nan,nan,nan,10.641893448436496,3.5929489252359996,1,0
C4,mixed,line,800,0,10.319537155800719,7.4196179763529075,79.5945833465633,11.429343599616132,0.9999786216587248,0.03156316522651707,0.10376915129878382,0.0223652949570257,0.6671122129550042,0.027886004296449423,0.04429688541515559,10.25317875646274,33.247273137813686,3.355317899946158,1.1432356935235978e-06,2.9984818154214556,13.965163576953449,0,0,0,2.211913771224896e-11,independent_00,0,nan,nan,nan,nan,10.641893448436496,3.5929489252359996,1,0
C1,mixed,line,800,0,10.389492770762871,5.082878094258691,65.75271274533259,20.255250292464087,0.9999755922575961,0.03297680384177113,0.10803194109653812,0.015109283073220408,0.8033874799919083,0.029488845615032167,0.049187149455990106,11.149010695957097,33.234964237238316,3.556840926154834,1.4851250932599178e-06,2.9984818154214556,14.218697157423973,0,0,0,2.258015614435243e-11,independent_01,0,nan,nan,nan,nan,10.641893448436496,3.5929489252359996,0,0
C2,mixed,line,800,0,10.389492770762871,5.082878094258691,65.75271274533259,20.255250292464087,0.9999755929266225,0.03297677672677968,0.1080077847166792,0.015096336841894086,0.8033736679890031,0.029489414206444107,0.0491282633656863,11.1563012197779,33.23496423594281,3.558383440083208,1.461688879233673e-06,2.9984818154214556,14.220236942237554,0,0,0,2.2592981993499367e-11,independent_01,0,nan,nan,nan,nan,10.641893448436496,3.5929489252359996,0,0
C4,mixed,line,800,0,10.389492770762871,5.082878094258691,65.75271274533259,20.255250292464087,0.99997559248912,0.03297676276959016,0.10803191865380563,0.015109283194598587,0.8033779240302932,0.02948872559663411,0.04918715000341089,11.149019125257627,33.234964237238316,3.5568426270166036,1.4851165692172435e-06,2.9984818154214556,14.218698666499254,0,0,0,2.2580911940291248e-11,independent_01,0,nan,nan,nan,nan,10.641893448436496,3.5929489252359996,0,0
C1,mixed,line,800,0,10.60992333024296,9.414522229447794,111.5293820697119,11.978287581645725,0.9999845624461818,0.027985056388115104,0.10456560866719079,0.02106224257276727,0.478831563384762,0.024065260023277493,0.03665563071719577,10.143872410361904,33.25782604327543,3.361876509218817,7.09893678207088e-07,2.9984818154214556,13.977106121401755,0,0,0,2.2411042714862527e-11,independent_02,0,nan,nan,nan,nan,10.641893448436496,3.5929489252359996,1,1
C2,mixed,line,800,0,10.60992333024296,9.414522229447794,111.5293820697119,11.978287581645725,0.999984562675731,0.027985016492952177,0.1045581921714535,0.021060038156578104,0.47882727313892487,0.02406542808892926,0.03664504233349637,10.146263485348612,33.25782604250931,3.362313819804651,7.052114818128078e-07,2.9984818154214556,13.977506763855162,0,0,0,2.2413583503959766e-11,independent_02,0,nan,nan,nan,nan,10.641893448436496,3.5929489252359996,1,1
C4,mixed,line,800,0,10.60992333024296,9.414522229447794,111.5293820697119,11.978287581645725,0.9999845625745221,0.027985022488943426,0.10456558759018397,0.02106224266362017,0.47882764015141244,0.024065173004768126,0.03665563099164597,10.143878881852867,33.25782604327543,3.3618780281071814,7.099063764560561e-07,2.9984818154214556,13.97710790067288,0,0,0,2.240949409185103e-11,independent_02,0,nan,nan,nan,nan,10.641893448436496,3.5929489252359996,1,1
C1,mixed,line,800,0,7.616085908541755,10.511384565730433,97.29371760487088,12.383604325020164,0.9999745428836717,0.03576119513450986,0.10588709829902526,0.020204298479692497,0.5657686305562615,0.03139443969472939,0.03332256572823281,10.122683666544482,33.26417865720083,3.3425218495433207,8.445484539023561e-07,2.9984818154214556,14.013614048721731,0,0,0,2.2299681014611658e-11,independent_03,0,nan,nan,nan,nan,10.641893448436496,3.5929489252359996,1,1
C2,mixed,line,800,0,7.616085908541755,10.511384565730433,97.29371760487088,12.383604325020164,0.9999745434831833,0.035761097418180635,0.10587901608322264,0.02020187517247227,0.5657600857239479,0.03139462148860426,0.033311183728656206,10.125508551600158,33.26417865640879,3.3430164416094925,8.395206777235329e-07,2.9984818154214556,14.014129272913094,0,0,0,2.230701725225416e-11,independent_03,0,nan,nan,nan,nan,10.641893448436496,3.5929489252359996,1,1
C4,mixed,line,800,0,7.616085908541755,10.511384565730433,97.29371760487088,12.383604325020164,0.9999745432428511,0.03576112121015419,0.10588705270044975,0.020204298663274712,0.5657610187039384,0.03139426541530922,0.03332256622376234,10.122699229162151,33.26417865720083,3.3425248602735778,8.445427057217527e-07,2.9984818154214556,14.013618329386048,0,0,0,2.2303689072820015e-11,independent_03,0,nan,nan,nan,nan,10.641893448436496,3.5929489252359996,1,1
C1,mixed,line,800,0,7.714809528432356,7.565314053264308,95.60165625161015,23.553791119020723,0.9999743560098204,0.0357983209176079,0.10940216698746126,0.011206336677183364,0.5731936061597215,0.03134009807504055,0.03353183637226472,10.75818014757001,33.248657119765284,3.524368317813984,9.61087887179538e-07,2.9984818154214556,14.132092902394021,0,0,0,2.292321646639684e-11,independent_04,0,nan,nan,nan,nan,10.641893448436496,3.5929489252359996,0,0
C2,mixed,line,800,0,7.714809528432356,7.565314053264308,95.60165625161015,23.553791119020723,0.9999743567546863,0.03579823631007611,0.10938609473047632,0.011200419757032171,0.5731862673021068,0.03134077372198033,0.03350064155109293,10.763499053255407,33.248657118258805,3.525537150243167,9.470900452233128e-07,2.9984818154214556,14.133520752747,0,0,0,2.2931196497667022e-11,independent_04,0,nan,nan,nan,nan,10.641893448436496,3.5929489252359996,0,0
C4,mixed,line,800,0,7.714809528432356,7.565314053264308,95.60165625161015,23.553791119020723,0.9999743563748783,0.03579824893559096,0.1094021267936179,0.011206336791106952,0.5731858129656686,0.031339923588820345,0.033531837068099174,10.758195691657422,33.248657119765284,3.524371525109448,9.610804283716248e-07,2.9984818154214556,14.13209722337513,0,0,0,2.2926568703040017e-11,independent_04,0,nan,nan,nan,nan,10.641893448436496,3.5929489252359996,0,0
C1,mixed,line,800,0,15.634265445624491,4.912975103834753,100.19114485039673,14.729309362362363,0.9999895503127518,0.022333875387361226,0.1025959178538461,0.01960973681659597,0.5296555975704422,0.019621249992084845,0.05573274977704105,11.066819119732092,33.23307717317296,3.456225241821052,1.0386138426658114e-06,2.9984818154214556,14.137598095760076,0,0,0,2.3803107819194166e-11,independent_05,0,nan,nan,nan,nan,10.641893448436496,3.5929489252359996,0,0
C2,mixed,line,800,0,15.634265445624491,4.912975103834753,100.19114485039673,14.729309362362363,0.9999895504502563,0.022333878194375642,0.10257979817951088,0.019601377515309788,0.529652924177211,0.019621551706290413,0.05569900027571967,11.071253531587114,33.233077172230885,3.457101491137866,1.0080646764550362e-06,2.9984818154214556,14.138215467656837,0,0,0,2.3809704381210266e-11,independent_05,0,nan,nan,nan,nan,10.641893448436496,3.5929489252359996,0,0
C4,mixed,line,800,0,15.634265445624491,4.912975103834753,100.19114485039673,14.729309362362363,0.999989550359436,0.02233386100112381,0.10259590873731787,0.019609736855838358,0.5296529943966398,0.019621212631741852,0.05573274995221707,11.066821553893485,33.23307717317296,3.4562258862073776,1.0386245601586468e-06,2.9984818154214556,14.137598558782264,0,0,0,2.3803023540874983e-11,independent_05,0,nan,nan,nan,nan,10.641893448436496,3.5929489252359996,0,0
C1,mixed,line,800,0,6.5035304886868675,5.57056400251987,72.70861422051557,12.918080697949572,0.9999593662753422,0.043502598772640184,0.10459420999258365,0.020566691869044224,0.7652339159071437,0.03933122200839157,0.0520089881716103,10.828724714218193,33.238129363949305,3.415070678461319,2.0610197044443354e-06,2.9984818154214556,14.118548145084308,0,0,0,2.1952219441094317e-11,independent_06,0,nan,nan,nan,nan,10.641893448436496,3.5929489252359996,0,0
C2,mixed,line,800,0,6.5035304886868675,5.57056400251987,72.70861422051557,12.918080697949572,0.9999593678384481,0.04350245249723842,0.10456823264475644,0.02055714469725862,0.765214559288455,0.03933180736858233,0.051968567955766966,10.837134420746258,33.23812936312308,3.4165739217520326,2.0323869382101693e-06,2.9984818154214556,14.119943088258925,0,0,0,2.196159907508878e-11,independent_06,0,nan,nan,nan,nan,10.641893448436496,3.5929489252359996,0,0
C4,mixed,line,800,0,6.5035304886868675,5.57056400251987,72.70861422051557,12.918080697949572,0.9999593670693783,0.043502485731471495,0.10459412257571937,0.020566692047248675,0.7652176900920417,0.03933092210366394,0.05200898897034742,10.828751764858632,33.238129363949305,3.4150762006911997,2.06099632369888e-06,2.9984818154214556,14.118553544202179,0,0,0,2.1950253350388647e-11,independent_06,0,nan,nan,nan,nan,10.641893448436496,3.5929489252359996,0,0
C1,mixed,line,800,0,15.17945599003981,8.122842193710243,56.80034644522554,13.219426309065163,0.999984954662431,0.025289217960477936,0.10477748186709795,0.01933539285158987,0.8717082836847461,0.02228771991462738,0.0397755812164154,10.095098165643245,33.25019509708582,3.3507441856466293,8.789809866695849e-07,2.9984818154214556,13.932180853401647,0,0,0,2.2196850643229386e-11,independent_07,0,nan,nan,nan,nan,10.641893448436496,3.5929489252359996,1,0
C2,mixed,line,800,0,15.17945599003981,8.122842193710243,56.80034644522554,13.219426309065163,0.9999849548489638,0.025289208583942922,0.1047672590566347,0.019332641778890845,0.8717000749752644,0.022287862999117055,0.0397609604166355,10.09785709750885,33.25019509624032,3.3512229109840526,8.735941988022674e-07,2.9984818154214556,13.932478762662914,0,0,0,2.2204339497365603e-11,independent_07,0,nan,nan,nan,nan,10.641893448436496,3.5929489252359996,1,0
C4,mixed,line,800,0,15.17945599003981,8.122842193710243,56.80034644522554,13.219426309065163,0.9999849547280026,0.025289203829691676,0.10477747432115915,0.019335392895387778,0.8717028754660124,0.022287685880630084,0.03977558133894083,10.09510068031698,33.25019509708582,3.350744628448922,8.78978807465972e-07,2.9984818154214556,13.932181133801775,0,0,0,2.21986484202455e-11,independent_07,0,nan,nan,nan,nan,10.641893448436496,3.5929489252359996,1,0
