t,pos_err,ori_err_geodesic,e_xi_norm,e_z_O_norm,e_z_T_norm,qddot_ref_norm,tau_norm,V,d_hat_norm,c0,c1,c2,runtime
0.000000,2.671085329e-04,8.505406543e-04,1.452283132e-03,4.252703167e-04,1.387105814e-04,5.237325155e-02,3.136499629e+01,2.655326890e-06,0.000000000e+00,2.223899e-15,1.109458e-19,1.556999e-21,1.316775e-02
0.050000,7.993469601e-04,1.528793109e-03,1.670765306e-02,7.643964815e-04,3.450772394e-04,3.010862784e-01,3.214965452e+01,1.451998777e-04,1.705555221e+00,2.223683e-15,3.501592e-18,2.271818e-19,8.756945e-03
0.100000,3.057344801e-04,7.042753001e-04,1.365437223e-02,3.521376456e-04,6.727940453e-05,3.476102698e-01,3.242496247e+01,9.424915997e-05,3.381427412e-01,2.002123e-15,2.054400e-18,1.549769e-19,8.827986e-03
0.150000,1.334663539e-04,5.882865984e-04,8.530606825e-03,2.941432980e-04,5.697607799e-05,2.787988958e-01,3.184766066e+01,3.710375883e-05,3.223590940e-01,1.778344e-15,6.336635e-18,1.496926e-19,8.813155e-03
0.200000,1.311040860e-04,5.061091718e-04,3.444225004e-03,2.530545868e-04,1.028678836e-04,2.678187011e-01,3.146497356e+01,6.528290341e-06,4.226716035e-01,1.777633e-15,4.795016e-18,5.480408e-20,8.791575e-03
0.250000,5.901170774e-05,1.518050793e-04,3.039109446e-03,7.590254290e-05,5.495592746e-05,2.100023283e-01,3.163195981e+01,4.688343912e-06,1.473575291e-01,4.486358e-16,1.167738e-18,2.707340e-19,8.800495e-03
0.300000,8.652902127e-05,2.544671434e-04,1.499115889e-03,1.272335794e-04,1.617794788e-04,2.126386789e-01,3.151668948e+01,1.462562092e-06,1.527723441e-01,2.223821e-15,4.590262e-18,9.600232e-19,1.160249e-02
0.350000,9.830395557e-05,3.478187619e-04,2.626378415e-03,1.739093847e-04,1.087079914e-04,2.054880651e-01,3.163026779e+01,3.785427000e-06,2.723025871e-01,1.557706e-15,4.853660e-18,9.575956e-19,1.347700e-02
0.400000,9.441125005e-05,1.729059166e-04,2.095712698e-03,8.645296824e-05,7.097279915e-05,2.200667414e-01,3.152105212e+01,2.296095888e-06,7.583628603e-02,1.781030e-15,9.686465e-18,2.737699e-19,8.817555e-03
0.450000,8.904799892e-05,3.133232652e-04,4.171600568e-03,1.566616369e-04,1.569883792e-04,1.959307678e-01,3.137370132e+01,9.094631405e-06,3.503524471e-01,1.555517e-15,8.635767e-18,9.380552e-19,8.828636e-03
0.500000,8.353302484e-05,1.369713894e-04,6.657600993e-03,6.848570875e-05,1.495136693e-04,1.674012388e-01,3.172471011e+01,2.237818253e-05,5.324534547e-01,2.002366e-15,8.763924e-18,2.394009e-18,8.811355e-03
0.550000,1.422003609e-04,3.056339423e-04,2.005869868e-03,1.528169730e-04,1.085892851e-04,1.608695970e-01,3.134273343e+01,2.292914245e-06,1.917281630e-01,6.663022e-16,1.237415e-17,7.100999e-19,8.816835e-03
0.600000,1.288306011e-04,1.965364534e-04,1.091635760e-03,9.826823310e-05,1.373875210e-04,7.874275031e-02,3.146356567e+01,8.240901287e-07,1.392173246e-01,1.114237e-15,1.246507e-17,6.025566e-19,8.941185e-03
0.650000,1.040813551e-04,2.809881146e-04,3.161157956e-03,1.404940618e-04,1.596026741e-04,1.695669285e-01,3.153009904e+01,5.358152573e-06,2.562790364e-01,1.333692e-15,3.408887e-18,6.974662e-19,9.818867e-03
0.700000,9.361684365e-05,1.577365500e-04,3.778268975e-03,7.886828454e-05,1.718399700e-04,8.711520714e-02,3.144898847e+01,7.423651675e-06,3.297531955e-01,1.568544e-15,3.270970e-18,1.470481e-18,8.662615e-03
0.750000,1.601559006e-04,2.702466084e-04,2.839827893e-03,1.351233120e-04,1.546506464e-04,9.157716570e-02,3.130207168e+01,4.369712287e-06,2.812062348e-01,2.223399e-15,9.299671e-18,2.143554e-18,8.715435e-03
0.800000,1.402187948e-04,2.008543741e-04,2.700512205e-03,1.004271939e-04,1.552321058e-04,8.146164128e-02,3.134006812e+01,3.919844108e-06,2.445902292e-01,1.332665e-15,1.185771e-17,4.429205e-19,8.644745e-03
0.850000,1.484695540e-04,1.264329097e-04,3.086430012e-03,6.321646409e-05,1.608351657e-04,9.769157710e-02,3.136879345e+01,5.001939284e-06,3.329593790e-01,1.111323e-15,1.283458e-17,1.004971e-18,8.701915e-03
0.900000,1.377710295e-04,3.644447208e-04,3.085247684e-03,1.822223623e-04,2.498877699e-04,5.841421763e-02,3.154132000e+01,5.524567732e-06,2.789200648e-01,1.112045e-15,5.760725e-18,2.389174e-19,9.059596e-03
0.950000,1.281068012e-04,2.142459296e-04,3.036107543e-03,1.071229698e-04,1.966975260e-04,8.713992046e-02,3.143557422e+01,5.010296486e-06,2.970881759e-01,1.113486e-15,9.048427e-18,2.076042e-18,8.710665e-03
1.000000,7.356064603e-05,1.475425667e-04,5.815432514e-04,7.377129575e-05,1.436293788e-04,4.415597784e-02,3.134786354e+01,3.776690969e-07,1.213687738e-01,1.781050e-15,7.657280e-19,8.199219e-19,8.700605e-03
1.050000,1.327465655e-04,1.320650499e-04,1.985556256e-03,6.603253579e-05,1.037215742e-04,6.936471760e-02,3.140889739e+01,2.092164509e-06,2.001099810e-01,1.559048e-15,6.929175e-18,1.619500e-18,8.679175e-03
1.100000,1.544635579e-04,1.660535260e-04,2.105797626e-03,8.302676965e-05,5.624357950e-05,5.903338966e-02,3.137098105e+01,2.297646099e-06,1.932056283e-01,1.121039e-15,6.773495e-18,1.231777e-18,8.721535e-03
1.150000,9.139731834e-05,2.773676193e-04,3.993567278e-03,1.386838174e-04,1.819671017e-04,9.063096809e-02,3.141305646e+01,8.393051622e-06,3.055138856e-01,2.221678e-15,9.994482e-18,2.409188e-18,8.628495e-03
1.200000,5.627698563e-05,2.225444719e-04,3.445747563e-03,1.112722444e-04,1.942967750e-04,7.804889744e-02,3.127065237e+01,6.337650128e-06,2.836308439e-01,1.779800e-15,2.935459e-18,1.003368e-18,8.680515e-03
1.250000,1.038372698e-04,2.169288181e-04,3.122051848e-03,1.084644156e-04,8.527852179e-05,1.088917024e-01,3.131801779e+01,5.025899517e-06,3.106411351e-01,1.347259e-15,6.175816e-18,8.345820e-19,9.002065e-03
1.300000,1.422343243e-04,1.641142215e-04,1.720867321e-03,8.205711987e-05,1.644985398e-04,1.357254344e-01,3.135437392e+01,1.751037292e-06,1.745580819e-01,1.554429e-15,8.993902e-18,1.843376e-18,8.664715e-03
1.350000,8.825246116e-05,2.078115022e-04,2.389419233e-03,1.039057604e-04,1.836325944e-04,1.544747562e-01,3.127952250e+01,3.210800831e-06,2.062032721e-01,2.008288e-15,1.373900e-17,7.494916e-19,8.891666e-03
1.400000,1.389469007e-04,3.525162893e-04,1.450155800e-03,1.762581469e-04,2.011961797e-04,1.297714000e-01,3.129491754e+01,1.623850619e-06,1.522222234e-01,1.128569e-15,2.036520e-18,1.141075e-18,8.781054e-03
1.450000,1.043625576e-04,2.450421906e-04,1.630209878e-03,1.225211034e-04,1.675824386e-04,1.331136606e-01,3.133308642e+01,1.673554479e-06,1.307325206e-01,2.221241e-15,1.549325e-17,1.074040e-18,8.874455e-03
1.500000,1.612517057e-04,3.003332320e-04,1.158675373e-03,1.501666201e-04,1.877128891e-04,1.473146485e-01,3.134416739e+01,1.133553451e-06,8.599095602e-02,1.332604e-15,1.180822e-17,7.558442e-20,8.759405e-03
1.550000,1.779194234e-04,4.115261850e-04,1.275968186e-03,2.057630958e-04,1.129943253e-04,1.923413284e-01,3.135895800e+01,1.254896759e-06,1.412000827e-01,2.000249e-15,8.742456e-18,7.533120e-19,8.722525e-03
1.600000,9.386580212e-05,1.260178824e-04,4.634019749e-03,6.300895328e-05,8.081698794e-05,2.166298844e-01,3.121232231e+01,1.082108163e-05,2.882207155e-01,1.557838e-15,7.989229e-18,4.949022e-19,8.809025e-03
1.650000,1.171256550e-04,2.154380286e-04,2.332912730e-03,1.077190221e-04,1.152030370e-04,2.567208397e-01,3.121150483e+01,2.920241922e-06,2.109304020e-01,1.557817e-15,2.196886e-18,6.315778e-19,8.573574e-03
1.700000,1.360745897e-04,2.185088069e-04,4.216186029e-03,1.092544115e-04,2.445445080e-05,1.879127741e-01,3.124185347e+01,8.988388687e-06,3.420414344e-01,1.786420e-15,1.410301e-18,3.491019e-19,8.751245e-03
1.750000,1.594120393e-04,6.409898298e-05,1.234535608e-03,3.204951927e-05,1.563637915e-04,2.053560790e-01,3.146759286e+01,9.658535400e-07,1.362352943e-01,1.783028e-15,1.575458e-18,2.751630e-19,8.730815e-03
1.800000,8.760599504e-05,2.590260721e-04,1.993095275e-03,1.295130451e-04,1.879528069e-04,2.403874063e-01,3.124411277e+01,2.403013480e-06,2.431102729e-01,2.444857e-15,7.305696e-18,1.165757e-19,8.588274e-03
1.850000,1.369398839e-04,2.676936904e-04,2.816369422e-03,1.338468515e-04,1.208431770e-04,1.909790657e-01,3.124019935e+01,4.226112784e-06,2.173769973e-01,1.777930e-15,3.822691e-18,4.023406e-20,8.617265e-03
1.900000,1.707119791e-04,2.425527259e-04,4.895915264e-03,1.212763679e-04,2.029763232e-05,2.343922090e-01,3.122602679e+01,1.210595275e-05,4.801091750e-01,1.136873e-15,2.254876e-18,1.457291e-20,8.591144e-03
1.950000,9.948804492e-05,2.802051503e-04,5.095496585e-04,1.401025796e-04,3.330889803e-05,2.152944063e-01,3.132862573e+01,2.957261513e-07,7.864098842e-02,1.333673e-15,8.722472e-19,3.602638e-21,8.627675e-03
2.000000,7.760981548e-05,2.010897520e-04,1.612610143e-03,1.005448859e-04,1.000832617e-04,4.033131038e-02,3.121007818e+01,1.461263203e-06,7.640575669e-02,2.006993e-15,4.420616e-19,1.326662e-21,8.830315e-03
2.050000,8.752169282e-05,9.894086471e-05,4.310293756e-03,4.947045015e-05,5.424916761e-05,8.430516916e-02,3.146686388e+01,9.332438512e-06,3.968940666e-01,1.790073e-15,7.383643e-19,1.034152e-20,8.667374e-03
2.100000,1.334173310e-04,1.392398501e-04,1.408874364e-03,6.961993886e-05,3.495443362e-05,3.712365734e-02,3.123695081e+01,1.041013474e-06,2.091630872e-01,1.998402e-15,1.672725e-19,1.637065e-21,8.624005e-03
2.150000,1.091802039e-04,2.332826049e-04,4.349486467e-03,1.166413082e-04,2.906639128e-05,7.221447339e-02,3.138283868e+01,9.574616662e-06,4.038838845e-01,1.335001e-15,6.317724e-20,9.418482e-21,8.693575e-03
2.200000,1.288370813e-04,2.436039117e-04,2.920396486e-03,1.218019621e-04,9.351055372e-05,8.274004393e-02,3.113516683e+01,4.452997350e-06,3.196557881e-01,1.564815e-15,1.108925e-18,1.152089e-20,8.691424e-03
2.250000,1.569240153e-04,2.627043667e-04,3.105351845e-03,1.313521900e-04,4.469955288e-05,5.633689095e-02,3.120754353e+01,4.975616623e-06,3.135139235e-01,1.778636e-15,2.019115e-19,5.675160e-21,8.935015e-03
2.300000,1.637261493e-04,2.996789806e-04,1.596896761e-03,1.498394935e-04,1.045524039e-04,5.607410111e-02,3.126576664e+01,1.542104264e-06,1.802781211e-01,1.111966e-15,1.036269e-19,7.447199e-22,8.684325e-03
2.350000,1.596975972e-04,2.517770274e-04,2.018808091e-03,1.258885207e-04,1.216725302e-04,9.184928504e-02,3.128027543e+01,2.283010047e-06,9.991586178e-02,2.004168e-15,1.917141e-19,1.634281e-21,8.802045e-03
2.400000,1.061197836e-04,2.752452825e-04,2.529794047e-03,1.376226478e-04,9.946365004e-05,2.949356024e-02,3.114445068e+01,3.430593046e-06,2.094585445e-01,1.998723e-15,2.859147e-19,5.531107e-21,8.950876e-03
2.450000,5.532716878e-05,2.178826410e-04,3.704441944e-03,1.089413280e-04,1.197190925e-04,8.092138905e-02,3.107041463e+01,7.071052052e-06,2.939095175e-01,1.777263e-15,2.179486e-19,8.480911e-21,8.921885e-03
2.500000,9.265228662e-05,1.411210614e-04,4.295940933e-03,7.056054248e-05,7.702795834e-05,7.140469374e-02,3.126822926e+01,9.314851022e-06,3.933345265e-01,1.554759e-15,7.649319e-19,1.526212e-20,8.685335e-03
2.550000,1.994171443e-04,3.884990950e-04,2.395796847e-03,1.942495503e-04,5.194000966e-05,6.200447637e-02,3.118659004e+01,3.193366485e-06,1.241452247e-01,1.555554e-15,4.896645e-19,4.735058e-21,1.195852e-02
2.600000,1.338640092e-04,2.383871562e-04,3.379841285e-03,1.191935883e-04,1.139029392e-04,9.304329444e-02,3.120472567e+01,5.929111485e-06,3.320176948e-01,2.444670e-15,3.985812e-19,8.179462e-21,8.971205e-03
2.650000,1.053365956e-04,2.677092758e-04,2.516829300e-03,1.338546435e-04,1.443367783e-04,5.053558498e-02,3.119624992e+01,3.477216231e-06,1.738092374e-01,1.801999e-15,8.563092e-19,4.666195e-21,8.675935e-03
2.700000,1.337382156e-04,1.879073792e-04,3.274721790e-03,9.395370088e-05,1.289332419e-04,5.262254895e-02,3.118960273e+01,5.565510032e-06,2.328848413e-01,2.004375e-15,2.925506e-19,7.200559e-21,8.634275e-03
2.750000,1.143762956e-04,2.714209320e-04,2.156696060e-03,1.357104716e-04,1.054898649e-04,6.535339803e-02,3.126666680e+01,2.562032497e-06,1.669316577e-01,1.776863e-15,2.169934e-19,2.705621e-21,1.172030e-02
2.800000,9.663546174e-03,1.261142973e-02,2.175050709e-01,6.305673079e-03,5.513893620e-03,9.319725146e+00,1.008092128e+01,2.421554423e-02,1.608199702e+00,1.332536e-15,2.227026e-17,3.176916e-17,8.668624e-03
2.850000,1.444656563e-02,1.880061216e-02,8.707307857e-02,9.400167639e-03,8.213542364e-03,5.653198603e+00,1.797721765e+01,5.037463944e-03,1.024428429e+00,1.561340e-15,1.377065e-17,6.072077e-18,8.653684e-03
2.900000,1.645738133e-02,2.145028778e-02,4.264458846e-02,1.072493827e-02,9.398204715e-03,4.277603961e+00,2.104867820e+01,2.536084886e-03,3.512744389e-01,2.221415e-15,5.244670e-18,1.124451e-18,8.665065e-03
2.950000,1.740455681e-02,2.270197857e-02,2.211356221e-02,1.135074553e-02,9.937085580e-03,3.692397182e+00,2.217743493e+01,2.065185569e-03,2.661709574e-01,1.560305e-15,5.156803e-18,3.333180e-19,1.178285e-02
3.000000,1.777670054e-02,2.328058563e-02,8.966186878e-03,1.164002995e-02,1.021426646e-02,3.339019101e+00,2.302491518e+01,1.958768546e-03,3.310461184e-01,1.783866e-15,6.091103e-19,4.558265e-20,8.697815e-03
3.050000,1.801400292e-02,2.361232306e-02,5.308275477e-03,1.180588726e-02,1.032844262e-02,3.174175712e+00,2.334116559e+01,1.982534502e-03,1.959551872e-01,1.110223e-15,8.088770e-19,1.533466e-20,8.795175e-03
3.100000,1.815288665e-02,2.383118864e-02,4.274718779e-03,1.191531235e-02,1.040716947e-02,3.152567810e+00,2.334173549e+01,2.011407369e-03,2.881074655e-01,1.999924e-15,3.340533e-19,1.713018e-20,8.751625e-03
3.150000,1.820032702e-02,2.393477671e-02,5.721785002e-03,1.196710270e-02,1.045796289e-02,3.141090607e+00,2.339847275e+01,2.037013690e-03,3.537448914e-01,1.558328e-15,2.013129e-19,1.365800e-20,8.800805e-03
3.200000,1.821655033e-02,2.396503891e-02,3.339940251e-03,1.198223271e-02,1.046186058e-02,3.098018469e+00,2.348816524e+01,2.029773021e-03,2.686031253e-01,1.335936e-15,5.127733e-19,3.741894e-21,8.591075e-03
3.250000,1.823965124e-02,2.395193706e-02,2.319712488e-03,1.197568226e-02,1.045233392e-02,3.097679069e+00,2.362970358e+01,2.024036533e-03,3.254704612e-01,2.000831e-15,1.472930e-18,2.329341e-21,8.910135e-03
3.300000,1.818495020e-02,2.390028042e-02,4.048951452e-03,1.194985579e-02,1.042355713e-02,3.080367388e+00,2.367764504e+01,2.019793776e-03,3.242771745e-01,1.998454e-15,3.965707e-19,1.694893e-20,8.767595e-03
3.350000,1.835334401e-02,2.418015097e-02,1.328184156e-03,1.208978095e-02,1.051814377e-02,3.087253569e+00,2.354034012e+01,2.055235251e-03,1.741549396e-01,1.559226e-15,1.275776e-18,3.031917e-21,1.401862e-02
3.400000,1.829864973e-02,2.420747419e-02,4.542995931e-03,1.210344156e-02,1.052708276e-02,3.134285645e+00,2.329774860e+01,2.068821560e-03,5.109383372e-01,1.781896e-15,5.860978e-19,1.186602e-20,8.657225e-03
3.450000,1.821129635e-02,2.395037042e-02,3.439659815e-03,1.197489900e-02,1.041503090e-02,3.102022649e+00,2.365160737e+01,2.020884226e-03,1.769501266e-01,1.998620e-15,8.970555e-19,3.479946e-21,8.654705e-03
3.500000,1.831729181e-02,2.419134109e-02,4.735035874e-03,1.209537561e-02,1.051683364e-02,3.071962139e+00,2.356132877e+01,2.066425489e-03,6.223033430e-01,1.559455e-15,3.163869e-19,5.427790e-21,8.794126e-03
3.550000,1.813985122e-02,2.387569385e-02,8.831623738e-03,1.193756338e-02,1.037311746e-02,2.453145281e+00,2.434646657e+01,2.039854671e-03,3.975724499e-01,2.001519e-15,2.761068e-19,7.099430e-20,8.738255e-03
3.600000,1.777724307e-02,2.346415901e-02,1.564951975e-02,1.173181037e-02,1.021904831e-02,2.149771854e+00,2.495734058e+01,2.058968318e-03,3.941534189e-01,1.777556e-15,2.403807e-18,2.047162e-19,8.655075e-03
3.650000,1.727287142e-02,2.273059828e-02,1.897867366e-02,1.136505446e-02,9.880290234e-03,1.895667833e+00,2.557289208e+01,1.994371812e-03,3.705926471e-01,1.777042e-15,1.334769e-18,3.261242e-19,8.810535e-03
3.700000,1.647823617e-02,2.159837546e-02,2.537715974e-02,1.079897783e-02,9.409934856e-03,1.560671937e+00,2.642886791e+01,1.963318487e-03,3.031112194e-01,1.788608e-15,2.551909e-18,4.619926e-19,1.331068e-02
3.750000,1.541155772e-02,2.014933691e-02,3.478474035e-02,1.007449803e-02,8.774722353e-03,1.132601330e+00,2.765728535e+01,2.032919184e-03,4.213835779e-01,2.001284e-15,9.272464e-18,8.893443e-19,8.736395e-03
3.800000,1.417151516e-02,1.840045071e-02,3.876328553e-02,9.200095567e-03,8.030869648e-03,8.271753328e-01,2.836856448e+01,1.944389158e-03,2.805697548e-01,1.120198e-15,2.881307e-18,6.947571e-19,8.842084e-03
3.850000,1.274744130e-02,1.652488223e-02,4.691012532e-02,8.262347106e-03,7.235771145e-03,3.626184543e-01,2.964679713e+01,2.065262039e-03,4.757487554e-01,1.333507e-15,2.611105e-18,1.736628e-18,1.349485e-02
3.900000,1.119372665e-02,1.439693473e-02,5.089385439e-02,7.198405197e-03,6.294387720e-03,1.851905960e-01,3.055338273e+01,2.026583040e-03,4.944501718e-01,1.776737e-15,7.555762e-18,1.735372e-18,8.702865e-03
3.950000,9.338685395e-03,1.174845733e-02,5.623024059e-02,5.874194882e-03,5.189978635e-03,5.127788111e-01,3.160251769e+01,2.072456328e-03,4.737682222e-01,1.780240e-15,4.165369e-18,2.830662e-18,1.049766e-02
4.000000,7.416572091e-03,8.998744232e-03,6.360325997e-02,4.499356935e-03,4.031112507e-03,8.379270888e-01,3.269594115e+01,2.314639986e-03,8.561155249e-01,1.337954e-15,1.018028e-17,1.304497e-18,8.737175e-03
4.050000,5.565944118e-03,6.174062583e-03,5.799981650e-02,3.087026389e-03,2.890868270e-03,9.358521557e-01,3.307373226e+01,1.825084167e-03,2.253604054e-01,1.558853e-15,2.389346e-17,1.735570e-18,8.701095e-03
4.100000,3.977499548e-03,3.601889917e-03,4.996233530e-02,1.800943986e-03,2.056898486e-03,8.809089579e-01,3.305408285e+01,1.307911319e-03,1.280545998e-01,1.562593e-15,5.666269e-18,1.927511e-18,8.597554e-03
4.150000,2.604458584e-03,1.463611068e-03,4.692832556e-02,7.318054702e-04,1.671660066e-03,8.665172290e-01,3.331843041e+01,1.127773763e-03,5.453213009e-01,2.006127e-15,2.455262e-17,3.167003e-18,8.658844e-03
4.200000,1.496621871e-03,3.674995736e-04,3.345755589e-02,1.837497896e-04,1.745623608e-03,7.469021304e-01,3.305273306e+01,5.843517492e-04,7.879306312e-02,1.333462e-15,1.255977e-17,1.952317e-18,8.619294e-03
4.250000,6.009126342e-04,1.682696529e-03,3.119356442e-02,8.413481660e-04,1.989427822e-03,7.446220206e-01,3.319362235e+01,5.238447491e-04,3.495263067e-01,1.778560e-15,2.664268e-17,3.664700e-18,9.059305e-03
4.300000,2.773524094e-04,3.124324050e-03,2.402382261e-02,1.562161390e-03,2.473206153e-03,6.549027866e-01,3.322372345e+01,3.570288014e-04,2.209377378e-01,1.332663e-15,3.254040e-17,8.310529e-19,8.662025e-03
4.350000,8.904986183e-04,4.122046995e-03,2.034667830e-02,2.061022039e-03,2.835527024e-03,6.181554833e-01,3.307261814e+01,3.052978616e-04,2.786223917e-01,1.131909e-15,1.070173e-17,1.641871e-18,8.686934e-03
4.400000,1.429353870e-03,4.849061251e-03,1.571907178e-02,2.424528250e-03,3.032493676e-03,5.266889015e-01,3.308177148e+01,2.441394499e-04,2.256356688e-01,1.776897e-15,6.617312e-18,1.018515e-18,8.732395e-03
4.450000,1.859800993e-03,5.456119588e-03,1.261525261e-02,2.728056411e-03,3.239955123e-03,5.023506357e-01,3.306234442e+01,2.230891070e-04,1.438758999e-01,1.337957e-15,7.560901e-18,7.484628e-19,9.052286e-03
4.500000,2.224072763e-03,6.053148340e-03,9.700396858e-03,3.026569550e-03,3.491467967e-03,4.591559404e-01,3.309042611e+01,2.178526241e-04,2.686254919e-01,8.886369e-16,1.950375e-17,6.478335e-19,8.722475e-03
4.550000,2.443876476e-03,6.286077958e-03,6.636704379e-03,3.143033804e-03,3.542320302e-03,4.033835348e-01,3.293992254e+01,2.014364795e-04,3.148433470e-01,1.332617e-15,1.833271e-17,7.879137e-19,8.662695e-03
4.600000,2.655048838e-03,6.664056942e-03,9.562798639e-03,3.332022306e-03,3.738909313e-03,4.658982029e-01,3.321904354e+01,2.463780829e-04,2.766197739e-01,2.665842e-15,6.317187e-18,6.517202e-19,8.595785e-03
4.650000,2.841104277e-03,6.841462376e-03,5.546342319e-03,3.420724517e-03,3.766883268e-03,4.097878621e-01,3.313402619e+01,2.225070828e-04,2.372168998e-01,1.554635e-15,3.028517e-17,1.151790e-18,8.622674e-03
4.700000,2.996722601e-03,6.990333743e-03,2.619384586e-03,3.495159755e-03,3.776130692e-03,3.702030609e-01,3.297005219e+01,2.152330256e-04,1.843365777e-01,2.007079e-15,1.874477e-17,1.481881e-18,8.772884e-03
4.750000,3.179451394e-03,7.324138804e-03,6.156097152e-03,3.662061217e-03,3.931929791e-03,4.265606004e-01,3.305397362e+01,2.499148800e-04,2.164404561e-01,1.564819e-15,4.274905e-18,6.873003e-19,8.800006e-03
4.800000,3.234667844e-03,7.470567595e-03,3.039431400e-03,3.735275112e-03,4.036133598e-03,4.156123558e-01,3.309014657e+01,2.465603082e-04,2.399718214e-01,1.554800e-15,1.051895e-17,4.924460e-20,8.781765e-03
4.850000,3.398406154e-03,7.625120433e-03,6.220090310e-03,3.812550981e-03,4.037847538e-03,4.383999048e-01,3.312442080e+01,2.660628235e-04,5.379215811e-01,1.346961e-15,6.141644e-18,2.970756e-19,8.753625e-03
4.900000,3.408012183e-03,7.571749775e-03,1.352422137e-03,3.785865844e-03,4.001922243e-03,3.983517731e-01,3.299411057e+01,2.436998174e-04,8.939240125e-02,1.357714e-15,5.814034e-18,1.921204e-19,8.698135e-03
4.950000,3.445929572e-03,7.729833811e-03,2.311922211e-03,3.864907284e-03,4.112138067e-03,4.028010406e-01,3.304991979e+01,2.574499945e-04,2.208440850e-01,1.111882e-15,7.053706e-19,6.328171e-20,8.876175e-03
5.000000,3.471754092e-03,7.784188700e-03,3.520463264e-03,3.892084524e-03,4.143566095e-03,5.591474868e-01,3.321008850e+01,2.647365262e-04,3.094762642e-01,1.779981e-15,3.767726e-19,7.940934e-21,8.699015e-03
5.050000,3.600904685e-03,8.059408064e-03,1.823782824e-03,4.029693126e-03,4.263654562e-03,1.777852221e+00,3.556585343e+01,2.770005072e-04,2.803662314e-01,1.136502e-15,5.910261e-18,2.685108e-19,8.660254e-03
5.100000,3.580471448e-03,7.724517418e-03,5.242049495e-03,3.862249107e-03,4.000290972e-03,1.621181063e+00,3.515561894e+01,2.610939097e-04,2.969306874e-01,2.000104e-15,1.756130e-17,1.655934e-18,8.702405e-03
5.150000,3.558829400e-03,7.731049429e-03,3.371226483e-03,3.865515088e-03,4.037501929e-03,1.466388421e+00,3.481616446e+01,2.556316138e-04,3.441825272e-01,2.000635e-15,2.597856e-17,6.169651e-18,8.714355e-03
5.200000,3.508563408e-03,7.470405577e-03,3.906325148e-03,3.735194103e-03,3.867614667e-03,1.241991590e+00,3.427900262e+01,2.389106337e-04,1.659935624e-01,1.999201e-15,5.574495e-18,1.602780e-17,8.632185e-03
5.250000,3.496759058e-03,7.422297071e-03,2.387856574e-03,3.711140017e-03,3.824962602e-03,9.983057491e-01,3.372322750e+01,2.300741226e-04,4.108828170e-01,1.777565e-15,6.441929e-18,2.147684e-18,8.620525e-03
5.300000,3.494362462e-03,7.420919901e-03,4.240987550e-03,3.710451437e-03,3.823470965e-03,8.104986571e-01,3.300741703e+01,2.360840284e-04,3.462246046e-01,1.780691e-15,2.001495e-17,1.054841e-17,8.622715e-03
5.350000,3.548486320e-03,7.658163341e-03,2.986791424e-03,3.829072314e-03,3.980749554e-03,6.777017973e-01,3.250186606e+01,2.485257559e-04,2.423839071e-01,1.335102e-15,1.837416e-17,6.329926e-18,8.629165e-03
5.400000,3.445039239e-03,7.517442574e-03,2.896545996e-03,3.758712436e-03,3.934094441e-03,5.652787381e-01,3.157486463e+01,2.410351354e-04,1.790077804e-01,1.111849e-15,6.607133e-17,1.507586e-17,8.625275e-03
5.450000,3.415925312e-03,7.592182656e-03,9.300393217e-04,3.796082211e-03,3.999000193e-03,6.238257368e-01,3.076332062e+01,2.436504281e-04,1.258980122e-01,1.559360e-15,3.127729e-17,5.552348e-17,8.589944e-03
5.500000,3.390000152e-03,7.547106190e-03,2.911620785e-03,3.773544139e-03,3.962408883e-03,7.185899000e-01,2.992964919e+01,2.437613240e-04,3.770477070e-01,1.122624e-15,5.959456e-17,1.250675e-17,8.691394e-03
5.550000,3.432309107e-03,7.645497830e-03,4.379790849e-03,3.822739605e-03,3.997681148e-03,9.668648972e-01,2.926468651e+01,2.543496251e-04,2.596521879e-01,1.777289e-15,4.702415e-17,1.503726e-17,8.648185e-03
5.600000,3.446683862e-03,7.840945973e-03,9.143846196e-04,3.920462943e-03,4.129168024e-03,1.128977605e+00,2.851851680e+01,2.597785157e-04,2.068470251e-01,1.334603e-15,4.137434e-17,1.792210e-17,8.556835e-03
5.650000,3.443543690e-03,8.052445162e-03,3.910138454e-03,4.026211704e-03,4.291563809e-03,1.308771797e+00,2.789696648e+01,2.846677962e-04,1.755406587e-01,1.554701e-15,4.125164e-17,2.139216e-17,8.507075e-03
5.700000,3.343053050e-03,7.934440042e-03,4.041105965e-03,3.967209615e-03,4.240385202e-03,1.457083555e+00,2.733839103e+01,2.779222190e-04,1.288705475e-01,1.777825e-15,1.535818e-17,1.302129e-17,8.966965e-03
5.750000,3.341319975e-03,8.187438263e-03,2.547026252e-03,4.093707698e-03,4.447994257e-03,1.516914415e+00,2.665920158e+01,2.955884363e-04,1.684109948e-01,2.442511e-15,2.655055e-17,9.879634e-18,8.581504e-03
5.800000,3.409516583e-03,8.390479646e-03,6.065867904e-03,4.195227517e-03,4.537421456e-03,1.689646370e+00,2.642700102e+01,3.239023958e-04,4.330388200e-01,1.332557e-15,3.181099e-17,2.903732e-18,8.634664e-03
5.850000,3.436636009e-03,8.499727970e-03,1.081008266e-03,4.249851192e-03,4.590085083e-03,1.744044982e+00,2.594167836e+01,3.136252192e-04,1.889154322e-01,1.777444e-15,2.293415e-17,5.902531e-18,8.606484e-03
5.900000,3.358805944e-03,8.467356186e-03,5.714611807e-03,4.233665446e-03,4.624869459e-03,1.822359470e+00,2.574325129e+01,3.308351190e-04,3.050489794e-01,2.001346e-15,7.909947e-18,1.574998e-18,8.610594e-03
5.950000,3.429158635e-03,8.692339815e-03,3.789344819e-03,4.346156225e-03,4.778273028e-03,1.834116879e+00,2.563759557e+01,3.409473036e-04,2.260934551e-01,1.998839e-15,8.900095e-18,2.593636e-19,8.634265e-03
6.000000,3.392328391e-03,8.537220187e-03,4.091170841e-03,4.268597131e-03,4.665839628e-03,5.407620260e-01,2.708484484e+01,3.282966866e-04,3.564922646e-01,2.442827e-15,2.617332e-19,1.024350e-20,8.623395e-03
6.050000,3.385018557e-03,8.590017776e-03,3.273869813e-03,4.294995683e-03,4.754660028e-03,7.966465292e-01,2.788663895e+01,3.337893509e-04,8.756705364e-02,2.010942e-15,3.070083e-18,2.488389e-19,8.750625e-03
6.100000,3.462529145e-03,8.610518188e-03,3.937047284e-03,4.305245794e-03,4.716289163e-03,7.544164295e-01,2.776842346e+01,3.339783692e-04,1.667889122e-01,1.778886e-15,4.472818e-18,1.024159e-18,8.577174e-03
6.150000,3.467981898e-03,8.451078406e-03,7.442803014e-03,4.225526629e-03,4.616281791e-03,7.282319190e-01,2.767547671e+01,3.410187212e-04,3.787898926e-01,1.777722e-15,7.401442e-18,7.962259e-19,8.515925e-03
6.200000,3.430025716e-03,8.329533540e-03,1.957727129e-03,4.164754730e-03,4.594437137e-03,7.484023729e-01,2.771600120e+01,3.095486243e-04,4.492505412e-01,2.225410e-15,2.043057e-17,2.081958e-18,8.649524e-03
6.250000,3.341011725e-03,8.076425579e-03,1.509223689e-03,4.038201814e-03,4.481965852e-03,6.559931922e-01,2.732446148e+01,2.922996124e-04,3.275795976e-01,1.786283e-15,3.796838e-17,3.921273e-18,8.641254e-03
6.300000,3.389376756e-03,8.152379617e-03,4.274930581e-03,4.076178521e-03,4.521059880e-03,5.974604152e-01,2.694491726e+01,3.055792259e-04,2.318788216e-01,2.667817e-15,2.508035e-17,9.736282e-19,8.801525e-03
6.350000,3.468043635e-03,8.157424392e-03,2.769188263e-03,4.078700888e-03,4.461455149e-03,6.010114807e-01,2.689622775e+01,2.961572656e-04,1.651012670e-01,2.222748e-15,1.213833e-17,7.779684e-19,8.633995e-03
6.400000,3.421814570e-03,8.014461510e-03,2.860132659e-03,4.007220031e-03,4.399495115e-03,5.793626141e-01,2.657531009e+01,2.873971365e-04,1.296954878e-01,2.444288e-15,4.118062e-17,7.011678e-18,8.730795e-03
6.450000,3.356727409e-03,7.963656561e-03,1.681602967e-03,3.981817759e-03,4.394058229e-03,5.690498937e-01,2.628268492e+01,2.827148573e-04,2.004416817e-01,1.779969e-15,4.507820e-17,9.305446e-18,8.559535e-03
6.500000,3.368709523e-03,7.808324831e-03,2.936012258e-03,3.904152498e-03,4.259704561e-03,5.766648514e-01,2.609388133e+01,2.714100014e-04,2.838277965e-01,2.443501e-15,6.017564e-17,3.971960e-18,8.613974e-03
6.550000,3.308555274e-03,7.937126382e-03,2.389133841e-03,3.968552774e-03,4.424995694e-03,5.565243959e-01,2.563902489e+01,2.854939643e-04,1.989775282e-01,2.673121e-15,5.266029e-17,2.884880e-17,8.643355e-03
6.600000,3.307323021e-03,7.896907487e-03,4.250519877e-03,3.948443484e-03,4.374393090e-03,5.203209530e-01,2.514833299e+01,2.868376265e-04,3.207745372e-01,2.004991e-15,4.003398e-17,1.538409e-17,8.532084e-03
6.650000,3.290633058e-03,7.973703804e-03,3.751011157e-03,3.986841340e-03,4.425620962e-03,5.260605460e-01,2.484377993e+01,2.908832405e-04,3.357228146e-01,2.222336e-15,8.406925e-17,8.578112e-18,8.553564e-03
6.700000,3.358073012e-03,8.059346699e-03,3.160059277e-03,4.029662444e-03,4.455963269e-03,5.789923970e-01,2.454406070e+01,2.937432918e-04,3.566299250e-01,1.998845e-15,3.803710e-17,5.178304e-18,8.633404e-03
6.750000,3.275297073e-03,7.908611156e-03,1.498057346e-03,3.954295273e-03,4.380196742e-03,5.793630893e-01,2.401636013e+01,2.797026847e-04,2.222893966e-01,2.665632e-15,5.055703e-17,9.475571e-18,8.693324e-03
6.800000,3.225621171e-03,7.863361795e-03,3.314704347e-03,3.931670768e-03,4.362417230e-03,6.074388939e-01,2.358126594e+01,2.814033854e-04,3.194749033e-01,1.776908e-15,5.628137e-18,1.853397e-17,8.618995e-03
6.850000,3.229406436e-03,7.962107446e-03,1.593400097e-03,3.981043207e-03,4.436320687e-03,6.220597856e-01,2.317158057e+01,2.855066320e-04,1.090646006e-01,2.228525e-15,2.027047e-17,1.528551e-17,8.616405e-03
6.900000,3.229729044e-03,7.924009713e-03,2.057857541e-03,3.961994491e-03,4.381190786e-03,6.224826510e-01,2.273339895e+01,2.812552533e-04,2.329547155e-01,3.109254e-15,6.416465e-17,1.189699e-17,8.629965e-03
6.950000,3.226763118e-03,8.013614879e-03,4.541796566e-03,4.006796718e-03,4.449509794e-03,7.410954710e-01,2.250528497e+01,2.971344168e-04,3.991795197e-01,2.220841e-15,2.511851e-17,1.936693e-17,8.641644e-03
7.000000,3.154887694e-03,7.874974164e-03,2.363931355e-03,3.937476908e-03,4.395649936e-03,7.172146023e-01,2.203567369e+01,2.813977878e-04,2.406094741e-01,2.444121e-15,7.755761e-17,1.478074e-17,8.604744e-03
7.050000,3.160578379e-03,8.130791616e-03,4.936271516e-03,4.065384610e-03,4.573208582e-03,7.762308075e-01,2.166882399e+01,3.117160983e-04,3.867246035e-01,2.000343e-15,4.922054e-17,8.212708e-18,8.673635e-03
7.100000,3.170955309e-03,8.184045858e-03,3.229482170e-03,4.092011510e-03,4.618557890e-03,7.697295878e-01,2.127522388e+01,3.098198590e-04,2.768241465e-01,1.999328e-15,2.540231e-17,3.601781e-17,8.610674e-03
7.150000,3.153611347e-03,8.324407090e-03,2.877019068e-03,4.162191528e-03,4.712348177e-03,8.477246079e-01,2.099502755e+01,3.203791286e-04,2.062823105e-01,2.445752e-15,3.756250e-17,1.693749e-17,8.685575e-03
7.200000,3.185878053e-03,8.286163076e-03,5.193918825e-03,4.143069686e-03,4.664288340e-03,8.871975949e-01,2.072361156e+01,3.248532935e-04,5.230363400e-01,2.221046e-15,1.146439e-17,1.729370e-17,8.640594e-03
7.250000,3.128758514e-03,8.194616145e-03,4.361053633e-03,4.097296609e-03,4.654354404e-03,9.194822907e-01,2.041240618e+01,3.171162297e-04,2.896559668e-01,2.888274e-15,1.121082e-17,1.627561e-17,8.647815e-03
7.300000,3.097606515e-03,8.105004160e-03,2.548174401e-03,4.052490988e-03,4.591756926e-03,9.390814627e-01,2.012114524e+01,3.033019154e-04,2.263605304e-01,1.999736e-15,2.113888e-17,8.539361e-18,8.621254e-03
7.350000,3.118527342e-03,8.240597766e-03,3.746014905e-03,4.120287225e-03,4.647834327e-03,9.701426720e-01,1.989746936e+01,3.156493598e-04,1.887573771e-01,2.002405e-15,5.158597e-17,1.119747e-17,8.609884e-03
7.400000,3.091016991e-03,8.282898898e-03,1.959751045e-03,4.141437610e-03,4.691396294e-03,9.820678068e-01,1.965430315e+01,3.152059495e-04,6.999149081e-02,2.221032e-15,7.419406e-18,7.753455e-18,8.624614e-03
7.450000,3.074732564e-03,8.406646935e-03,2.568831101e-03,4.203311090e-03,4.805552616e-03,9.671686317e-01,1.933875759e+01,3.293887271e-04,3.017880667e-01,1.116330e-15,5.344209e-17,8.745722e-18,1.314245e-02
7.500000,3.169546455e-03,8.610682032e-03,2.965573914e-03,4.305327716e-03,4.893171720e-03,1.048043266e+00,1.935090437e+01,3.442291241e-04,2.857990995e-01,1.555793e-15,3.908870e-17,1.174824e-17,8.649415e-03
7.550000,3.151078522e-03,8.557776743e-03,2.618955288e-03,4.278875315e-03,4.889042133e-03,1.069603664e+00,1.912220474e+01,3.411215189e-04,2.113809953e-01,2.443348e-15,1.874432e-17,6.963553e-18,8.606994e-03
7.600000,3.109298789e-03,8.479069963e-03,3.892585697e-03,4.239522282e-03,4.853700533e-03,1.040489314e+00,1.889410485e+01,3.398317760e-04,2.756580039e-01,1.333949e-15,2.248503e-17,1.488146e-18,1.233331e-02
7.650000,3.109763500e-03,8.548613474e-03,3.269266556e-03,4.274293722e-03,4.899303977e-03,1.122848289e+00,1.888574514e+01,3.435261822e-04,3.028603194e-01,2.446936e-15,1.258232e-17,4.624082e-18,8.857535e-03
7.700000,3.188928589e-03,8.714821793e-03,1.714821841e-03,4.357397108e-03,4.964214068e-03,1.116175011e+00,1.884713833e+01,3.505129539e-04,1.995631183e-01,2.443523e-15,1.691837e-17,1.038498e-17,8.921275e-03
7.750000,3.132335265e-03,8.567457028e-03,2.692471971e-03,4.283715413e-03,4.918354420e-03,1.114160745e+00,1.878164053e+01,3.439481262e-04,2.250849255e-01,1.554585e-15,8.494850e-18,3.720475e-18,8.785595e-03
7.800000,3.151386770e-03,8.581060137e-03,2.200581321e-03,4.290516905e-03,4.923011910e-03,1.120650488e+00,1.867444564e+01,3.435779317e-04,2.759705590e-01,2.442494e-15,1.425389e-17,1.908135e-18,8.650574e-03
7.850000,3.158888625e-03,8.544190546e-03,1.801866568e-03,4.272082279e-03,4.924015847e-03,1.139884022e+00,1.859510322e+01,3.415963141e-04,2.350185840e-01,2.666318e-15,4.321227e-18,2.038656e-18,8.635914e-03
7.900000,3.173896972e-03,8.701793474e-03,2.318716091e-03,4.350883010e-03,5.013018165e-03,1.143708910e+00,1.857189292e+01,3.551724948e-04,2.053830209e-01,2.445594e-15,3.464368e-18,6.057835e-19,1.329039e-02
7.950000,3.173359047e-03,8.704957796e-03,2.593184943e-03,4.352465156e-03,5.014168615e-03,1.121624850e+00,1.855765445e+01,3.560490227e-04,2.387130961e-01,1.777316e-15,4.834533e-18,6.221075e-19,8.731204e-03
8.000000,3.166118677e-03,8.561942072e-03,3.144082417e-03,4.280957960e-03,4.926931535e-03,6.380256438e-01,1.863236364e+01,3.457526704e-04,3.206982697e-01,2.665783e-15,3.749511e-18,3.162204e-19,8.569305e-03
8.050000,3.210028239e-03,8.646304837e-03,2.779088594e-03,4.323138953e-03,4.972022230e-03,4.720306601e-01,1.794021873e+01,3.511459504e-04,2.384505222e-01,1.999536e-15,1.305413e-18,2.869530e-19,8.689445e-03
8.100000,3.196487401e-03,8.456467395e-03,2.246499807e-03,4.228221099e-03,4.861431079e-03,4.836260196e-01,1.793342249e+01,3.346143071e-04,1.753819057e-01,2.889919e-15,9.351996e-18,3.834366e-19,8.967595e-03
8.150000,3.283840789e-03,8.502872734e-03,3.191975777e-03,4.251423560e-03,4.884272448e-03,4.260905531e-01,1.800296961e+01,3.405401117e-04,1.755237570e-01,1.781246e-15,5.202233e-18,2.150020e-18,8.817395e-03
8.200000,3.241285784e-03,8.386655819e-03,3.420718391e-03,4.193315621e-03,4.862131472e-03,3.943854516e-01,1.805851302e+01,3.356444039e-04,2.266606023e-01,2.004119e-15,1.828331e-17,7.752055e-19,8.825274e-03
8.250000,3.261333549e-03,8.318646834e-03,2.406791388e-03,4.159311425e-03,4.825102061e-03,3.807668505e-01,1.813364121e+01,3.275481738e-04,1.261864312e-01,2.443825e-15,1.502161e-17,2.780720e-18,8.799525e-03
8.300000,3.327679995e-03,8.452761052e-03,3.696265877e-03,4.226367944e-03,4.897792884e-03,4.136739100e-01,1.815487476e+01,3.416356798e-04,3.617843320e-01,1.777332e-15,3.190188e-17,2.731372e-18,8.964946e-03
8.350000,3.291894592e-03,8.271527549e-03,3.164936440e-03,4.135751985e-03,4.836182895e-03,3.917753221e-01,1.823566311e+01,3.289532871e-04,3.052142182e-01,1.558220e-15,2.501865e-17,5.746511e-19,8.700514e-03
8.400000,3.285512802e-03,8.182096239e-03,5.792985443e-03,4.091036708e-03,4.755769051e-03,4.587495871e-01,1.837675851e+01,3.316107051e-04,5.212410539e-01,1.333624e-15,3.278542e-17,2.923485e-18,8.704885e-03
8.450000,3.317932103e-03,8.296987022e-03,2.667959168e-03,4.148481612e-03,4.817995891e-03,4.309559766e-01,1.842940562e+01,3.269428758e-04,3.084130983e-01,2.221556e-15,2.633913e-17,7.970068e-18,1.204023e-02
8.500000,3.330384116e-03,8.248086300e-03,1.289501040e-03,4.124031460e-03,4.780952908e-03,4.277780816e-01,1.845245291e+01,3.197525760e-04,1.000251002e-01,2.221722e-15,1.516778e-17,5.626376e-18,1.134399e-02
8.550000,3.370012943e-03,8.331308234e-03,3.606500852e-03,4.165642070e-03,4.810415607e-03,4.771110697e-01,1.852696725e+01,3.304448015e-04,3.112070661e-01,1.999272e-15,4.705988e-17,1.467840e-18,1.112829e-02
8.600000,3.367789879e-03,8.309100186e-03,1.422766606e-03,4.154538142e-03,4.812965739e-03,4.993495940e-01,1.861523803e+01,3.244107434e-04,1.879052368e-01,2.443599e-15,2.474560e-17,9.140372e-18,8.625395e-03
8.650000,3.368639884e-03,8.330213971e-03,2.042098454e-03,4.165094943e-03,4.821222214e-03,5.856793728e-01,1.878879077e+01,3.268226792e-04,2.291291353e-01,2.230690e-15,3.466478e-17,6.306227e-18,8.629224e-03
8.700000,3.354346677e-03,8.250234388e-03,2.011800405e-03,4.125105495e-03,4.747458705e-03,6.468602320e-01,1.885020710e+01,3.184625464e-04,2.228480641e-01,2.888352e-15,1.720621e-17,5.086422e-18,8.597414e-03
8.750000,3.339667367e-03,8.286940962e-03,3.131712364e-03,4.143458625e-03,4.772043787e-03,6.580360380e-01,1.885722384e+01,3.244290215e-04,2.966025414e-01,2.225860e-15,1.955908e-17,6.205424e-18,8.606165e-03
8.800000,3.353988155e-03,8.272645088e-03,2.990042212e-03,4.136310749e-03,4.788517253e-03,7.434583588e-01,1.903243412e+01,3.247818890e-04,2.304094571e-01,2.220956e-15,3.587098e-17,4.735281e-18,8.943435e-03
8.850000,3.348229985e-03,8.356600804e-03,4.569116118e-03,4.178288245e-03,4.800785783e-03,8.053836778e-01,1.907065192e+01,3.344835054e-04,4.119287064e-01,2.442729e-15,8.920992e-18,2.692992e-18,8.619774e-03
8.900000,3.321401746e-03,8.187755415e-03,3.813985183e-03,4.093866272e-03,4.712411236e-03,8.441619280e-01,1.911852146e+01,3.190057272e-04,2.861829859e-01,1.998469e-15,3.026251e-17,5.595534e-18,8.652944e-03
8.950000,3.396689287e-03,8.473277097e-03,2.077556312e-03,4.236625875e-03,4.848816105e-03,8.952115697e-01,1.918883884e+01,3.338382515e-04,1.713750070e-01,2.003760e-15,2.555488e-17,4.901254e-18,8.600095e-03
9.000000,3.388431006e-03,8.422064873e-03,2.476646012e-03,4.211019991e-03,4.841835099e-03,1.008548511e+00,1.934387032e+01,3.324753397e-04,2.201260358e-01,1.777405e-15,3.650629e-17,8.767195e-18,8.925245e-03
9.050000,3.367532367e-03,8.401058879e-03,1.783974095e-03,4.200517087e-03,4.819302915e-03,9.997535878e-01,1.938947874e+01,3.285514769e-04,2.524405288e-01,2.442848e-15,2.576696e-18,2.747019e-18,8.974225e-03
9.100000,3.392236396e-03,8.397333414e-03,3.806812536e-03,4.198654371e-03,4.798202709e-03,1.053563201e+00,1.942941136e+01,3.324574929e-04,3.666272750e-01,2.003614e-15,1.980154e-17,4.426183e-18,8.740495e-03
9.150000,3.371384730e-03,8.479200010e-03,3.589908229e-03,4.239587305e-03,4.839922839e-03,1.116765833e+00,1.958703791e+01,3.376353494e-04,2.440865329e-01,1.998605e-15,3.816568e-17,3.384079e-18,8.591484e-03
9.200000,3.384607036e-03,8.568065438e-03,2.905173507e-03,4.284019615e-03,4.844001104e-03,1.141326664e+00,1.956585362e+01,3.387573826e-04,2.790048875e-01,2.223489e-15,1.042082e-17,2.733823e-18,8.611745e-03
9.250000,3.436308775e-03,8.701563292e-03,2.811074378e-03,4.350767920e-03,4.942102889e-03,1.148095992e+00,1.954953369e+01,3.507795692e-04,2.158130133e-01,2.886719e-15,9.270505e-18,3.470240e-18,8.570315e-03
9.300000,3.416767620e-03,8.647154292e-03,3.580203136e-03,4.323563676e-03,4.902953739e-03,1.198266974e+00,1.967574486e+01,3.482661931e-04,3.352180942e-01,2.886671e-15,1.899755e-17,1.093218e-18,8.624625e-03
9.350000,3.409500448e-03,8.574155840e-03,5.498569239e-03,4.287064788e-03,4.842475100e-03,1.190054157e+00,1.960910807e+01,3.497450486e-04,5.627726109e-01,2.667529e-15,1.023619e-17,2.721125e-19,8.738265e-03
9.400000,3.423850271e-03,8.664400599e-03,2.121136724e-03,4.332186749e-03,4.899160202e-03,1.225383641e+00,1.966735653e+01,3.444065122e-04,2.546186912e-01,3.111615e-15,3.729845e-18,5.517206e-19,8.580154e-03
9.450000,3.466120799e-03,8.847696224e-03,2.499088320e-03,4.423833683e-03,4.966931392e-03,1.254806223e+00,1.967798997e+01,3.570484165e-04,2.162894282e-01,2.220822e-15,1.358839e-18,8.740153e-20,8.693225e-03
9.500000,3.429053153e-03,8.684221634e-03,1.568769247e-03,4.342097173e-03,4.895369147e-03,6.731071858e-01,1.908880326e+01,3.437780941e-04,1.477390335e-01,1.556756e-15,8.844845e-19,7.221206e-21,8.590474e-03
9.550000,3.442105517e-03,8.628191163e-03,1.822320069e-03,4.314082200e-03,4.880585059e-03,6.512473202e-01,1.900163653e+01,3.411117511e-04,2.214551464e-01,2.447449e-15,1.418272e-18,3.813119e-21,8.579354e-03
9.600000,3.448807939e-03,8.617117812e-03,1.723661004e-03,4.308545576e-03,4.851401222e-03,6.468424545e-01,1.899586332e+01,3.382827740e-04,9.142282353e-02,2.665160e-15,7.133169e-19,2.263734e-20,8.885095e-03
9.650000,3.452459665e-03,8.578077496e-03,2.275649200e-03,4.289025598e-03,4.852433753e-03,7.137485947e-01,1.903166665e+01,3.381241209e-04,2.504959324e-01,2.221355e-15,8.145200e-19,1.184001e-20,1.052345e-02
9.700000,3.473551068e-03,8.566781091e-03,7.387225898e-03,4.283377448e-03,4.858975415e-03,7.515734493e-01,1.916518231e+01,3.629412688e-04,6.344439222e-01,2.221081e-15,2.300761e-18,6.108041e-20,8.594224e-03
9.750000,3.505677678e-03,8.747278259e-03,4.647755361e-03,4.373625186e-03,4.952109626e-03,7.534978643e-01,1.902165883e+01,3.600167111e-04,4.285040053e-01,2.222090e-15,3.861096e-18,1.016722e-19,8.639024e-03
9.800000,3.501119227e-03,8.599537904e-03,2.640115559e-03,4.299755703e-03,4.879505020e-03,7.391926407e-01,1.902880760e+01,3.418648518e-04,1.264256576e-01,2.448353e-15,2.803438e-18,3.023481e-19,8.647544e-03
9.850000,3.523968253e-03,8.661111056e-03,1.443766193e-03,4.330541992e-03,4.899405590e-03,7.582717980e-01,1.901880053e+01,3.431043830e-04,1.572876117e-01,1.999557e-15,3.207521e-18,5.049930e-19,8.690304e-03
9.900000,3.528043589e-03,8.761485225e-03,3.478285065e-03,4.380728601e-03,4.957169153e-03,7.545194232e-01,1.905915673e+01,3.561637062e-04,2.423818188e-01,3.110271e-15,6.604309e-18,2.342241e-19,8.622604e-03
9.950000,3.489577311e-03,8.671592983e-03,4.627583243e-03,4.335782907e-03,4.966208885e-03,7.954491173e-01,1.901962410e+01,3.584052162e-04,4.110926183e-01,2.442491e-15,9.450452e-18,3.800149e-19,1.349073e-02
10.000000,3.556318559e-03,8.858259138e-03,8.622618969e-04,4.429115088e-03,5.016146684e-03,8.142885182e-01,1.911256277e+01,3.586020520e-04,9.691137930e-02,3.111676e-15,3.639913e-18,5.426815e-19,8.597805e-03
10.050000,3.572385111e-03,8.903125966e-03,2.500096715e-03,4.451548281e-03,5.018798124e-03,8.214098290e-01,1.916762319e+01,3.631621755e-04,7.222272569e-02,2.889526e-15,9.109033e-18,5.093761e-19,8.618184e-03
10.100000,3.576952012e-03,8.888973482e-03,5.126090825e-03,4.444472109e-03,4.986736661e-03,8.737158265e-01,1.927977624e+01,3.701054024e-04,4.985438473e-01,2.444660e-15,2.500058e-17,1.038584e-18,8.923625e-03
10.150000,3.561880423e-03,8.828034891e-03,3.853082859e-03,4.414003112e-03,4.987913577e-03,8.303111859e-01,1.931389735e+01,3.623247663e-04,4.552047480e-01,2.443476e-15,8.682827e-18,1.711614e-18,8.984585e-03
10.200000,3.645476725e-03,9.000664689e-03,1.176996485e-03,4.500317154e-03,5.064000833e-03,8.718888899e-01,1.940099405e+01,3.678683317e-04,1.713056761e-01,2.894954e-15,5.821285e-18,9.052563e-19,8.665205e-03
10.250000,3.605281131e-03,8.893831434e-03,3.718750839e-03,4.446901061e-03,5.014534276e-03,8.294038218e-01,1.940746880e+01,3.662784183e-04,3.348361354e-01,2.442836e-15,2.936440e-17,1.720134e-18,8.661184e-03
10.300000,3.592126096e-03,8.879403370e-03,4.373230911e-03,4.439687100e-03,4.992293550e-03,8.398670701e-01,1.951542835e+01,3.666331058e-04,4.716266521e-01,2.442510e-15,1.270254e-17,1.172553e-18,8.557034e-03
10.350000,3.601583313e-03,8.727985645e-03,1.067880881e-03,4.363978971e-03,4.911542900e-03,8.456262971e-01,1.965309293e+01,3.459107138e-04,1.206545523e-01,2.886632e-15,1.205099e-17,1.434857e-18,8.584574e-03
10.400000,3.595816609e-03,8.768434180e-03,2.320436572e-03,4.384203045e-03,4.957101674e-03,8.264287808e-01,1.974919615e+01,3.530449597e-04,3.633015129e-01,2.442722e-15,1.692506e-17,4.896684e-18,8.627744e-03
10.450000,3.630888236e-03,8.680513677e-03,1.620976271e-03,4.340243212e-03,4.864103573e-03,8.469971737e-01,1.993408604e+01,3.412914997e-04,1.677345172e-01,2.664841e-15,1.225063e-17,2.800504e-18,8.727975e-03
10.500000,3.588506010e-03,8.581781054e-03,1.117653054e-03,4.290877360e-03,4.834357790e-03,8.201905770e-01,2.008985096e+01,3.348857242e-04,1.296442792e-01,1.778960e-15,9.560674e-18,1.211647e-18,8.547614e-03
10.550000,3.645264949e-03,8.727244283e-03,2.152853439e-03,4.363608294e-03,4.900916351e-03,8.161122509e-01,2.033470733e+01,3.467978564e-04,2.321959543e-01,2.666284e-15,1.219226e-17,2.655387e-18,8.615994e-03
10.600000,3.680292810e-03,8.688907995e-03,2.156683949e-03,4.344440331e-03,4.861353946e-03,8.326304461e-01,2.054778625e+01,3.423810347e-04,2.667726123e-01,2.666775e-15,1.604810e-17,5.674904e-18,8.733175e-03
10.650000,3.666011675e-03,8.620358312e-03,2.073874411e-03,4.310165811e-03,4.836220612e-03,7.559390358e-01,2.058795499e+01,3.378829505e-04,1.521905059e-01,2.222926e-15,1.544294e-17,1.091770e-18,8.750905e-03
10.700000,3.680034882e-03,8.579977493e-03,6.896079142e-03,4.289975588e-03,4.814745575e-03,8.053945996e-01,2.095101346e+01,3.564632778e-04,7.351949230e-01,1.782656e-15,3.864742e-18,1.618846e-18,8.684574e-03
10.750000,3.709201981e-03,8.628428009e-03,3.016411615e-03,4.314200622e-03,4.841832659e-03,7.317857584e-01,2.101872392e+01,3.409947336e-04,4.015780320e-01,2.223089e-15,1.364969e-17,5.162335e-18,8.592014e-03
10.800000,3.701811116e-03,8.647836962e-03,2.338546405e-03,4.323905008e-03,4.871737602e-03,6.889237522e-01,2.114556805e+01,3.421742539e-04,3.355937842e-01,2.889679e-15,4.308113e-17,4.028304e-18,8.613694e-03
10.850000,3.735948028e-03,8.597277150e-03,3.170799793e-03,4.298625337e-03,4.829791104e-03,6.737179492e-01,2.126923228e+01,3.394674808e-04,2.504057958e-01,2.443810e-15,5.395102e-18,2.796936e-18,8.592085e-03
10.900000,3.676560400e-03,8.535836661e-03,3.272518796e-03,4.267905374e-03,4.814190700e-03,7.029553533e-01,2.151510946e+01,3.364862767e-04,2.596966085e-01,2.231896e-15,2.865500e-17,3.671139e-18,8.493944e-03
10.950000,3.675105055e-03,8.431360315e-03,2.160590129e-03,4.215667671e-03,4.760760937e-03,6.619898231e-01,2.159342543e+01,3.258276637e-04,2.140775594e-01,2.220881e-15,2.963895e-17,1.454876e-17,8.714545e-03
11.000000,3.666490756e-03,8.402019295e-03,1.884130403e-03,4.200997291e-03,4.740608924e-03,6.333522877e-01,2.167303922e+01,3.227489834e-04,3.298986617e-01,2.443614e-15,2.017763e-17,3.447582e-18,8.568044e-03
11.050000,3.678122096e-03,8.373112645e-03,3.548615995e-03,4.186544093e-03,4.729232011e-03,6.369869617e-01,2.177219682e+01,3.254386326e-04,4.049833466e-01,2.672856e-15,1.566765e-17,2.521385e-18,8.577284e-03
11.100000,3.676238460e-03,8.311013032e-03,2.531257047e-03,4.155494557e-03,4.671655811e-03,6.885631851e-01,2.194185373e+01,3.159436554e-04,2.357073253e-01,2.888073e-15,5.751418e-18,9.390486e-18,8.759874e-03
11.150000,3.745047407e-03,8.425079995e-03,9.299795366e-04,4.212527539e-03,4.762673636e-03,6.617495799e-01,2.192471685e+01,3.238600184e-04,1.207683360e-01,2.446094e-15,2.409772e-17,3.899094e-18,8.979315e-03
11.200000,3.689607176e-03,8.361254903e-03,3.226416396e-03,4.180615274e-03,4.712923336e-03,6.253615350e-01,2.182208018e+01,3.227184049e-04,2.245218584e-01,2.236860e-15,3.546959e-17,5.112829e-18,8.644665e-03
11.250000,3.644983100e-03,8.174822660e-03,2.896251883e-03,4.087399949e-03,4.608016820e-03,6.328380967e-01,2.182961110e+01,3.077193963e-04,2.311008393e-01,1.779417e-15,1.301061e-17,6.412956e-18,8.609795e-03
11.300000,3.665510029e-03,8.254371058e-03,1.313494683e-03,4.127173813e-03,4.628853875e-03,6.573027335e-01,2.186459108e+01,3.085414491e-04,8.910040427e-02,2.886597e-15,2.026258e-17,2.103550e-18,8.589594e-03
11.350000,3.673220859e-03,8.285765247e-03,2.866076924e-03,4.142870773e-03,4.623860589e-03,5.869912968e-01,2.167563854e+01,3.124549183e-04,2.531038809e-01,2.443215e-15,6.327639e-18,5.880503e-18,8.795564e-03
11.400000,3.635171587e-03,8.249350403e-03,1.242536174e-03,4.124663506e-03,4.632000776e-03,6.493462243e-01,2.165018188e+01,3.085181899e-04,1.917844642e-01,2.442683e-15,2.045164e-17,1.458394e-18,8.795605e-03
11.450000,3.615078650e-03,8.151145472e-03,1.352640395e-03,4.075561453e-03,4.588376605e-03,6.310526150e-01,2.153677611e+01,3.022220263e-04,1.794801262e-01,2.220658e-15,3.483011e-17,5.609224e-18,8.738554e-03
11.500000,3.604784047e-03,8.225476881e-03,2.407004554e-03,4.112726847e-03,4.636720257e-03,6.040030669e-01,2.139577223e+01,3.102064103e-04,1.732929519e-01,2.664603e-15,2.730763e-18,8.586959e-19,9.020045e-03
11.550000,3.580530518e-03,8.211839275e-03,3.997697190e-03,4.105908101e-03,4.648738240e-03,6.718754468e-01,2.144748420e+01,3.157447799e-04,4.276860966e-01,1.999529e-15,1.176323e-17,4.238563e-18,8.680224e-03
11.600000,3.581273549e-03,8.352119042e-03,1.861771033e-03,4.176047383e-03,4.700684916e-03,6.058474404e-01,2.123876420e+01,3.180195791e-04,2.131202249e-01,2.664912e-15,2.561263e-17,4.360569e-18,8.812305e-03
11.650000,3.536628824e-03,8.208112073e-03,3.193719649e-03,4.104044516e-03,4.643940825e-03,6.257786724e-01,2.120095706e+01,3.123748648e-04,3.808547336e-01,2.665292e-15,2.669054e-17,6.040265e-18,8.755214e-03
11.700000,3.537014247e-03,8.254493294e-03,2.677222577e-03,4.127234930e-03,4.653650225e-03,6.033623317e-01,2.099673669e+01,3.131079891e-04,2.622465926e-01,2.220706e-15,1.532227e-17,9.369946e-19,8.857344e-03
11.750000,3.484703388e-03,8.208375795e-03,2.014486433e-03,4.104176376e-03,4.637223886e-03,6.119005429e-01,2.095705128e+01,3.088139505e-04,1.641923850e-01,1.565247e-15,1.098752e-17,2.983918e-18,8.644284e-03
11.800000,3.571776328e-03,8.435173911e-03,3.890785758e-03,4.217574452e-03,4.740808323e-03,6.068911899e-01,2.081249496e+01,3.296746894e-04,3.126219178e-01,2.445995e-15,2.239756e-17,4.692111e-18,8.583254e-03
11.850000,3.589189653e-03,8.624676906e-03,3.038343344e-03,4.312325088e-03,4.825682837e-03,6.908274909e-01,2.089224456e+01,3.396826652e-04,2.949604870e-01,2.668438e-15,2.123550e-17,3.678613e-18,8.782504e-03
11.900000,3.549993662e-03,8.412797876e-03,2.791297146e-03,4.206386534e-03,4.718232588e-03,6.733240704e-01,2.076622549e+01,3.235389213e-04,1.887056346e-01,2.670949e-15,2.361452e-17,3.928446e-18,8.679134e-03
11.950000,3.508126612e-03,8.451616319e-03,1.260940350e-03,4.225795583e-03,4.751001778e-03,6.410781789e-01,2.058455357e+01,3.242299149e-04,2.168153786e-01,1.777333e-15,3.577074e-18,2.155631e-18,8.827265e-03
12.000000,3.454943300e-03,8.226563425e-03,2.054925940e-03,4.113270114e-03,4.604799400e-03,6.459155361e-01,2.044173273e+01,3.070967087e-04,1.940683168e-01,2.443422e-15,7.578058e-18,5.303226e-18,8.705434e-03
12.050000,3.476575575e-03,8.476532599e-03,3.447680716e-03,4.238253611e-03,4.777023535e-03,6.728620224e-01,2.033672575e+01,3.322052314e-04,3.333669381e-01,2.220487e-15,6.781573e-18,1.639588e-18,8.605464e-03
12.100000,3.501540232e-03,8.394696760e-03,2.207642145e-03,4.197336056e-03,4.725518249e-03,6.709077375e-01,2.019714093e+01,3.220220634e-04,2.659968428e-01,2.886655e-15,3.577668e-17,2.913896e-18,8.569845e-03
12.150000,3.494300249e-03,8.420570401e-03,5.265849099e-03,4.210272762e-03,4.728710138e-03,6.356217900e-01,2.006571010e+01,3.345613537e-04,4.080356117e-01,1.554367e-15,3.894317e-18,1.131743e-18,8.549564e-03
12.200000,3.430995882e-03,8.415520913e-03,2.499043314e-03,4.207748040e-03,4.745671443e-03,6.942209798e-01,2.005314664e+01,3.249349369e-04,2.516990292e-01,3.108982e-15,1.508978e-17,1.102690e-18,8.707904e-03
12.250000,3.456759657e-03,8.415614038e-03,2.966947210e-03,4.207794602e-03,4.736350697e-03,6.710761910e-01,1.988237203e+01,3.255098146e-04,2.784447397e-01,1.999306e-15,3.683547e-17,9.598259e-19,8.691544e-03
12.300000,3.460380514e-03,8.541265819e-03,1.784801748e-03,4.270619928e-03,4.823830886e-03,6.824541129e-01,1.973039901e+01,3.336530705e-04,2.495690758e-01,3.114203e-15,1.941827e-17,5.597323e-18,8.567334e-03
12.350000,3.436282476e-03,8.481416050e-03,2.495570464e-03,4.240695315e-03,4.807647006e-03,7.118324005e-01,1.962493694e+01,3.318896678e-04,2.132000477e-01,2.442965e-15,2.819971e-18,3.198271e-18,8.620254e-03
12.400000,3.422443539e-03,8.445427216e-03,1.949253885e-03,4.222701059e-03,4.755163217e-03,6.763976335e-01,1.952590961e+01,3.254420470e-04,2.237338106e-01,2.223761e-15,1.801260e-17,5.729704e-19,8.572824e-03
12.450000,3.413602632e-03,8.422630003e-03,2.929056213e-03,4.211302554e-03,4.737062912e-03,7.322032063e-01,1.949381299e+01,3.256883590e-04,3.817010496e-01,1.998565e-15,1.954752e-17,2.334138e-18,8.605715e-03
12.500000,3.396842470e-03,8.514600835e-03,4.247070073e-03,4.257287558e-03,4.776210264e-03,6.982911899e-01,1.935025995e+01,3.365122568e-04,3.417318332e-01,2.442827e-15,1.538331e-17,3.833509e-18,8.993635e-03
12.550000,3.394118846e-03,8.443122617e-03,2.024140652e-03,4.221548770e-03,4.809811883e-03,7.235462831e-01,1.918434597e+01,3.296946876e-04,2.738021083e-01,2.443551e-15,8.765838e-18,2.965160e-18,8.618164e-03
12.600000,3.420436211e-03,8.559852903e-03,3.607841728e-03,4.279913385e-03,4.820136216e-03,6.764032237e-01,1.908415708e+01,3.389192348e-04,3.876854867e-01,1.564144e-15,1.981575e-17,3.518354e-18,1.106110e-02
12.650000,3.323317530e-03,8.349537421e-03,2.352367615e-03,4.174756584e-03,4.726350642e-03,6.758150046e-01,1.896107299e+01,3.209026801e-04,2.422823195e-01,2.443212e-15,8.334459e-18,6.745409e-19,8.708854e-03
12.700000,3.360218823e-03,8.519157290e-03,2.098484036e-03,4.259565764e-03,4.844216151e-03,7.499788750e-01,1.895112787e+01,3.350844625e-04,2.296908454e-01,2.222100e-15,2.562195e-17,2.676690e-18,8.855175e-03
12.750000,3.351868873e-03,8.498157371e-03,8.585027439e-04,4.249065900e-03,4.843939353e-03,7.114007379e-01,1.879577407e+01,3.325149893e-04,1.030750389e-01,2.443671e-15,2.113984e-17,6.663075e-18,8.747854e-03
12.800000,3.360206884e-03,8.626589178e-03,4.558972465e-03,4.313281215e-03,4.909356182e-03,7.211285872e-01,1.875387901e+01,3.520414986e-04,3.930903206e-01,1.332513e-15,2.405477e-17,2.587003e-18,8.632514e-03
12.850000,3.390748733e-03,8.693639360e-03,2.299401674e-03,4.346805991e-03,4.913701631e-03,6.968424873e-01,1.859541581e+01,3.469571124e-04,1.577935301e-01,2.886721e-15,1.579246e-17,1.162465e-18,8.626204e-03
12.900000,3.342831737e-03,8.531847505e-03,1.345151110e-03,4.265910814e-03,4.880158026e-03,7.317773145e-01,1.854311338e+01,3.370162152e-04,2.190606086e-01,2.443438e-15,1.381343e-17,7.820985e-18,8.915765e-03
12.950000,3.326236881e-03,8.449980193e-03,2.975953263e-03,4.224977527e-03,4.827635546e-03,7.178774775e-01,1.842676617e+01,3.336801494e-04,2.448622404e-01,1.998878e-15,2.053032e-17,2.488704e-18,8.690584e-03
13.000000,3.334337000e-03,8.443504574e-03,4.376120803e-03,4.221739746e-03,4.831259934e-03,6.885536356e-01,1.835378863e+01,3.388884889e-04,2.321750136e-01,2.220446e-15,5.361591e-17,1.526574e-18,8.596924e-03
13.050000,3.387597012e-03,8.699272575e-03,2.315264012e-03,4.349622572e-03,4.962556451e-03,7.518304721e-01,1.838364710e+01,3.510496882e-04,2.312943931e-01,2.886580e-15,4.703066e-17,3.274566e-18,8.773994e-03
13.100000,3.375983154e-03,8.625632106e-03,1.773840214e-03,4.312802683e-03,4.943984096e-03,7.115742389e-01,1.829776933e+01,3.459192204e-04,1.797396495e-01,2.002853e-15,1.606989e-17,4.239122e-18,8.830454e-03
13.150000,3.313572740e-03,8.490812250e-03,2.684164324e-03,4.245393373e-03,4.852144697e-03,7.413185278e-01,1.823885954e+01,3.361357535e-04,2.527389398e-01,2.222267e-15,3.695496e-17,4.450393e-18,8.808594e-03
13.200000,3.355881007e-03,8.666497746e-03,3.304828504e-03,4.333235312e-03,4.953954220e-03,7.727857696e-01,1.824004984e+01,3.520096712e-04,2.175862003e-01,2.668725e-15,2.622361e-18,4.413646e-18,8.721914e-03
13.250000,3.349300574e-03,8.610378738e-03,1.881550854e-03,4.305176070e-03,4.919995341e-03,7.372781233e-01,1.817597755e+01,3.436972780e-04,1.543240085e-01,1.999075e-15,4.220590e-17,4.904749e-18,8.577845e-03
13.300000,3.351098559e-03,8.631353939e-03,3.455065588e-03,4.315663573e-03,4.953024124e-03,7.639915386e-01,1.816393168e+01,3.512279395e-04,3.804044791e-01,3.113788e-15,1.906808e-17,6.422758e-18,8.616115e-03
13.350000,3.327187009e-03,8.568985409e-03,1.430778973e-03,4.284479597e-03,4.899557212e-03,7.337520236e-01,1.810881656e+01,3.399229745e-04,1.822325953e-01,2.442561e-15,3.661616e-17,6.742357e-18,8.670195e-03
13.400000,3.337118294e-03,8.607402225e-03,2.504495706e-03,4.303687828e-03,4.932580119e-03,7.761216162e-01,1.811558070e+01,3.459528538e-04,2.711191915e-01,2.220596e-15,4.468767e-18,2.370168e-18,8.631824e-03
13.450000,3.302195490e-03,8.536488267e-03,3.711391038e-03,4.268231174e-03,4.913138349e-03,7.233702135e-01,1.801954364e+01,3.457410181e-04,4.029928357e-01,2.443031e-15,1.898002e-17,7.080648e-18,8.727584e-03
13.500000,3.297914642e-03,8.558075630e-03,4.644577546e-03,4.279024757e-03,4.906552189e-03,7.271834263e-01,1.799865100e+01,3.498605083e-04,3.887247109e-01,1.999179e-15,3.425180e-17,5.700123e-19,8.707724e-03
13.550000,3.322119877e-03,8.536348786e-03,2.801567129e-03,4.268161434e-03,4.913856668e-03,7.706409869e-01,1.802942391e+01,3.428299042e-04,2.910191405e-01,2.887230e-15,2.325769e-17,2.083842e-18,8.674734e-03
13.600000,3.294275094e-03,8.529183966e-03,3.185728410e-03,4.264579057e-03,4.922506867e-03,7.189604717e-01,1.795741825e+01,3.444160998e-04,2.056651750e-01,3.114136e-15,3.302926e-17,1.198503e-18,8.666845e-03
13.650000,3.329550765e-03,8.597779423e-03,1.410497609e-03,4.298876471e-03,4.939835536e-03,7.329412110e-01,1.797618077e+01,3.440532640e-04,9.748862421e-02,3.331438e-15,1.804198e-17,2.521683e-18,8.659044e-03
13.700000,3.323295113e-03,8.650732970e-03,2.674731544e-03,4.325352998e-03,4.962673200e-03,7.531257720e-01,1.797867488e+01,3.502715252e-04,1.983675055e-01,2.887421e-15,3.608580e-17,7.645549e-18,8.629304e-03
13.750000,3.302366605e-03,8.466462641e-03,2.981416591e-03,4.233218677e-03,4.887168819e-03,7.611343874e-01,1.793703866e+01,3.388808979e-04,2.109953903e-01,2.665142e-15,8.369671e-18,6.108027e-18,8.609784e-03
13.800000,3.276822539e-03,8.406887506e-03,2.578660553e-03,4.203431375e-03,4.811794812e-03,7.823212511e-01,1.798207337e+01,3.299023822e-04,3.184362921e-01,2.887104e-15,1.169712e-17,4.713914e-18,8.720164e-03
13.850000,3.320130790e-03,8.557361988e-03,3.443164050e-03,4.278667939e-03,4.908750205e-03,7.826645262e-01,1.797449461e+01,3.451503126e-04,1.755950511e-01,3.108643e-15,7.683955e-18,4.535857e-18,1.337099e-02
13.900000,3.317992446e-03,8.584522014e-03,5.125248546e-03,4.292247828e-03,4.928827835e-03,7.604576133e-01,1.799109606e+01,3.548679683e-04,4.941861542e-01,3.111249e-15,3.298604e-17,7.272328e-18,1.293405e-02
13.950000,3.377237498e-03,8.737730099e-03,3.015216092e-03,4.368851152e-03,5.007825771e-03,7.720083711e-01,1.798287367e+01,3.578671988e-04,2.427356008e-01,2.442542e-15,2.556666e-17,9.813313e-18,1.150558e-02
14.000000,3.312605268e-03,8.452413020e-03,4.847992075e-03,4.226193930e-03,4.866689158e-03,7.799860887e-01,1.798139716e+01,3.441145415e-04,4.712338424e-01,3.331265e-15,4.020836e-17,4.564773e-18,8.622614e-03
14.050000,3.333274945e-03,8.495582921e-03,2.990345361e-03,4.247778687e-03,4.877181375e-03,7.419493288e-01,1.794657062e+01,3.391152581e-04,3.133785713e-01,3.555748e-15,3.017931e-17,3.231154e-18,8.593894e-03
14.100000,3.315773937e-03,8.433835099e-03,2.637043530e-03,4.216905052e-03,4.871825851e-03,7.598892651e-01,1.793868770e+01,3.356128020e-04,1.405468878e-01,2.445853e-15,1.654072e-17,4.225862e-18,8.740314e-03
14.150000,3.369523587e-03,8.597805803e-03,1.101287586e-03,4.298889661e-03,4.943472432e-03,7.893642355e-01,1.799802379e+01,3.439533932e-04,1.862292240e-01,3.330709e-15,1.500035e-17,5.658373e-18,8.673104e-03
14.200000,3.340261546e-03,8.439607011e-03,5.092453197e-03,4.219790982e-03,4.876383898e-03,7.362103467e-01,1.792506512e+01,3.456525866e-04,2.654603503e-01,2.890473e-15,5.618870e-17,5.712889e-18,8.572204e-03
14.250000,3.326000266e-03,8.405069402e-03,4.811324947e-03,4.202522331e-03,4.833283773e-03,7.896871376e-01,1.794319352e+01,3.397490317e-04,4.385405143e-01,3.997446e-15,5.226202e-17,5.416134e-18,8.577334e-03
14.300000,3.338791133e-03,8.573692376e-03,1.359494334e-03,4.286833059e-03,4.908218277e-03,7.857494605e-01,1.800053565e+01,3.406644670e-04,1.032275572e-01,3.335977e-15,2.906204e-17,1.783168e-18,8.591244e-03
14.350000,3.400832616e-03,8.713708972e-03,3.471530724e-03,4.356840703e-03,4.999879499e-03,7.808848374e-01,1.799865706e+01,3.578726100e-04,2.481790911e-01,3.109566e-15,3.557417e-17,5.493012e-18,8.627134e-03
14.400000,3.355276571e-03,8.390340027e-03,2.584731997e-03,4.195157709e-03,4.872438581e-03,7.787587836e-01,1.798752728e+01,3.340604671e-04,3.887243906e-01,3.108633e-15,2.299914e-17,3.117127e-19,8.546614e-03
14.450000,3.368477447e-03,8.361170134e-03,2.383612659e-03,4.180572890e-03,4.830402460e-03,7.698636653e-01,1.798282357e+01,3.293206256e-04,2.761340575e-01,3.778462e-15,1.050419e-17,3.816312e-18,8.575914e-03
14.500000,3.411764811e-03,8.650199411e-03,3.459342598e-03,4.325086222e-03,4.965607301e-03,7.464953547e-01,1.795981511e+01,3.528925391e-04,2.730078653e-01,3.555791e-15,1.879410e-17,3.052938e-18,8.659724e-03
14.550000,3.391156196e-03,8.482989085e-03,1.690043002e-03,4.241481825e-03,4.874364602e-03,7.251393075e-01,1.793163145e+01,3.354249094e-04,1.181882381e-01,2.887250e-15,3.920719e-17,5.344641e-18,8.632604e-03
14.600000,3.432486536e-03,8.634166128e-03,4.483873230e-03,4.317069655e-03,4.914340515e-03,7.700840674e-01,1.803801681e+01,3.523552244e-04,3.617941834e-01,4.219158e-15,3.094033e-17,1.843655e-18,8.701055e-03
14.650000,3.443625172e-03,8.585196345e-03,2.036198714e-03,4.292584990e-03,4.932924931e-03,7.488596006e-01,1.802083223e+01,3.441533268e-04,3.048561587e-01,3.108657e-15,3.345068e-17,9.024412e-18,8.609524e-03
14.700000,3.410871425e-03,8.454336170e-03,3.808846760e-03,4.227155496e-03,4.874943686e-03,7.827805106e-01,1.806955998e+01,3.403250131e-04,3.765576680e-01,3.553242e-15,1.658571e-17,2.678529e-18,8.618524e-03
14.750000,3.367870373e-03,8.391003760e-03,4.067818504e-03,4.195489572e-03,4.873015389e-03,7.730769230e-01,1.805291652e+01,3.390608676e-04,3.513761934e-01,3.553059e-15,4.437286e-17,6.245190e-18,8.676564e-03
14.800000,3.460619553e-03,8.624454777e-03,1.779031347e-03,4.312214024e-03,4.968800365e-03,7.256653873e-01,1.802320454e+01,3.478558111e-04,2.433445117e-01,3.109803e-15,3.916355e-17,6.570811e-18,8.802775e-03
14.850000,3.482422487e-03,8.768153518e-03,2.758694305e-03,4.384062716e-03,5.048513673e-03,7.928160835e-01,1.815052282e+01,3.614651667e-04,3.606074855e-01,2.668875e-15,1.253122e-17,8.027970e-19,8.602894e-03
14.900000,3.496867797e-03,8.746374154e-03,2.169292421e-03,4.373173138e-03,5.015780441e-03,7.722637630e-01,1.811041046e+01,3.566144886e-04,1.976770704e-01,3.114704e-15,1.264191e-17,6.907058e-18,1.031491e-02
14.950000,3.504328106e-03,8.744975839e-03,3.224985321e-03,4.372473987e-03,5.050262876e-03,7.238117645e-01,1.814233365e+01,3.621897362e-04,1.551077384e-01,2.886580e-15,1.784274e-17,3.240086e-18,8.655424e-03
15.000000,3.500176695e-03,8.638969021e-03,2.668497796e-03,4.319471079e-03,4.977906557e-03,7.564095159e-01,1.819434800e+01,3.510595129e-04,2.860660723e-01,3.554236e-15,1.219910e-17,1.368538e-18,8.571344e-03
15.050000,3.533489352e-03,8.729710081e-03,2.687189975e-03,4.364841181e-03,5.021262248e-03,7.946120460e-01,1.829262737e+01,3.577297997e-04,3.193935317e-01,3.109853e-15,1.622579e-17,1.401051e-18,8.588803e-03
15.100000,3.473771449e-03,8.515674584e-03,3.909267503e-03,4.257824427e-03,4.906976084e-03,7.494709206e-01,1.827223641e+01,3.453010513e-04,2.817415161e-01,2.886621e-15,3.194214e-17,3.340385e-18,8.598925e-03
15.150000,3.514229731e-03,8.646490273e-03,2.648868578e-03,4.323231670e-03,4.999489453e-03,7.304319798e-01,1.829281018e+01,3.529900673e-04,1.208015300e-01,2.221227e-15,1.679857e-17,1.561623e-18,8.830724e-03
15.200000,3.545051221e-03,8.662085248e-03,2.350775752e-03,4.331029084e-03,4.965518757e-03,7.278382000e-01,1.840566506e+01,3.500765889e-04,2.098201743e-01,1.999191e-15,1.793544e-17,4.037038e-18,8.523224e-03
15.250000,3.557673495e-03,8.583377441e-03,2.803176977e-03,4.291675546e-03,4.947104730e-03,7.636975630e-01,1.848131811e+01,3.470674942e-04,2.960872814e-01,1.562825e-15,2.730140e-17,2.803226e-18,9.240995e-03
15.300000,3.524932000e-03,8.577483177e-03,4.271926060e-03,4.288728442e-03,4.962977665e-03,7.548511773e-01,1.856331390e+01,3.533193877e-04,2.991027228e-01,1.778459e-15,1.163599e-17,2.610881e-18,8.842595e-03
15.350000,3.568049000e-03,8.568258944e-03,2.639967061e-03,4.284116368e-03,4.915618923e-03,7.516117137e-01,1.863542372e+01,3.436204126e-04,3.578584875e-01,2.442504e-15,1.800714e-17,5.980364e-18,8.662814e-03
15.400000,3.557390572e-03,8.574438679e-03,4.078167023e-03,4.287206206e-03,4.923785319e-03,7.317904545e-01,1.867203339e+01,3.493061145e-04,3.682080630e-01,2.443682e-15,3.945202e-17,2.374848e-18,8.945674e-03
15.450000,3.567006787e-03,8.538134775e-03,2.331210916e-03,4.269054420e-03,4.893325094e-03,7.390465168e-01,1.873993449e+01,3.400729211e-04,2.618089819e-01,1.777514e-15,1.102982e-17,2.249560e-18,8.632444e-03
15.500000,3.590694909e-03,8.569404698e-03,3.345472991e-03,4.284689239e-03,4.920829249e-03,7.595598326e-01,1.894813332e+01,3.461810737e-04,3.498762482e-01,2.443140e-15,1.051553e-17,8.462475e-19,8.741304e-03
15.550000,3.567615393e-03,8.539373813e-03,2.501790376e-03,4.269673934e-03,4.882449230e-03,7.548678094e-01,1.899160092e+01,3.396768854e-04,2.078702736e-01,2.222509e-15,2.978119e-17,4.201794e-18,8.587434e-03
15.600000,3.592254358e-03,8.588786977e-03,3.520568613e-03,4.294380290e-03,4.932757345e-03,7.361624420e-01,1.912242478e+01,3.483875785e-04,4.533854585e-01,2.223096e-15,2.646338e-18,4.482366e-18,8.625724e-03
15.650000,3.594036765e-03,8.570783035e-03,2.116818835e-03,4.285378401e-03,4.879451621e-03,6.995474503e-01,1.913133931e+01,3.396285903e-04,1.698549233e-01,2.443955e-15,3.385853e-18,6.465935e-18,8.598634e-03
15.700000,3.602149989e-03,8.516103775e-03,1.787863380e-03,4.258039021e-03,4.870915355e-03,6.903456438e-01,1.923823978e+01,3.364519293e-04,1.853873375e-01,2.666009e-15,5.944881e-18,8.802410e-18,9.160795e-03
15.750000,3.640745054e-03,8.565860716e-03,2.788564763e-03,4.282917264e-03,4.868792131e-03,6.952694340e-01,1.937771040e+01,3.402761836e-04,2.871059764e-01,2.225617e-15,2.066993e-17,1.463763e-18,8.702324e-03
15.800000,3.615479636e-03,8.596966312e-03,5.223924996e-03,4.298469919e-03,4.898364250e-03,6.937637680e-01,1.940655231e+01,3.534112239e-04,3.976733440e-01,2.220454e-15,1.639110e-17,1.588886e-18,8.632354e-03
15.850000,3.667512825e-03,8.612149423e-03,1.380200965e-03,4.306061404e-03,4.893414242e-03,6.988996186e-01,1.960462256e+01,3.408538195e-04,1.124141352e-01,2.445246e-15,1.657460e-17,2.836160e-18,8.605154e-03
15.900000,3.612487442e-03,8.401666880e-03,1.808955835e-03,4.200821085e-03,4.762138322e-03,6.748264348e-01,1.970314428e+01,3.242350341e-04,1.842513413e-01,2.893055e-15,3.236810e-17,3.513751e-18,8.631864e-03
15.950000,3.688101308e-03,8.658341931e-03,3.929839997e-03,4.329157443e-03,4.876736056e-03,6.573174154e-01,1.978256421e+01,3.479150910e-04,3.376095252e-01,2.664736e-15,1.370038e-17,7.907464e-19,8.561884e-03
16.000000,3.711497498e-03,8.661060833e-03,2.505397475e-03,4.330516881e-03,4.885721931e-03,6.717773101e-01,1.993757385e+01,3.441277502e-04,2.324481972e-01,2.443368e-15,7.180000e-18,2.128799e-18,8.594605e-03
16.050000,3.679587343e-03,8.630908608e-03,2.663097738e-03,4.315440910e-03,4.911900734e-03,6.323120663e-01,1.999534160e+01,3.455444373e-04,2.746624141e-01,2.220655e-15,1.652354e-17,3.881563e-18,1.355877e-02
16.100000,3.675192630e-03,8.651377679e-03,2.233144741e-03,4.325675350e-03,4.922276008e-03,6.436074593e-01,2.017385774e+01,3.460156143e-04,1.999974253e-01,2.664786e-15,8.851193e-18,7.868191e-18,8.699634e-03
16.150000,3.677124811e-03,8.567747268e-03,1.944622679e-03,4.283860532e-03,4.842191902e-03,6.460305324e-01,2.030239063e+01,3.362770464e-04,1.759851873e-01,2.668842e-15,2.955931e-17,4.177318e-18,8.902454e-03
16.200000,3.676639705e-03,8.632492156e-03,8.428437552e-04,4.316232676e-03,4.848702163e-03,6.691991781e-01,2.046756352e+01,3.374734103e-04,2.385716019e-01,2.446046e-15,1.272792e-17,6.085098e-18,8.829445e-03
16.250000,3.693738550e-03,8.597673403e-03,3.026665253e-03,4.298823461e-03,4.861027211e-03,6.850084019e-01,2.065291962e+01,3.414561009e-04,3.461192121e-01,2.001515e-15,1.348774e-17,2.435093e-18,8.626754e-03
16.300000,3.672994683e-03,8.519008042e-03,4.118002768e-03,4.259491141e-03,4.810484219e-03,6.838559466e-01,2.067284822e+01,3.387511590e-04,3.667532364e-01,1.780027e-15,1.110692e-17,4.620029e-18,8.607264e-03
16.350000,3.689446834e-03,8.461151907e-03,2.863425748e-03,4.230563334e-03,4.765721576e-03,6.281064859e-01,2.070174799e+01,3.289777496e-04,1.642608446e-01,1.777241e-15,2.891623e-17,1.125261e-18,8.672594e-03
16.400000,3.727362202e-03,8.709828362e-03,1.541640155e-03,4.354900416e-03,4.923891639e-03,6.777489119e-01,2.090890986e+01,3.468672592e-04,1.695296687e-01,2.664543e-15,1.888318e-17,2.661549e-18,1.300823e-02
16.450000,3.640558231e-03,8.424423306e-03,1.170788412e-03,4.212199197e-03,4.780534566e-03,6.434225958e-01,2.097559031e+01,3.254544353e-04,2.092473477e-01,2.443139e-15,1.359662e-17,4.601152e-18,8.612444e-03
16.500000,3.689392976e-03,8.550813313e-03,2.813368145e-03,4.275393632e-03,4.837610057e-03,6.637743332e-01,2.112199927e+01,3.374092143e-04,3.411695429e-01,2.447469e-15,5.070529e-17,6.273885e-18,8.652994e-03
16.550000,3.702094596e-03,8.602309624e-03,2.522757376e-03,4.301141551e-03,4.843096566e-03,6.104182905e-01,2.112182694e+01,3.388253763e-04,2.001860512e-01,2.887503e-15,3.060216e-17,2.511481e-19,8.666624e-03
16.600000,3.714413345e-03,8.602825093e-03,1.343074887e-03,4.301399282e-03,4.813137845e-03,6.231634825e-01,2.127007649e+01,3.342485787e-04,5.267838236e-02,1.555249e-15,1.977719e-17,5.673130e-18,8.594164e-03
16.650000,3.720068321e-03,8.643784797e-03,4.389619876e-03,4.321878944e-03,4.857029629e-03,6.500239623e-01,2.141878633e+01,3.477893767e-04,4.430892390e-01,2.887163e-15,1.878635e-17,2.030552e-18,8.604984e-03
16.700000,3.647551503e-03,8.432956235e-03,3.437279948e-03,4.216465624e-03,4.730177601e-03,6.236969614e-01,2.139544858e+01,3.271327467e-04,3.066794062e-01,3.108927e-15,8.756372e-18,5.591927e-18,9.016445e-03
16.750000,3.690199655e-03,8.584109164e-03,2.971391688e-03,4.292041404e-03,4.823258259e-03,6.071451369e-01,2.150778894e+01,3.378981015e-04,3.563195021e-01,2.669471e-15,2.671868e-17,3.804723e-18,8.716844e-03
16.800000,3.690147444e-03,8.612746936e-03,5.053800631e-03,4.306360158e-03,4.810572893e-03,5.772162141e-01,2.146339812e+01,3.462612454e-04,3.418635213e-01,2.444697e-15,1.945788e-17,5.232781e-18,1.225790e-02
16.850000,3.651487084e-03,8.343865717e-03,1.126773046e-03,4.171920757e-03,4.679776757e-03,5.737244047e-01,2.158255445e+01,3.150766751e-04,6.136924146e-02,2.443662e-15,2.718912e-17,6.994997e-18,8.661144e-03
16.900000,3.678078693e-03,8.641157592e-03,3.491137821e-03,4.320565354e-03,4.841442593e-03,6.035709209e-01,2.163112551e+01,3.429488325e-04,3.080547409e-01,2.451852e-15,6.062580e-17,8.518985e-18,8.719184e-03
16.950000,3.706146025e-03,8.572479872e-03,5.727383636e-03,4.286226812e-03,4.806033540e-03,5.510117898e-01,2.153459324e+01,3.481590510e-04,3.775751864e-01,2.445323e-15,2.618501e-17,3.444749e-19,8.596404e-03
17.000000,3.668788123e-03,8.530595589e-03,1.790873130e-03,4.265284862e-03,4.778427713e-03,6.361436690e-01,2.179802023e+01,3.298118242e-04,1.980669441e-01,2.225577e-15,2.912037e-17,4.331711e-18,8.666344e-03
17.050000,3.706765566e-03,8.591388525e-03,3.874991849e-03,4.295681051e-03,4.804917999e-03,6.224821447e-01,2.180299156e+01,3.398286823e-04,4.079844568e-01,1.999623e-15,1.434155e-17,3.605012e-18,8.667474e-03
17.100000,3.669301894e-03,8.461847791e-03,2.436842020e-03,4.230911273e-03,4.716320415e-03,5.626758235e-01,2.172012399e+01,3.241234071e-04,2.860283331e-01,2.664536e-15,2.775448e-17,6.024214e-18,8.656315e-03
17.150000,3.650847887e-03,8.471336607e-03,2.311207538e-03,4.235655639e-03,4.737813611e-03,5.722225608e-01,2.177168391e+01,3.257720921e-04,1.839446688e-01,2.886582e-15,1.023401e-17,2.726730e-18,8.767475e-03
17.200000,3.628200630e-03,8.400832280e-03,3.893480052e-03,4.200403789e-03,4.709361886e-03,5.670962399e-01,2.173727953e+01,3.261514443e-04,2.587888933e-01,2.442577e-15,3.704109e-17,3.823416e-18,8.639754e-03
17.250000,3.671934008e-03,8.524189719e-03,3.209755824e-03,4.262081956e-03,4.775211529e-03,6.079192309e-01,2.178330824e+01,3.328951682e-04,1.407254160e-01,2.443123e-15,2.931132e-17,2.208362e-18,8.624444e-03
17.300000,3.671670511e-03,8.488595126e-03,1.908758377e-03,4.244284821e-03,4.721376249e-03,5.745427019e-01,2.174938716e+01,3.242644579e-04,1.043113637e-01,1.999854e-15,2.504941e-17,6.415460e-18,8.584044e-03
17.350000,3.682508847e-03,8.580045154e-03,4.186663082e-03,4.290009418e-03,4.787593885e-03,6.057034542e-01,2.177268005e+01,3.393659620e-04,3.487024048e-01,2.667633e-15,3.363861e-17,4.242916e-19,8.649454e-03
17.400000,3.685075281e-03,8.762586321e-03,2.484410580e-03,4.381279144e-03,4.897153044e-03,5.870120035e-01,2.174615177e+01,3.485078670e-04,2.116910886e-01,2.450885e-15,5.176248e-17,2.828715e-18,8.711495e-03
17.450000,3.664394134e-03,8.494038950e-03,3.322197589e-03,4.247006708e-03,4.739650781e-03,6.377769926e-01,2.186458169e+01,3.295293424e-04,3.109529663e-01,2.665883e-15,2.525637e-17,1.043656e-18,8.628224e-03
17.500000,3.656725775e-03,8.521937026e-03,3.526126822e-03,4.260955620e-03,4.728172763e-03,5.953367317e-01,2.168742779e+01,3.303076689e-04,2.750750237e-01,2.886677e-15,7.444510e-18,5.425921e-18,8.649314e-03
17.550000,3.596286116e-03,8.433255397e-03,6.380694547e-03,4.216615203e-03,4.728847184e-03,5.804576892e-01,2.157463398e+01,3.414913471e-04,3.615860458e-01,2.220536e-15,2.069502e-17,6.795548e-19,8.695334e-03
17.600000,3.648194501e-03,8.556664943e-03,2.735703757e-03,4.278319420e-03,4.764388858e-03,5.838840655e-01,2.160721762e+01,3.317693836e-04,2.086082369e-01,2.224084e-15,3.956014e-17,2.760862e-18,8.844255e-03
17.650000,3.639396426e-03,8.559441369e-03,5.370737727e-03,4.279707620e-03,4.767001412e-03,5.826137683e-01,2.150249134e+01,3.427440101e-04,4.428538826e-01,2.442725e-15,2.251204e-17,4.369041e-18,8.744154e-03
17.700000,3.632660722e-03,8.537917847e-03,3.389573287e-03,4.268945957e-03,4.730028185e-03,6.256175608e-01,2.155574186e+01,3.305211333e-04,2.517080629e-01,2.442552e-15,1.458643e-17,1.706926e-18,8.646024e-03
17.750000,3.602478181e-03,8.428028976e-03,1.102697037e-03,4.214002016e-03,4.709907792e-03,6.082361809e-01,2.140766672e+01,3.201363256e-04,2.544542811e-01,2.221153e-15,1.368641e-17,1.962635e-18,8.795204e-03
17.800000,3.647016023e-03,8.717699859e-03,3.384926462e-03,4.358836127e-03,4.846558146e-03,6.356171208e-01,2.145474108e+01,3.456374895e-04,3.703613682e-01,2.222535e-15,1.917348e-17,2.837672e-18,8.613794e-03
17.850000,3.649596931e-03,8.702430816e-03,3.142143358e-03,4.351201678e-03,4.839609902e-03,6.711474446e-01,2.144659804e+01,3.437747728e-04,4.233251931e-01,2.664961e-15,2.095959e-17,2.476140e-18,8.624694e-03
17.900000,3.639345273e-03,8.704720295e-03,3.508372743e-03,4.352346407e-03,4.839367452e-03,6.338263270e-01,2.123907034e+01,3.450535123e-04,1.526930281e-01,2.894123e-15,2.366897e-17,3.020394e-18,8.613854e-03
17.950000,3.602193678e-03,8.647072148e-03,3.749946586e-03,4.323522604e-03,4.806116822e-03,6.227365675e-01,2.111632084e+01,3.413639026e-04,2.222765489e-01,2.442499e-15,1.769631e-17,9.561137e-19,8.610704e-03
18.000000,3.520625374e-03,8.431153556e-03,7.279320178e-03,4.215564292e-03,4.725939046e-03,6.101045950e-01,2.097189662e+01,3.473381085e-04,5.073836572e-01,2.221024e-15,2.768767e-18,4.051822e-18,8.546173e-03
18.050000,3.508069383e-03,8.349821853e-03,4.972892151e-03,4.174898799e-03,4.662877604e-03,6.683482913e-01,2.093174328e+01,3.257424884e-04,3.888357300e-01,2.221224e-15,1.264110e-17,2.377175e-18,8.620604e-03
18.100000,3.574701504e-03,8.574611979e-03,3.202155522e-03,4.287292856e-03,4.768548513e-03,6.474669841e-01,2.084346226e+01,3.340863796e-04,1.758672879e-01,2.222436e-15,4.520690e-18,2.954576e-18,8.616244e-03
18.150000,3.511415952e-03,8.407570614e-03,4.025960315e-03,4.203772926e-03,4.726197219e-03,6.551782874e-01,2.073968267e+01,3.281733539e-04,3.313179352e-01,2.442524e-15,3.386235e-17,2.825338e-18,8.618554e-03
18.200000,3.521915494e-03,8.595280744e-03,3.233557375e-03,4.297627143e-03,4.819843933e-03,6.577877625e-01,2.070647161e+01,3.388319035e-04,2.617139482e-01,2.443383e-15,2.498548e-17,6.812194e-18,8.657674e-03
18.250000,3.504537426e-03,8.536368864e-03,3.463313598e-03,4.268171473e-03,4.765923438e-03,6.950985766e-01,2.062112906e+01,3.334477821e-04,3.448759717e-01,2.220845e-15,2.195199e-17,1.528588e-18,8.593043e-03
18.300000,3.518362284e-03,8.486016067e-03,1.743856322e-03,4.242995303e-03,4.719578052e-03,6.766836386e-01,2.042318064e+01,3.237399265e-04,1.408774201e-01,2.888009e-15,1.067845e-17,3.042810e-18,8.643745e-03
18.350000,3.492086584e-03,8.464917924e-03,4.362647185e-03,4.232446326e-03,4.737279011e-03,7.072923223e-01,2.038595566e+01,3.323596599e-04,4.676818555e-01,2.004049e-15,1.565590e-17,4.082029e-18,8.557734e-03
18.400000,3.482820534e-03,8.480079112e-03,2.307449601e-03,4.240026852e-03,4.748261401e-03,6.544976310e-01,2.020068070e+01,3.268526741e-04,1.586363385e-01,2.221666e-15,3.001255e-17,4.923028e-18,8.581744e-03
18.450000,3.436448518e-03,8.334433251e-03,2.436796047e-03,4.167204565e-03,4.680640773e-03,6.970140340e-01,2.011237953e+01,3.171609229e-04,2.642267525e-01,2.221533e-15,1.216198e-17,4.220066e-18,9.378215e-03
18.500000,3.441744531e-03,8.433012379e-03,2.032539763e-03,4.216493695e-03,4.743233910e-03,6.336386346e-01,1.985990699e+01,3.242823050e-04,2.404075918e-01,2.220798e-15,1.531977e-17,1.291570e-18,8.738944e-03
18.550000,3.438528016e-03,8.405865742e-03,3.555556315e-03,4.202920497e-03,4.724510136e-03,7.173879084e-01,1.988472896e+01,3.262052842e-04,4.157120081e-01,1.781077e-15,2.499600e-17,9.533336e-19,8.774905e-03
18.600000,3.464074219e-03,8.487765806e-03,2.490105597e-03,4.243870164e-03,4.779774488e-03,6.716228667e-01,1.968916750e+01,3.299537379e-04,1.861793090e-01,2.001419e-15,1.538388e-17,2.491621e-18,1.346735e-02
18.650000,3.443905964e-03,8.513662233e-03,2.476974719e-03,4.256818261e-03,4.799650441e-03,6.842639044e-01,1.955993180e+01,3.323248704e-04,2.465476736e-01,2.444534e-15,1.457027e-17,5.256055e-18,8.578474e-03
18.700000,3.355947078e-03,8.257671196e-03,2.154131431e-03,4.128823868e-03,4.679578371e-03,6.787577808e-01,1.950757550e+01,3.138852632e-04,2.050738975e-01,1.785485e-15,2.695619e-17,1.327545e-18,8.700434e-03
18.750000,3.392942626e-03,8.369533827e-03,4.349856154e-03,4.184754700e-03,4.738492654e-03,6.532884964e-01,1.926180979e+01,3.291845005e-04,2.898553535e-01,2.664826e-15,1.944255e-17,3.812545e-18,8.549505e-03
18.800000,3.387176475e-03,8.454291554e-03,1.688671525e-03,4.227133188e-03,4.763123824e-03,7.076456449e-01,1.928246175e+01,3.258738342e-04,2.007492522e-01,2.000141e-15,1.687969e-17,1.481451e-18,8.634285e-03
18.850000,3.390599714e-03,8.454125773e-03,2.963844540e-03,4.227050299e-03,4.803398946e-03,6.930292591e-01,1.916812444e+01,3.319169525e-04,3.994662436e-01,2.003762e-15,2.229064e-17,1.842317e-18,8.641384e-03
18.900000,3.399218204e-03,8.529177479e-03,1.716976393e-03,4.264575813e-03,4.846512841e-03,7.142730583e-01,1.902435570e+01,3.348763527e-04,2.522024365e-01,2.446843e-15,1.093334e-17,2.384147e-18,8.657074e-03
18.950000,3.386672311e-03,8.454807345e-03,6.603454399e-04,4.227391082e-03,4.795010567e-03,6.795284754e-01,1.891866028e+01,3.271217216e-04,9.900570031e-02,2.886897e-15,3.195485e-17,2.217221e-18,8.592994e-03
19.000000,3.398271135e-03,8.563911879e-03,3.545322018e-03,4.281942855e-03,4.849181179e-03,6.594289679e-01,1.873591136e+01,3.410813959e-04,3.047959194e-01,2.442987e-15,4.257620e-18,5.061094e-18,8.589464e-03
19.050000,3.405531531e-03,8.601755342e-03,1.802372285e-03,4.300864412e-03,4.854952135e-03,7.492488254e-01,1.879759811e+01,3.381682323e-04,2.063059436e-01,1.777028e-15,1.903947e-17,2.892771e-18,8.537584e-03
19.100000,3.335474466e-03,8.407554403e-03,3.656574146e-03,4.203764820e-03,4.779094213e-03,7.287071146e-01,1.870422367e+01,3.307763085e-04,4.088393270e-01,2.886602e-15,3.837819e-17,7.787866e-18,8.582093e-03
19.150000,3.338931934e-03,8.453639725e-03,2.052890416e-03,4.226807277e-03,4.793135830e-03,7.297440628e-01,1.859007031e+01,3.288275862e-04,1.850288609e-01,2.665292e-15,8.494206e-18,2.603319e-18,8.598344e-03
19.200000,3.352933566e-03,8.536447909e-03,3.865564302e-03,4.268210995e-03,4.868895592e-03,7.435232014e-01,1.854913172e+01,3.428614488e-04,3.411348048e-01,2.665303e-15,1.593800e-17,5.395287e-18,8.592804e-03
19.250000,3.332617732e-03,8.434927236e-03,2.953736400e-03,4.217451116e-03,4.814469062e-03,7.317971760e-01,1.849268260e+01,3.320903294e-04,1.829470825e-01,1.555825e-15,1.837643e-17,8.160372e-18,8.755434e-03
19.300000,3.337369171e-03,8.555865649e-03,2.811111370e-03,4.277919776e-03,4.883183523e-03,7.450485755e-01,1.843988035e+01,3.411198050e-04,3.287153435e-01,2.001263e-15,3.785112e-17,3.749759e-18,8.703294e-03
19.350000,3.272066165e-03,8.355897569e-03,2.867392174e-03,4.177936630e-03,4.789089841e-03,7.013499903e-01,1.829282947e+01,3.272352569e-04,2.485513501e-01,2.221108e-15,1.111410e-17,6.384137e-18,9.068905e-03
19.400000,3.325195981e-03,8.533766632e-03,3.117354349e-03,4.266870369e-03,4.860575178e-03,6.799974141e-01,1.822182275e+01,3.395099395e-04,2.337318640e-01,1.786874e-15,1.784425e-17,3.687382e-18,8.627084e-03
19.450000,3.310232020e-03,8.464856221e-03,2.073625033e-03,4.232415475e-03,4.829241194e-03,7.189811082e-01,1.822688514e+01,3.320292505e-04,1.394695968e-01,2.888416e-15,7.571243e-18,3.023544e-18,8.614343e-03
19.500000,3.308853745e-03,8.447604577e-03,3.207850010e-04,4.223789730e-03,4.829452871e-03,7.010754203e-01,1.815027193e+01,3.293635692e-04,1.014455616e-01,2.443760e-15,1.805690e-17,4.108986e-18,8.603314e-03
19.550000,3.304252993e-03,8.426706535e-03,5.937067160e-03,4.213340801e-03,4.820715346e-03,7.982831473e-01,1.824680992e+01,3.455566805e-04,5.358696817e-01,2.001425e-15,2.894663e-17,5.204754e-19,8.707464e-03
19.600000,3.271264591e-03,8.400812892e-03,3.157450262e-03,4.200394095e-03,4.831869833e-03,7.468023699e-01,1.813815946e+01,3.329069592e-04,2.361993677e-01,2.006829e-15,1.126937e-17,6.099128e-18,8.633264e-03
19.650000,3.263262085e-03,8.468474167e-03,2.521489711e-03,4.234224431e-03,4.860555009e-03,7.155913330e-01,1.803925789e+01,3.356081674e-04,2.123665939e-01,1.779669e-15,1.974412e-17,4.661113e-18,8.635784e-03
19.700000,3.289478568e-03,8.504416613e-03,2.520926845e-03,4.252195493e-03,4.881175004e-03,7.094773250e-01,1.801468733e+01,3.384338235e-04,1.945440854e-01,2.664580e-15,2.109943e-17,8.471044e-18,8.736334e-03
19.750000,3.310040449e-03,8.560521423e-03,1.856579863e-03,4.280247643e-03,4.911894249e-03,7.459408792e-01,1.807798906e+01,3.413012443e-04,2.463927788e-01,2.886607e-15,2.119613e-17,9.285365e-18,8.573404e-03
19.800000,3.271961038e-03,8.427208504e-03,4.064916416e-03,4.213591784e-03,4.825875771e-03,7.226093941e-01,1.794809203e+01,3.366092342e-04,3.545215892e-01,2.888278e-15,2.642372e-17,1.944922e-18,8.666614e-03
19.850000,3.296686385e-03,8.523432648e-03,2.850889747e-03,4.261703424e-03,4.922155321e-03,7.220026300e-01,1.795828905e+01,3.431816188e-04,2.392042741e-01,2.443254e-15,1.243520e-17,7.172894e-18,9.677826e-03
19.900000,3.308341105e-03,8.586166296e-03,1.262715235e-03,4.293069961e-03,4.940093596e-03,7.419925044e-01,1.798421560e+01,3.434770203e-04,2.543654772e-01,2.888724e-15,1.998612e-17,7.358173e-18,8.632884e-03
19.950000,3.313353211e-03,8.592027081e-03,1.792946942e-03,4.296000326e-03,4.932194736e-03,7.868385688e-01,1.802156680e+01,3.438646391e-04,2.136046031e-01,2.886627e-15,1.543652e-17,5.572966e-18,8.734214e-03
20.000000,3.307045272e-03,8.668204987e-03,1.140877274e-03,4.334088925e-03,4.950172451e-03,7.465248542e-01,1.797713209e+01,3.469590733e-04,1.366454387e-01,2.670746e-15,3.796745e-17,6.464321e-18,8.667314e-03
20.050000,3.266565862e-03,8.481209504e-03,2.012265034e-03,4.240592043e-03,4.871962425e-03,7.426485028e-01,1.795406328e+01,3.357737152e-04,2.094719719e-01,3.331046e-15,1.056990e-17,5.102311e-18,8.584384e-03
20.100000,3.258999420e-03,8.478290571e-03,3.300436996e-03,4.239132589e-03,4.887751459e-03,7.829082988e-01,1.797194715e+01,3.403293177e-04,2.846428847e-01,3.330709e-15,4.758533e-18,7.202003e-19,8.679214e-03
20.150000,3.274200794e-03,8.523688722e-03,3.177389041e-03,4.261831460e-03,4.906111440e-03,6.956841180e-01,1.788955828e+01,3.429129954e-04,1.756504441e-01,3.108625e-15,9.379802e-18,8.302106e-18,1.156247e-02
20.200000,3.290692730e-03,8.470068914e-03,3.152060740e-03,4.235021798e-03,4.852257129e-03,7.822049470e-01,1.800017266e+01,3.368062144e-04,2.410064721e-01,2.886593e-15,2.274109e-17,3.743886e-18,8.630204e-03
20.250000,3.326363601e-03,8.542452707e-03,1.493496743e-03,4.271213367e-03,4.931010851e-03,7.589423852e-01,1.796005113e+01,3.415803194e-04,9.264018295e-02,2.887661e-15,9.942052e-18,2.982997e-18,1.339629e-02
20.300000,3.316102660e-03,8.622737308e-03,2.225714083e-03,4.311355298e-03,4.958020912e-03,7.517467750e-01,1.795142921e+01,3.478349485e-04,1.246415301e-01,3.109128e-15,3.742168e-17,8.253437e-18,8.626284e-03
20.350000,3.345832373e-03,8.639298007e-03,2.476450661e-03,4.319635570e-03,4.957622726e-03,7.478966675e-01,1.792939431e+01,3.489646003e-04,1.266140781e-01,2.887132e-15,5.532729e-18,1.190089e-17,1.337600e-02
20.400000,3.326371106e-03,8.477358518e-03,2.363479734e-03,4.238666567e-03,4.878195536e-03,7.781679459e-01,1.798719519e+01,3.368977059e-04,2.829555458e-01,3.554720e-15,3.330664e-17,6.232345e-18,8.601534e-03
20.450000,3.312323761e-03,8.471038420e-03,2.890112205e-03,4.235506546e-03,4.892322128e-03,7.570823386e-01,1.795219461e+01,3.391710263e-04,1.864250370e-01,3.334952e-15,3.862595e-17,4.297004e-18,8.878775e-03
20.500000,3.326550682e-03,8.488919703e-03,2.744359505e-03,4.244447107e-03,4.866764989e-03,7.300356428e-01,1.792624056e+01,3.373716162e-04,2.092008476e-01,2.664573e-15,9.956767e-18,1.278974e-18,1.256087e-02
20.550000,3.310258917e-03,8.393923112e-03,3.552925812e-03,4.196949235e-03,4.821972115e-03,7.720414275e-01,1.797990143e+01,3.332380246e-04,3.181292146e-01,3.998150e-15,3.717872e-17,6.854088e-19,8.609244e-03
20.600000,3.326808027e-03,8.419674307e-03,2.829219679e-03,4.209824719e-03,4.852260170e-03,7.648472931e-01,1.797428642e+01,3.341386654e-04,2.235715532e-01,3.331529e-15,6.446507e-18,6.067290e-18,8.813104e-03
20.650000,3.314185809e-03,8.302213551e-03,2.455732074e-03,4.151094854e-03,4.805291468e-03,7.605334730e-01,1.794456708e+01,3.255946267e-04,2.124507214e-01,3.331877e-15,3.222275e-17,9.384408e-18,8.622424e-03
20.700000,3.382600358e-03,8.589583173e-03,2.139633148e-03,4.294778384e-03,4.947272193e-03,7.432924448e-01,1.794474730e+01,3.456540031e-04,8.213233273e-02,3.999298e-15,1.979918e-17,2.895679e-18,8.672364e-03
20.750000,3.336685594e-03,8.378416832e-03,1.937936025e-03,4.189196163e-03,4.836433479e-03,7.230765248e-01,1.792008741e+01,3.294014243e-04,1.085114305e-01,3.333296e-15,2.529098e-17,4.116555e-18,8.655414e-03
20.800000,3.383749069e-03,8.570139937e-03,3.893124171e-03,4.285056855e-03,4.916838648e-03,7.841574583e-01,1.800471313e+01,3.478743243e-04,3.837315200e-01,4.222011e-15,4.464176e-17,3.215935e-18,8.580974e-03
20.850000,3.393233350e-03,8.635661191e-03,3.260844120e-03,4.317817179e-03,4.965665430e-03,7.854517602e-01,1.801318900e+01,3.517275790e-04,2.427991548e-01,3.554717e-15,2.414842e-17,6.626932e-18,8.594304e-03
20.900000,3.392293301e-03,8.622645388e-03,2.976135029e-03,4.311309338e-03,4.941001890e-03,7.388130076e-01,1.799927092e+01,3.484357930e-04,1.969928748e-01,3.330725e-15,2.527315e-17,2.537193e-18,8.705154e-03
20.950000,3.410521113e-03,8.548957531e-03,5.266344755e-03,4.274465749e-03,4.911377601e-03,7.168507649e-01,1.795712813e+01,3.530086925e-04,3.447938253e-01,3.109365e-15,1.974314e-17,3.083319e-18,8.552964e-03
21.000000,3.422316573e-03,8.582244538e-03,2.040661365e-03,4.291109100e-03,4.944020067e-03,7.613972318e-01,1.804118569e+01,3.449377633e-04,2.971511347e-01,2.888165e-15,2.536729e-17,3.106954e-18,8.585964e-03
21.050000,3.482042602e-03,8.743128699e-03,3.377401423e-03,4.371550426e-03,5.011137911e-03,8.108000789e-01,1.812068171e+01,3.594790705e-04,3.423064538e-01,3.553210e-15,1.638108e-17,4.923324e-19,8.607744e-03
21.100000,3.415875461e-03,8.530362419e-03,4.245915125e-03,4.265168278e-03,4.909993754e-03,7.637209741e-01,1.810672484e+01,3.474114905e-04,4.294611788e-01,2.447251e-15,3.954516e-17,6.267329e-18,8.725074e-03
21.150000,3.467772681e-03,8.667432780e-03,3.584429768e-03,4.333702825e-03,4.987416723e-03,7.660176961e-01,1.813019810e+01,3.556665143e-04,2.637418671e-01,3.108936e-15,2.552223e-17,9.442028e-19,8.545174e-03
21.200000,3.430565317e-03,8.412572953e-03,3.200214331e-03,4.206274073e-03,4.872360449e-03,7.517756194e-01,1.814033319e+01,3.365817893e-04,2.952882498e-01,2.450181e-15,3.711673e-17,1.977468e-18,8.761264e-03
21.250000,3.463405602e-03,8.544422346e-03,1.838316150e-03,4.272198178e-03,4.907703993e-03,7.731510484e-01,1.818995723e+01,3.403875891e-04,1.868570194e-01,2.887287e-15,1.069124e-17,5.716496e-18,8.526053e-03
21.300000,3.480776393e-03,8.489402391e-03,5.380184553e-03,4.244688449e-03,4.863826532e-03,7.223493312e-01,1.815834618e+01,3.478667014e-04,4.144775851e-01,2.891505e-15,2.487228e-17,3.552421e-18,1.331404e-02
21.350000,3.532827546e-03,8.698022069e-03,2.190107440e-03,4.348997326e-03,4.980193667e-03,7.148427717e-01,1.819942012e+01,3.521271389e-04,1.266206084e-01,3.108656e-15,2.126127e-17,4.089303e-18,8.535554e-03
21.400000,3.496858009e-03,8.552210667e-03,1.705243393e-03,4.276092302e-03,4.919825008e-03,7.615998159e-01,1.830646139e+01,3.413710754e-04,1.338871225e-01,2.664546e-15,1.351720e-17,3.759481e-18,8.603693e-03
21.450000,3.530471900e-03,8.558183145e-03,2.744170536e-03,4.279078514e-03,4.914423054e-03,7.322242095e-01,1.837471976e+01,3.434617710e-04,2.268180106e-01,2.001865e-15,5.964176e-18,2.648503e-18,1.327044e-02
21.500000,3.546112792e-03,8.607479707e-03,3.751669301e-03,4.303726568e-03,4.912398347e-03,7.174944500e-01,1.839031545e+01,3.482672704e-04,3.288071919e-01,2.221648e-15,4.936904e-18,4.443009e-18,8.629044e-03
21.550000,3.538457828e-03,8.680443698e-03,1.919638051e-03,4.340208223e-03,4.998571120e-03,7.311600482e-01,1.846535828e+01,3.524274704e-04,2.838816784e-01,1.778790e-15,2.406185e-17,1.651065e-18,1.331600e-02
21.600000,3.580590728e-03,8.640958424e-03,2.800640806e-03,4.320465771e-03,4.938089883e-03,7.627532555e-01,1.861930340e+01,3.483310439e-04,2.048444250e-01,2.887593e-15,1.658648e-17,4.454775e-18,8.600524e-03
21.650000,3.558634407e-03,8.633344108e-03,4.737776203e-03,4.316658648e-03,4.939873794e-03,7.371642204e-01,1.869405747e+01,3.555104216e-04,4.036982844e-01,2.664876e-15,6.326093e-18,2.615221e-18,8.620823e-03
21.700000,3.593835058e-03,8.676114093e-03,3.764686489e-03,4.338043441e-03,4.939453124e-03,6.891896643e-01,1.864000109e+01,3.528209766e-04,2.757418611e-01,1.999110e-15,4.981585e-17,4.435348e-18,8.679494e-03
21.750000,3.565276267e-03,8.573435961e-03,2.781653383e-03,4.286704852e-03,4.910337937e-03,7.079206793e-01,1.876265081e+01,3.437668549e-04,2.989969325e-01,2.444948e-15,1.114721e-17,5.740696e-18,8.938084e-03
21.800000,3.606494949e-03,8.615999321e-03,1.595319711e-03,4.307986335e-03,4.915664932e-03,7.201713615e-01,1.888625064e+01,3.430525864e-04,1.020665593e-01,2.664549e-15,1.347495e-17,1.705265e-18,9.212404e-03
21.850000,3.577535497e-03,8.578605958e-03,3.068316015e-03,4.289289827e-03,4.923851731e-03,6.984792351e-01,1.891520812e+01,3.458458663e-04,2.472149760e-01,2.445293e-15,1.740464e-17,2.584025e-18,8.574994e-03
21.900000,3.602656160e-03,8.624954349e-03,2.573829751e-03,4.312463808e-03,4.906212644e-03,6.644882414e-01,1.902841998e+01,3.446584326e-04,2.709641075e-01,2.231005e-15,2.106454e-17,3.188291e-18,8.588804e-03
21.950000,3.653544323e-03,8.769384029e-03,3.174986814e-03,4.384677965e-03,4.978101462e-03,7.199599573e-01,1.923427719e+01,3.570954308e-04,2.143112673e-01,1.554512e-15,2.858739e-17,2.227413e-18,8.605614e-03
22.000000,3.613403787e-03,8.602154758e-03,1.366105666e-03,4.301064118e-03,4.893316211e-03,7.014122420e-01,1.930118850e+01,3.404826910e-04,7.488038625e-02,2.000887e-15,2.206661e-17,4.348538e-18,8.572693e-03
22.050000,3.637498855e-03,8.682641617e-03,2.160607256e-03,4.341307172e-03,4.909963426e-03,6.751760382e-01,1.937049423e+01,3.459716223e-04,1.378699850e-01,2.220684e-15,3.053570e-18,4.520664e-18,8.609683e-03
22.100000,3.646546528e-03,8.660546481e-03,4.782601716e-03,4.330259708e-03,4.933430904e-03,7.082284060e-01,1.953208478e+01,3.561557565e-04,4.406574444e-01,1.999211e-15,4.990478e-18,1.506348e-18,8.558884e-03
22.150000,3.578407279e-03,8.408737978e-03,3.032255450e-03,4.204356603e-03,4.786612013e-03,6.968217362e-01,1.966030833e+01,3.293034386e-04,3.036668309e-01,2.664628e-15,1.385750e-17,7.077376e-19,8.540344e-03
22.200000,3.690116503e-03,8.692664304e-03,3.244389437e-03,4.346318468e-03,4.903779477e-03,6.572713538e-01,1.977207462e+01,3.487633305e-04,2.746362949e-01,2.220823e-15,7.498022e-18,2.021004e-18,8.617434e-03
22.250000,3.701039740e-03,8.624417639e-03,1.879639065e-03,4.312195455e-03,4.882246789e-03,6.867223496e-01,1.986727936e+01,3.412174284e-04,2.135217789e-01,2.673303e-15,1.318508e-17,3.305632e-18,8.615664e-03
22.300000,3.666227720e-03,8.622179209e-03,6.066116079e-03,4.311076251e-03,4.873565887e-03,7.066164807e-01,2.010423775e+01,3.570950653e-04,6.391897079e-01,2.001483e-15,5.159208e-18,2.430463e-18,8.756344e-03
22.350000,3.682937485e-03,8.649127143e-03,2.966383180e-03,4.324550093e-03,4.909154147e-03,6.767670214e-01,2.010077344e+01,3.468119381e-04,2.529805812e-01,2.892603e-15,1.007689e-17,3.884546e-18,1.300908e-02
22.400000,3.642674093e-03,8.421286502e-03,2.890353683e-03,4.210630809e-03,4.789496933e-03,6.271829696e-01,2.017481646e+01,3.295266137e-04,3.590503649e-01,2.444902e-15,1.492160e-17,1.076341e-18,8.651774e-03
22.450000,3.665748876e-03,8.502616687e-03,2.707690058e-03,4.251295538e-03,4.825835769e-03,6.572033784e-01,2.035396753e+01,3.345634297e-04,3.045780791e-01,2.444542e-15,2.403834e-17,5.074067e-19,8.621854e-03
