law,gains,mode,condition,phase,T_rms,T_max,O_rms,O_max,exi_rms,tau_rms,tau_max,gF_mean,gF_max,d_hat_rms,d_hat_max,V_ss,V_peak,t_peak,t_conv,V_weight,d_hat_inf,exi_rms_run,rms_bound_5_7,rms_margin,sat_steps,gov_steps,n_steps,runtime_mean_ms,runtime_max_ms
tndq,base,noload,none,descend,6.191863e-04,7.693649e-04,7.014779e-04,1.111591e-03,2.368710e-03,3.141567e+01,3.169724e+01,0.000000e+00,0.000000e+00,,,2.706536e-05,4.614489e-05,1.000000e-01,0.000000e+00,base k_p=16,,,,,0,0,4500,9.108812e+00,1.499391e+01
tndq,base,noload,none,hold,7.810893e-04,7.829511e-04,1.388348e-03,1.570757e-03,6.330667e-04,3.121569e+01,3.121730e+01,0.000000e+00,0.000000e+00,,,2.706536e-05,4.614489e-05,1.000000e-01,0.000000e+00,base k_p=16,,,,,0,0,4500,9.108812e+00,1.499391e+01
tndq,base,noload,none,lift,7.768231e-04,7.892023e-04,1.709411e-03,1.763487e-03,3.553578e-04,3.142836e+01,3.154136e+01,0.000000e+00,0.000000e+00,,,2.706536e-05,4.614489e-05,1.000000e-01,0.000000e+00,base k_p=16,,,,,0,0,4500,9.108812e+00,1.499391e+01
tndq,base,noload,none,retreat,7.111190e-04,7.863018e-04,1.755012e-03,1.794259e-03,4.576591e-04,2.911539e+01,3.383961e+01,0.000000e+00,0.000000e+00,,,2.706536e-05,4.614489e-05,1.000000e-01,0.000000e+00,base k_p=16,,,,,0,0,4500,9.108812e+00,1.499391e+01
tndq,base,noload,none,transit,6.604931e-04,7.787726e-04,1.786934e-03,1.801048e-03,3.244636e-04,2.170623e+01,2.648098e+01,0.000000e+00,0.000000e+00,,,2.706536e-05,4.614489e-05,1.000000e-01,0.000000e+00,base k_p=16,,,,,0,0,4500,9.108812e+00,1.499391e+01
tndq,base,noload,none,descend2,6.418874e-04,7.088194e-04,1.649543e-03,1.725765e-03,5.630954e-04,1.774186e+01,1.856573e+01,0.000000e+00,0.000000e+00,,,2.706536e-05,4.614489e-05,1.000000e-01,0.000000e+00,base k_p=16,,,,,0,0,4500,9.108812e+00,1.499391e+01
tndq,base,noload,none,circle,6.390440e-04,7.285581e-04,1.717813e-03,1.763071e-03,3.595392e-04,1.834807e+01,2.059426e+01,0.000000e+00,0.000000e+00,,,2.706536e-05,4.614489e-05,1.000000e-01,0.000000e+00,base k_p=16,,,,,0,0,4500,9.108812e+00,1.499391e+01
tndq,base,noload,none,circle-ss,6.320219e-04,6.969232e-04,1.724490e-03,1.763071e-03,3.642186e-04,1.809662e+01,2.053729e+01,0.000000e+00,0.000000e+00,,,2.706536e-05,4.614489e-05,1.000000e-01,0.000000e+00,base k_p=16,,,,,0,0,4500,9.108812e+00,1.499391e+01
tndq,base,load,none,descend,6.191863e-04,7.693649e-04,7.014779e-04,1.111591e-03,2.368710e-03,3.141567e+01,3.169724e+01,0.000000e+00,0.000000e+00,,,2.420254e-02,3.685073e-02,6.750000e+00,0.000000e+00,base k_p=16,,,,,0,3,4500,9.211363e+00,1.553073e+01
tndq,base,load,none,hold,5.647860e-03,1.048624e-02,7.428659e-03,1.244560e-02,5.541851e-02,3.019558e+01,3.121730e+01,9.155002e+00,2.191937e+02,,,2.420254e-02,3.685073e-02,6.750000e+00,0.000000e+00,base k_p=16,,,,,0,3,4500,9.211363e+00,1.553073e+01
tndq,base,load,none,lift,1.196928e-02,1.868501e-02,1.417893e-02,2.494709e-02,7.260213e-02,3.210205e+01,3.435767e+01,2.058718e+00,2.459429e+00,,,2.420254e-02,3.685073e-02,6.750000e+00,0.000000e+00,base k_p=16,,,,,0,3,4500,9.211363e+00,1.553073e+01
tndq,base,load,none,retreat,1.220294e-02,1.762862e-02,1.524359e-02,2.245683e-02,6.645935e-02,3.223566e+01,3.660320e+01,2.568254e+00,4.029915e+00,,,2.420254e-02,3.685073e-02,6.750000e+00,0.000000e+00,base k_p=16,,,,,0,3,4500,9.211363e+00,1.553073e+01
tndq,base,load,none,transit,2.681772e-02,4.658552e-02,1.388712e-02,2.351706e-02,1.145404e-01,2.345015e+01,2.914243e+01,2.493828e+00,6.952079e+00,,,2.420254e-02,3.685073e-02,6.750000e+00,0.000000e+00,base k_p=16,,,,,0,3,4500,9.211363e+00,1.553073e+01
tndq,base,load,none,descend2,1.929941e-02,2.208218e-02,3.752999e-02,4.531599e-02,3.113239e-02,2.013579e+01,2.125242e+01,2.454284e+00,2.497218e+00,,,2.420254e-02,3.685073e-02,6.750000e+00,0.000000e+00,base k_p=16,,,,,0,3,4500,9.211363e+00,1.553073e+01
tndq,base,load,none,circle,1.585757e-02,1.737905e-02,5.213836e-02,5.301442e-02,6.755795e-03,2.150230e+01,2.498155e+01,2.452594e+00,2.457215e+00,,,2.420254e-02,3.685073e-02,6.750000e+00,0.000000e+00,base k_p=16,,,,,0,3,4500,9.211363e+00,1.553073e+01
tndq,base,load,none,circle-ss,1.582018e-02,1.644950e-02,5.262262e-02,5.301442e-02,6.413108e-03,2.108418e+01,2.496932e+01,2.452297e+00,2.453964e+00,,,2.420254e-02,3.685073e-02,6.750000e+00,0.000000e+00,base k_p=16,,,,,0,3,4500,9.211363e+00,1.553073e+01
tndq,tuned,noload,none,descend,1.511904e-04,3.220582e-04,1.824820e-04,7.197907e-04,2.759138e-03,3.143564e+01,3.232464e+01,0.000000e+00,0.000000e+00,,,2.195977e-07,7.735921e-05,5.000000e-02,5.300000e+00,base k_p=16,,,,,0,0,4500,1.085204e+01,3.468583e+01
tndq,tuned,noload,none,hold,1.549700e-04,1.564353e-04,9.778016e-05,1.009345e-04,3.448693e-05,3.119953e+01,3.119975e+01,0.000000e+00,0.000000e+00,,,2.195977e-07,7.735921e-05,5.000000e-02,5.300000e+00,base k_p=16,,,,,0,0,4500,1.085204e+01,3.468583e+01
tndq,tuned,noload,none,lift,1.541853e-04,1.708487e-04,9.777832e-05,1.036178e-04,9.488615e-05,3.141510e+01,3.152730e+01,0.000000e+00,0.000000e+00,,,2.195977e-07,7.735921e-05,5.000000e-02,5.300000e+00,base k_p=16,,,,,0,0,4500,1.085204e+01,3.468583e+01
tndq,tuned,noload,none,retreat,1.407924e-04,2.316904e-04,9.220861e-05,1.004783e-04,2.845342e-04,2.909660e+01,3.387635e+01,0.000000e+00,0.000000e+00,,,2.195977e-07,7.735921e-05,5.000000e-02,5.300000e+00,base k_p=16,,,,,0,0,4500,1.085204e+01,3.468583e+01
tndq,tuned,noload,none,transit,1.413953e-04,2.533133e-04,8.424539e-05,9.952135e-05,2.850545e-04,2.169255e+01,2.651311e+01,0.000000e+00,0.000000e+00,,,2.195977e-07,7.735921e-05,5.000000e-02,5.300000e+00,base k_p=16,,,,,0,0,4500,1.085204e+01,3.468583e+01
tndq,tuned,noload,none,descend2,1.541945e-04,2.070122e-04,7.973783e-05,9.735882e-05,2.325635e-04,1.774128e+01,1.856808e+01,0.000000e+00,0.000000e+00,,,2.195977e-07,7.735921e-05,5.000000e-02,5.300000e+00,base k_p=16,,,,,0,0,4500,1.085204e+01,3.468583e+01
tndq,tuned,noload,none,circle,1.367846e-04,1.913500e-04,8.723995e-05,9.842273e-05,1.625405e-04,1.836088e+01,2.061183e+01,0.000000e+00,0.000000e+00,,,2.195977e-07,7.735921e-05,5.000000e-02,5.300000e+00,base k_p=16,,,,,0,0,4500,1.085204e+01,3.468583e+01
tndq,tuned,noload,none,circle-ss,1.355494e-04,1.748660e-04,8.695436e-05,9.821291e-05,1.531757e-04,1.810939e+01,2.056672e+01,0.000000e+00,0.000000e+00,,,2.195977e-07,7.735921e-05,5.000000e-02,5.300000e+00,base k_p=16,,,,,0,0,4500,1.085204e+01,3.468583e+01
tndq,tuned,noload,highspeed,descend,1.511904e-04,3.220582e-04,1.824820e-04,7.197907e-04,2.759138e-03,3.143564e+01,3.232464e+01,0.000000e+00,0.000000e+00,1.888141e-01,1.186853e+00,2.360370e-07,7.735921e-05,5.000000e-02,3.400000e+00,base k_p=16,1.186853e+00,1.439737e-03,4.945221e-02,3.434809e+01,0,0,4500,9.558414e+00,1.419908e+01
tndq,tuned,noload,highspeed,hold,1.549700e-04,1.564353e-04,9.778016e-05,1.009345e-04,3.448693e-05,3.119953e+01,3.119975e+01,0.000000e+00,0.000000e+00,1.994781e-02,2.074829e-02,2.360370e-07,7.735921e-05,5.000000e-02,3.400000e+00,base k_p=16,1.186853e+00,1.439737e-03,4.945221e-02,3.434809e+01,0,0,4500,9.558414e+00,1.419908e+01
tndq,tuned,noload,highspeed,lift,1.541853e-04,1.708487e-04,9.777832e-05,1.036178e-04,9.488615e-05,3.141510e+01,3.152730e+01,0.000000e+00,0.000000e+00,1.957874e-02,2.174888e-02,2.360370e-07,7.735921e-05,5.000000e-02,3.400000e+00,base k_p=16,1.186853e+00,1.439737e-03,4.945221e-02,3.434809e+01,0,0,4500,9.558414e+00,1.419908e+01
tndq,tuned,noload,highspeed,retreat,1.407924e-04,2.316904e-04,9.220861e-05,1.004783e-04,2.845342e-04,2.909660e+01,3.387635e+01,0.000000e+00,0.000000e+00,2.171562e-02,5.441399e-02,2.360370e-07,7.735921e-05,5.000000e-02,3.400000e+00,base k_p=16,1.186853e+00,1.439737e-03,4.945221e-02,3.434809e+01,0,0,4500,9.558414e+00,1.419908e+01
tndq,tuned,noload,highspeed,transit,1.287983e-04,2.533133e-04,8.781226e-05,9.952135e-05,2.885721e-04,2.301310e+01,2.651311e+01,0.000000e+00,0.000000e+00,2.261534e-02,7.412517e-02,2.360370e-07,7.735921e-05,5.000000e-02,3.400000e+00,base k_p=16,1.186853e+00,1.439737e-03,4.945221e-02,3.434809e+01,0,0,4500,9.558414e+00,1.419908e+01
tndq,tuned,noload,noise,descend,1.497307e-04,3.450750e-04,1.968971e-04,7.643962e-04,4.623233e-03,3.144318e+01,3.242496e+01,0.000000e+00,0.000000e+00,3.788569e-01,1.651412e+00,4.937600e-06,1.452000e-04,5.000000e-02,1.960000e+01,base k_p=16,1.651412e+00,3.217109e-03,6.880884e-02,2.138841e+01,0,0,4500,9.389082e+00,1.446517e+01
tndq,tuned,noload,noise,hold,1.180757e-04,2.098415e-04,1.224853e-04,1.942496e-04,3.157569e-03,3.120861e+01,3.146687e+01,0.000000e+00,0.000000e+00,2.921265e-01,5.015306e-01,4.937600e-06,1.452000e-04,5.000000e-02,1.960000e+01,base k_p=16,1.651412e+00,3.217109e-03,6.880884e-02,2.138841e+01,0,0,4500,9.389082e+00,1.446517e+01
tndq,tuned,noload,noise,lift,1.806851e-04,2.846332e-04,1.334606e-04,2.003819e-04,3.138409e-03,3.139303e+01,3.162592e+01,0.000000e+00,0.000000e+00,3.016408e-01,5.356318e-01,4.937600e-06,1.452000e-04,5.000000e-02,1.960000e+01,base k_p=16,1.651412e+00,3.217109e-03,6.880884e-02,2.138841e+01,0,0,4500,9.389082e+00,1.446517e+01
tndq,tuned,noload,noise,retreat,1.377155e-04,2.561767e-04,1.071499e-04,1.668478e-04,3.129925e-03,2.909326e+01,3.402323e+01,0.000000e+00,0.000000e+00,2.962828e-01,4.423027e-01,4.937600e-06,1.452000e-04,5.000000e-02,1.960000e+01,base k_p=16,1.651412e+00,3.217109e-03,6.880884e-02,2.138841e+01,0,0,4500,9.389082e+00,1.446517e+01
tndq,tuned,noload,noise,transit,1.639146e-04,4.159417e-04,1.069847e-04,2.233393e-04,2.757288e-03,2.168365e+01,2.647480e+01,0.000000e+00,0.000000e+00,2.690814e-01,4.630722e-01,4.937600e-06,1.452000e-04,5.000000e-02,1.960000e+01,base k_p=16,1.651412e+00,3.217109e-03,6.880884e-02,2.138841e+01,0,0,4500,9.389082e+00,1.446517e+01
tndq,tuned,noload,noise,descend2,1.723357e-04,2.734035e-04,1.083789e-04,1.691117e-04,3.127210e-03,1.774574e+01,1.853972e+01,0.000000e+00,0.000000e+00,2.929354e-01,6.560401e-01,4.937600e-06,1.452000e-04,5.000000e-02,1.960000e+01,base k_p=16,1.651412e+00,3.217109e-03,6.880884e-02,2.138841e+01,0,0,4500,9.389082e+00,1.446517e+01
tndq,tuned,noload,noise,circle,1.598030e-04,3.101395e-04,1.164382e-04,1.932707e-04,3.047333e-03,1.836590e+01,2.068941e+01,0.000000e+00,0.000000e+00,2.851321e-01,7.063538e-01,4.937600e-06,1.452000e-04,5.000000e-02,1.960000e+01,base k_p=16,1.651412e+00,3.217109e-03,6.880884e-02,2.138841e+01,0,0,4500,9.389082e+00,1.446517e+01
tndq,tuned,noload,noise,circle-ss,1.567727e-04,2.832258e-04,1.164190e-04,1.932707e-04,3.052103e-03,1.811114e+01,2.060685e+01,0.000000e+00,0.000000e+00,2.847764e-01,6.274111e-01,4.937600e-06,1.452000e-04,5.000000e-02,1.960000e+01,base k_p=16,1.651412e+00,3.217109e-03,6.880884e-02,2.138841e+01,0,0,4500,9.389082e+00,1.446517e+01
tndq,tuned,load,none,descend,1.511904e-04,3.220582e-04,1.824820e-04,7.197907e-04,2.759138e-03,3.143564e+01,3.232464e+01,0.000000e+00,0.000000e+00,,,3.357352e-04,2.468873e-02,2.800000e+00,1.500000e+00,base k_p=16,,,,,0,0,4500,1.052874e+01,1.537333e+01
tndq,tuned,load,none,hold,6.782325e-03,1.051451e-02,7.774161e-03,1.210140e-02,4.390028e-02,2.733469e+01,3.119956e+01,1.371660e+01,2.191549e+02,,,3.357352e-04,2.468873e-02,2.800000e+00,1.500000e+00,base k_p=16,,,,,0,0,4500,1.052874e+01,1.537333e+01
tndq,tuned,load,none,lift,5.757505e-03,1.051645e-02,6.324123e-03,1.210716e-02,3.064507e-02,3.130296e+01,3.321714e+01,3.777049e+00,1.324891e+01,,,3.357352e-04,2.468873e-02,2.800000e+00,1.500000e+00,base k_p=16,,,,,0,0,4500,1.052874e+01,1.537333e+01
tndq,tuned,load,none,retreat,4.146292e-03,4.750671e-03,3.909205e-03,4.331086e-03,2.780347e-03,3.058943e+01,3.541918e+01,2.453272e+00,2.456139e+00,,,3.357352e-04,2.468873e-02,2.800000e+00,1.500000e+00,base k_p=16,,,,,0,0,4500,1.052874e+01,1.537333e+01
tndq,tuned,load,none,transit,4.638237e-03,4.989238e-03,4.132101e-03,4.383580e-03,1.766705e-03,2.297292e+01,2.792454e+01,2.452791e+00,2.464380e+00,,,3.357352e-04,2.468873e-02,2.800000e+00,1.500000e+00,base k_p=16,,,,,0,0,4500,1.052874e+01,1.537333e+01
tndq,tuned,load,none,descend2,4.847145e-03,5.000060e-03,4.211925e-03,4.352957e-03,8.508479e-04,1.886805e+01,1.970759e+01,2.452593e+00,2.496182e+00,,,3.357352e-04,2.468873e-02,2.800000e+00,1.500000e+00,base k_p=16,,,,,0,0,4500,1.052874e+01,1.537333e+01
tndq,tuned,load,none,circle,4.851619e-03,4.987057e-03,4.273874e-03,4.437429e-03,9.231709e-04,1.947804e+01,2.186471e+01,2.452574e+00,2.453789e+00,,,3.357352e-04,2.468873e-02,2.800000e+00,1.500000e+00,base k_p=16,,,,,0,0,4500,1.052874e+01,1.537333e+01
tndq,tuned,load,none,circle-ss,4.858745e-03,4.920148e-03,4.269669e-03,4.299350e-03,9.398918e-04,1.920401e+01,2.182842e+01,2.452535e+00,2.452606e+00,,,3.357352e-04,2.468873e-02,2.800000e+00,1.500000e+00,base k_p=16,,,,,0,0,4500,1.052874e+01,1.537333e+01
tndq,tuned,load,highspeed,descend,1.511904e-04,3.220582e-04,1.824820e-04,7.197907e-04,2.759138e-03,3.143564e+01,3.232464e+01,0.000000e+00,0.000000e+00,1.888141e-01,1.186853e+00,3.368174e-04,2.468873e-02,2.800000e+00,1.500000e+00,base k_p=16,3.539587e+00,1.398780e-02,1.474828e-01,1.054367e+01,0,0,4500,9.632260e+00,1.907923e+01
tndq,tuned,load,highspeed,hold,6.782325e-03,1.051451e-02,7.774161e-03,1.210140e-02,4.390028e-02,2.733469e+01,3.119956e+01,1.371660e+01,2.191549e+02,1.545616e+00,3.539587e+00,3.368174e-04,2.468873e-02,2.800000e+00,1.500000e+00,base k_p=16,3.539587e+00,1.398780e-02,1.474828e-01,1.054367e+01,0,0,4500,9.632260e+00,1.907923e+01
tndq,tuned,load,highspeed,lift,5.757505e-03,1.051645e-02,6.324123e-03,1.210716e-02,3.064507e-02,3.130296e+01,3.321714e+01,3.777049e+00,1.324891e+01,9.369625e-01,2.115822e+00,3.368174e-04,2.468873e-02,2.800000e+00,1.500000e+00,base k_p=16,3.539587e+00,1.398780e-02,1.474828e-01,1.054367e+01,0,0,4500,9.632260e+00,1.907923e+01
tndq,tuned,load,highspeed,retreat,4.146292e-03,4.750671e-03,3.909205e-03,4.331086e-03,2.780347e-03,3.058943e+01,3.541918e+01,2.453272e+00,2.456139e+00,7.451149e-01,8.598418e-01,3.368174e-04,2.468873e-02,2.800000e+00,1.500000e+00,base k_p=16,3.539587e+00,1.398780e-02,1.474828e-01,1.054367e+01,0,0,4500,9.632260e+00,1.907923e+01
tndq,tuned,load,highspeed,transit,4.638237e-03,4.989238e-03,4.132101e-03,4.383580e-03,1.766705e-03,2.297292e+01,2.792454e+01,2.452791e+00,2.464380e+00,7.620401e-01,8.612862e-01,3.368174e-04,2.468873e-02,2.800000e+00,1.500000e+00,base k_p=16,3.539587e+00,1.398780e-02,1.474828e-01,1.054367e+01,0,0,4500,9.632260e+00,1.907923e+01
tndq,tuned,load,highspeed,descend2,4.847145e-03,5.000060e-03,4.211925e-03,4.352957e-03,8.508479e-04,1.886805e+01,1.970759e+01,2.452593e+00,2.496182e+00,7.780490e-01,8.158015e-01,3.368174e-04,2.468873e-02,2.800000e+00,1.500000e+00,base k_p=16,3.539587e+00,1.398780e-02,1.474828e-01,1.054367e+01,0,0,4500,9.632260e+00,1.907923e+01
tndq,tuned,load,highspeed,circle,4.815632e-03,5.198749e-03,4.267965e-03,4.672830e-03,2.361607e-03,1.988836e+01,2.263309e+01,2.454245e+00,2.454933e+00,7.866921e-01,9.031323e-01,3.368174e-04,2.468873e-02,2.800000e+00,1.500000e+00,base k_p=16,3.539587e+00,1.398780e-02,1.474828e-01,1.054367e+01,0,0,4500,9.632260e+00,1.907923e+01
tndq,tuned,load,highspeed,circle-ss,4.793538e-03,5.187357e-03,4.252631e-03,4.666856e-03,2.313821e-03,2.002837e+01,2.263309e+01,2.454296e+00,2.454830e+00,7.850591e-01,8.865107e-01,3.368174e-04,2.468873e-02,2.800000e+00,1.500000e+00,base k_p=16,3.539587e+00,1.398780e-02,1.474828e-01,1.054367e+01,0,0,4500,9.632260e+00,1.907923e+01
tndq,tuned,load,noise,descend,1.497307e-04,3.450750e-04,1.968971e-04,7.643962e-04,4.623233e-03,3.144318e+01,3.242496e+01,0.000000e+00,0.000000e+00,,,3.393693e-04,2.421484e-02,2.800000e+00,1.450000e+00,base k_p=16,,,,,0,0,4500,9.439377e+00,1.522921e+01
tndq,tuned,load,noise,hold,6.760501e-03,1.052787e-02,7.743903e-03,1.210903e-02,4.380736e-02,2.734635e+01,3.146687e+01,1.372532e+01,2.190369e+02,,,3.393693e-04,2.421484e-02,2.800000e+00,1.450000e+00,base k_p=16,,,,,0,0,4500,9.439377e+00,1.522921e+01
tndq,tuned,load,noise,lift,5.744010e-03,1.051777e-02,6.308168e-03,1.210179e-02,3.054613e-02,3.128639e+01,3.332000e+01,3.777915e+00,1.320805e+01,,,3.393693e-04,2.421484e-02,2.800000e+00,1.450000e+00,base k_p=16,,,,,0,0,4500,9.439377e+00,1.522921e+01
tndq,tuned,load,noise,retreat,4.183430e-03,4.778196e-03,3.945593e-03,4.346244e-03,3.628675e-03,3.058613e+01,3.556534e+01,2.453091e+00,2.460983e+00,,,3.393693e-04,2.421484e-02,2.800000e+00,1.450000e+00,base k_p=16,,,,,0,0,4500,9.439377e+00,1.522921e+01
tndq,tuned,load,noise,transit,4.635607e-03,5.014581e-03,4.130827e-03,4.357504e-03,3.301488e-03,2.296417e+01,2.788634e+01,2.452407e+00,2.465888e+00,,,3.393693e-04,2.421484e-02,2.800000e+00,1.450000e+00,base k_p=16,,,,,0,0,4500,9.439377e+00,1.522921e+01
tndq,tuned,load,noise,descend2,4.841908e-03,4.972531e-03,4.214629e-03,4.423920e-03,3.188176e-03,1.887260e+01,1.967799e+01,2.452877e+00,2.495030e+00,,,3.393693e-04,2.421484e-02,2.800000e+00,1.450000e+00,base k_p=16,,,,,0,0,4500,9.439377e+00,1.522921e+01
tndq,tuned,load,noise,circle,4.851469e-03,5.063858e-03,4.271152e-03,4.500404e-03,3.132247e-03,1.948311e+01,2.194222e+01,2.452770e+00,2.460060e+00,,,3.393693e-04,2.421484e-02,2.800000e+00,1.450000e+00,base k_p=16,,,,,0,0,4500,9.439377e+00,1.522921e+01
tndq,tuned,load,noise,circle-ss,4.865014e-03,5.050015e-03,4.273089e-03,4.384769e-03,3.164410e-03,1.920573e+01,2.186489e+01,2.452612e+00,2.458869e+00,,,3.393693e-04,2.421484e-02,2.800000e+00,1.450000e+00,base k_p=16,,,,,0,0,4500,9.439377e+00,1.522921e+01
tndq,tuned,load,coarse-dt,descend,1.377193e-04,1.446866e-04,1.690751e-04,4.748148e-04,1.156568e-03,3.140280e+01,3.173471e+01,0.000000e+00,0.000000e+00,,,3.351151e-04,5.060668e-03,2.850000e+00,1.600000e+00,base k_p=16,,,,,0,0,4500,9.718117e+00,1.494293e+01
tndq,tuned,load,coarse-dt,hold,7.096472e-03,1.051439e-02,8.131962e-03,1.210063e-02,2.777903e-02,2.715077e+01,3.119984e+01,6.854258e+00,1.523466e+01,,,3.351151e-04,5.060668e-03,2.850000e+00,1.600000e+00,base k_p=16,,,,,0,0,4500,9.718117e+00,1.494293e+01
tndq,tuned,load,coarse-dt,lift,5.470506e-03,1.024872e-02,5.962734e-03,1.180753e-02,3.087909e-02,3.159994e+01,3.318058e+01,3.329729e+00,1.013979e+01,,,3.351151e-04,5.060668e-03,2.850000e+00,1.600000e+00,base k_p=16,,,,,0,0,4500,9.718117e+00,1.494293e+01
tndq,tuned,load,coarse-dt,retreat,4.134334e-03,4.660470e-03,3.867834e-03,4.192740e-03,2.853771e-03,3.063833e+01,3.517460e+01,2.452930e+00,2.456795e+00,,,3.351151e-04,5.060668e-03,2.850000e+00,1.600000e+00,base k_p=16,,,,,0,0,4500,9.718117e+00,1.494293e+01
tndq,tuned,load,coarse-dt,transit,4.664174e-03,4.998253e-03,4.110524e-03,4.372228e-03,1.833518e-03,2.293581e+01,2.770366e+01,2.453068e+00,2.464351e+00,,,3.351151e-04,5.060668e-03,2.850000e+00,1.600000e+00,base k_p=16,,,,,0,0,4500,9.718117e+00,1.494293e+01
tndq,tuned,load,coarse-dt,descend2,4.840992e-03,4.909008e-03,4.210152e-03,4.323161e-03,8.302843e-04,1.891231e+01,1.970864e+01,2.454457e+00,2.496252e+00,,,3.351151e-04,5.060668e-03,2.850000e+00,1.600000e+00,base k_p=16,,,,,0,0,4500,9.718117e+00,1.494293e+01
tndq,tuned,load,coarse-dt,circle,4.851369e-03,4.993286e-03,4.274638e-03,4.462037e-03,9.454381e-04,1.947646e+01,2.184273e+01,2.452578e+00,2.453390e+00,,,3.351151e-04,5.060668e-03,2.850000e+00,1.600000e+00,base k_p=16,,,,,0,0,4500,9.718117e+00,1.494293e+01
tndq,tuned,load,coarse-dt,circle-ss,4.859241e-03,4.927221e-03,4.269407e-03,4.345101e-03,9.636693e-04,1.919781e+01,2.182853e+01,2.452555e+00,2.452994e+00,,,3.351151e-04,5.060668e-03,2.850000e+00,1.600000e+00,base k_p=16,,,,,0,0,4500,9.718117e+00,1.494293e+01
tndq,fast,load,none,descend,8.077224e-05,2.494670e-04,1.412259e-04,5.967214e-04,3.061973e-03,3.144758e+01,3.284709e+01,0.000000e+00,0.000000e+00,,,6.891451e-05,2.485695e-02,2.800000e+00,1.550000e+00,base k_p=16,,,,,0,0,4500,1.080212e+01,1.474936e+01
tndq,fast,load,none,hold,6.750822e-03,1.046806e-02,7.794239e-03,1.213380e-02,4.428949e-02,2.459727e+01,3.119568e+01,2.155710e+01,2.191378e+02,,,6.891451e-05,2.485695e-02,2.800000e+00,1.550000e+00,base k_p=16,,,,,0,0,4500,1.080212e+01,1.474936e+01
tndq,fast,load,none,lift,5.285122e-03,1.047083e-02,6.038944e-03,1.213822e-02,2.879334e-02,2.972082e+01,3.353078e+01,7.340169e+00,2.910600e+01,,,6.891451e-05,2.485695e-02,2.800000e+00,1.550000e+00,base k_p=16,,,,,0,0,4500,1.080212e+01,1.474936e+01
tndq,fast,load,none,retreat,1.930404e-03,2.203901e-03,1.791539e-03,2.010099e-03,1.586897e-03,3.051284e+01,3.536076e+01,2.453249e+00,2.456402e+00,,,6.891451e-05,2.485695e-02,2.800000e+00,1.550000e+00,base k_p=16,,,,,0,0,4500,1.080212e+01,1.474936e+01
tndq,fast,load,none,transit,2.119507e-03,2.255455e-03,1.873512e-03,2.031218e-03,1.028246e-03,2.292350e+01,2.789049e+01,2.452822e+00,2.464453e+00,,,6.891451e-05,2.485695e-02,2.800000e+00,1.550000e+00,base k_p=16,,,,,0,0,4500,1.080212e+01,1.474936e+01
tndq,fast,load,none,descend2,2.193765e-03,2.258059e-03,1.906518e-03,1.978836e-03,4.935956e-04,1.884816e+01,1.969705e+01,2.452604e+00,2.496126e+00,,,6.891451e-05,2.485695e-02,2.800000e+00,1.550000e+00,base k_p=16,,,,,0,0,4500,1.080212e+01,1.474936e+01
tndq,fast,load,none,circle,2.198734e-03,2.251060e-03,1.935995e-03,2.015190e-03,4.636524e-04,1.946638e+01,2.184588e+01,2.452573e+00,2.453733e+00,,,6.891451e-05,2.485695e-02,2.800000e+00,1.550000e+00,base k_p=16,,,,,0,0,4500,1.080212e+01,1.474936e+01
tndq,fast,load,none,circle-ss,2.201174e-03,2.222045e-03,1.934312e-03,1.947739e-03,4.589703e-04,1.919333e+01,2.180939e+01,2.452539e+00,2.452582e+00,,,6.891451e-05,2.485695e-02,2.800000e+00,1.550000e+00,base k_p=16,,,,,0,0,4500,1.080212e+01,1.474936e+01
dq-ctc,-,noload,none,descend,1.512648e-04,3.220036e-04,1.824814e-04,7.197928e-04,2.759287e-03,3.143562e+01,3.232442e+01,0.000000e+00,0.000000e+00,,,2.187818e-07,7.737094e-05,5.000000e-02,5.400000e+00,base k_p=16,,,,,0,0,4500,9.124240e+00,1.681352e+01
dq-ctc,-,noload,none,hold,1.543294e-04,1.564167e-04,9.777958e-05,1.009343e-04,3.563302e-05,3.120280e+01,3.130184e+01,0.000000e+00,0.000000e+00,,,2.187818e-07,7.737094e-05,5.000000e-02,5.400000e+00,base k_p=16,,,,,0,0,4500,9.124240e+00,1.681352e+01
dq-ctc,-,noload,none,lift,1.538093e-04,1.693351e-04,9.778372e-05,1.036209e-04,9.065419e-05,3.141514e+01,3.152734e+01,0.000000e+00,0.000000e+00,,,2.187818e-07,7.737094e-05,5.000000e-02,5.400000e+00,base k_p=16,,,,,0,0,4500,9.124240e+00,1.681352e+01
dq-ctc,-,noload,none,retreat,1.369871e-04,2.121211e-04,9.226191e-05,1.005726e-04,2.586685e-04,2.908823e+01,3.388241e+01,0.000000e+00,0.000000e+00,,,2.187818e-07,7.737094e-05,5.000000e-02,5.400000e+00,base k_p=16,,,,,0,0,4500,9.124240e+00,1.681352e+01
dq-ctc,-,noload,none,transit,1.454875e-04,2.767832e-04,8.435668e-05,9.957520e-05,2.748806e-04,2.165081e+01,2.658534e+01,0.000000e+00,0.000000e+00,,,2.187818e-07,7.737094e-05,5.000000e-02,5.400000e+00,base k_p=16,,,,,0,0,4500,9.124240e+00,1.681352e+01
dq-ctc,-,noload,none,descend2,1.590331e-04,2.157008e-04,7.975565e-05,9.736291e-05,2.323070e-04,1.774064e+01,1.856819e+01,0.000000e+00,0.000000e+00,,,2.187818e-07,7.737094e-05,5.000000e-02,5.400000e+00,base k_p=16,,,,,0,0,4500,9.124240e+00,1.681352e+01
dq-ctc,-,noload,none,circle,1.371427e-04,1.913049e-04,8.724442e-05,9.842669e-05,1.587239e-04,1.836325e+01,2.061230e+01,0.000000e+00,0.000000e+00,,,2.187818e-07,7.737094e-05,5.000000e-02,5.400000e+00,base k_p=16,,,,,0,0,4500,9.124240e+00,1.681352e+01
dq-ctc,-,noload,none,circle-ss,1.356075e-04,1.748192e-04,8.696150e-05,9.818833e-05,1.515290e-04,1.810940e+01,2.056676e+01,0.000000e+00,0.000000e+00,,,2.187818e-07,7.737094e-05,5.000000e-02,5.400000e+00,base k_p=16,,,,,0,0,4500,9.124240e+00,1.681352e+01
dq-ctc,-,noload,noise,descend,1.498677e-04,3.450142e-04,1.969027e-04,7.643986e-04,4.623314e-03,3.144283e+01,3.242492e+01,0.000000e+00,0.000000e+00,3.739185e-01,1.705590e+00,4.933784e-06,1.452167e-04,5.000000e-02,1.960000e+01,base k_p=16,1.705590e+00,3.216650e-03,2.131988e-01,6.627977e+01,0,0,4500,1.032127e+01,1.469475e+01
dq-ctc,-,noload,noise,hold,1.178230e-04,2.098021e-04,1.225080e-04,1.942683e-04,3.157526e-03,3.121189e+01,3.146248e+01,0.000000e+00,0.000000e+00,2.772997e-01,4.703611e-01,4.933784e-06,1.452167e-04,5.000000e-02,1.960000e+01,base k_p=16,1.705590e+00,3.216650e-03,2.131988e-01,6.627977e+01,0,0,4500,1.032127e+01,1.469475e+01
dq-ctc,-,noload,noise,lift,1.804737e-04,2.832017e-04,1.334736e-04,2.003642e-04,3.138047e-03,3.139255e+01,3.162384e+01,0.000000e+00,0.000000e+00,2.916134e-01,4.981643e-01,4.933784e-06,1.452167e-04,5.000000e-02,1.960000e+01,base k_p=16,1.705590e+00,3.216650e-03,2.131988e-01,6.627977e+01,0,0,4500,1.032127e+01,1.469475e+01
dq-ctc,-,noload,noise,retreat,1.355670e-04,2.352152e-04,1.071990e-04,1.668817e-04,3.122232e-03,2.908362e+01,3.402727e+01,0.000000e+00,0.000000e+00,2.838299e-01,4.303198e-01,4.933784e-06,1.452167e-04,5.000000e-02,1.960000e+01,base k_p=16,1.705590e+00,3.216650e-03,2.131988e-01,6.627977e+01,0,0,4500,1.032127e+01,1.469475e+01
dq-ctc,-,noload,noise,transit,1.669853e-04,3.981859e-04,1.070713e-04,2.234511e-04,2.761101e-03,2.164223e+01,2.654704e+01,0.000000e+00,0.000000e+00,2.593301e-01,4.589447e-01,4.933784e-06,1.452167e-04,5.000000e-02,1.960000e+01,base k_p=16,1.705590e+00,3.216650e-03,2.131988e-01,6.627977e+01,0,0,4500,1.032127e+01,1.469475e+01
dq-ctc,-,noload,noise,descend2,1.773401e-04,2.769763e-04,1.083799e-04,1.691219e-04,3.129856e-03,1.774514e+01,1.853980e+01,0.000000e+00,0.000000e+00,2.793861e-01,6.228437e-01,4.933784e-06,1.452167e-04,5.000000e-02,1.960000e+01,base k_p=16,1.705590e+00,3.216650e-03,2.131988e-01,6.627977e+01,0,0,4500,1.032127e+01,1.469475e+01
dq-ctc,-,noload,noise,circle,1.601314e-04,3.114682e-04,1.164329e-04,1.935028e-04,3.046285e-03,1.836823e+01,2.068577e+01,0.000000e+00,0.000000e+00,2.721620e-01,6.833959e-01,4.933784e-06,1.452167e-04,5.000000e-02,1.960000e+01,base k_p=16,1.705590e+00,3.216650e-03,2.131988e-01,6.627977e+01,0,0,4500,1.032127e+01,1.469475e+01
dq-ctc,-,noload,noise,circle-ss,1.566831e-04,2.847044e-04,1.164213e-04,1.935028e-04,3.051658e-03,1.811106e+01,2.060800e+01,0.000000e+00,0.000000e+00,2.711597e-01,5.892875e-01,4.933784e-06,1.452167e-04,5.000000e-02,1.960000e+01,base k_p=16,1.705590e+00,3.216650e-03,2.131988e-01,6.627977e+01,0,0,4500,1.032127e+01,1.469475e+01
dq-ctc,-,load,none,descend,1.512648e-04,3.220036e-04,1.824814e-04,7.197928e-04,2.759287e-03,3.143562e+01,3.232442e+01,0.000000e+00,0.000000e+00,,,3.362048e-04,2.468726e-02,2.800000e+00,1.450000e+00,base k_p=16,,,,,0,0,4500,9.158803e+00,1.506808e+01
dq-ctc,-,load,none,hold,6.782164e-03,1.051418e-02,7.773660e-03,1.210030e-02,4.389860e-02,2.733835e+01,3.130184e+01,1.371706e+01,2.191628e+02,,,3.362048e-04,2.468726e-02,2.800000e+00,1.450000e+00,base k_p=16,,,,,0,0,4500,9.158803e+00,1.506808e+01
dq-ctc,-,load,none,lift,5.769326e-03,1.051611e-02,6.296258e-03,1.210604e-02,3.063654e-02,3.130477e+01,3.323242e+01,3.776565e+00,1.324947e+01,,,3.362048e-04,2.468726e-02,2.800000e+00,1.450000e+00,base k_p=16,,,,,0,0,4500,9.158803e+00,1.506808e+01
dq-ctc,-,load,none,retreat,4.162430e-03,4.761894e-03,3.910209e-03,4.332552e-03,2.845077e-03,3.058096e+01,3.542165e+01,2.452421e+00,2.456184e+00,,,3.362048e-04,2.468726e-02,2.800000e+00,1.450000e+00,base k_p=16,,,,,0,0,4500,9.158803e+00,1.506808e+01
dq-ctc,-,load,none,transit,4.608535e-03,4.980920e-03,4.132543e-03,4.385087e-03,1.794496e-03,2.293369e+01,2.798663e+01,2.452775e+00,2.464464e+00,,,3.362048e-04,2.468726e-02,2.800000e+00,1.450000e+00,base k_p=16,,,,,0,0,4500,9.158803e+00,1.506808e+01
dq-ctc,-,load,none,descend2,4.727186e-03,4.993274e-03,4.211993e-03,4.353546e-03,8.984569e-04,1.887020e+01,1.971147e+01,2.452874e+00,2.496188e+00,,,3.362048e-04,2.468726e-02,2.800000e+00,1.450000e+00,base k_p=16,,,,,0,0,4500,9.158803e+00,1.506808e+01
dq-ctc,-,load,none,circle,4.849828e-03,4.968200e-03,4.273854e-03,4.437817e-03,9.304883e-04,1.948049e+01,2.186414e+01,2.452728e+00,2.496427e+00,,,3.362048e-04,2.468726e-02,2.800000e+00,1.450000e+00,base k_p=16,,,,,0,0,4500,9.158803e+00,1.506808e+01
dq-ctc,-,load,none,circle-ss,4.860657e-03,4.935835e-03,4.269635e-03,4.299025e-03,9.424028e-04,1.920412e+01,2.182844e+01,2.452535e+00,2.452600e+00,,,3.362048e-04,2.468726e-02,2.800000e+00,1.450000e+00,base k_p=16,,,,,0,0,4500,9.158803e+00,1.506808e+01
dq-ctc,-,load,highspeed,descend,1.512648e-04,3.220036e-04,1.824814e-04,7.197928e-04,2.759287e-03,3.143562e+01,3.232442e+01,0.000000e+00,0.000000e+00,,,3.379155e-04,2.468726e-02,2.800000e+00,1.450000e+00,base k_p=16,,,,,0,0,4500,9.403279e+00,1.705429e+01
dq-ctc,-,load,highspeed,hold,6.782164e-03,1.051418e-02,7.773660e-03,1.210030e-02,4.389860e-02,2.733835e+01,3.130184e+01,1.371706e+01,2.191628e+02,,,3.379155e-04,2.468726e-02,2.800000e+00,1.450000e+00,base k_p=16,,,,,0,0,4500,9.403279e+00,1.705429e+01
dq-ctc,-,load,highspeed,lift,5.769326e-03,1.051611e-02,6.296258e-03,1.210604e-02,3.063654e-02,3.130477e+01,3.323242e+01,3.776565e+00,1.324947e+01,,,3.379155e-04,2.468726e-02,2.800000e+00,1.450000e+00,base k_p=16,,,,,0,0,4500,9.403279e+00,1.705429e+01
dq-ctc,-,load,highspeed,retreat,4.162430e-03,4.761894e-03,3.910209e-03,4.332552e-03,2.845077e-03,3.058096e+01,3.542165e+01,2.452421e+00,2.456184e+00,,,3.379155e-04,2.468726e-02,2.800000e+00,1.450000e+00,base k_p=16,,,,,0,0,4500,9.403279e+00,1.705429e+01
dq-ctc,-,load,highspeed,transit,4.608535e-03,4.980920e-03,4.132543e-03,4.385087e-03,1.794496e-03,2.293369e+01,2.798663e+01,2.452775e+00,2.464464e+00,,,3.379155e-04,2.468726e-02,2.800000e+00,1.450000e+00,base k_p=16,,,,,0,0,4500,9.403279e+00,1.705429e+01
dq-ctc,-,load,highspeed,descend2,4.727186e-03,4.993274e-03,4.211993e-03,4.353546e-03,8.984569e-04,1.887020e+01,1.971147e+01,2.452874e+00,2.496188e+00,,,3.379155e-04,2.468726e-02,2.800000e+00,1.450000e+00,base k_p=16,,,,,0,0,4500,9.403279e+00,1.705429e+01
dq-ctc,-,load,highspeed,circle,4.819692e-03,5.226143e-03,4.267961e-03,4.673978e-03,2.408938e-03,1.989132e+01,2.263086e+01,2.454393e+00,2.496427e+00,,,3.379155e-04,2.468726e-02,2.800000e+00,1.450000e+00,base k_p=16,,,,,0,0,4500,9.403279e+00,1.705429e+01
dq-ctc,-,load,highspeed,circle-ss,4.802436e-03,5.215937e-03,4.252602e-03,4.667868e-03,2.361391e-03,2.002916e+01,2.263086e+01,2.454299e+00,2.454685e+00,,,3.379155e-04,2.468726e-02,2.800000e+00,1.450000e+00,base k_p=16,,,,,0,0,4500,9.403279e+00,1.705429e+01
dq-ctc,-,load,noise,descend,1.498677e-04,3.450142e-04,1.969027e-04,7.643986e-04,4.623314e-03,3.144283e+01,3.242492e+01,0.000000e+00,0.000000e+00,,,3.398451e-04,2.420884e-02,2.800000e+00,1.450000e+00,base k_p=16,,,,,0,0,4500,9.334907e+00,1.683876e+01
dq-ctc,-,load,noise,hold,6.760287e-03,1.052747e-02,7.743301e-03,1.210788e-02,4.380253e-02,2.735012e+01,3.146248e+01,1.372536e+01,2.190303e+02,,,3.398451e-04,2.420884e-02,2.800000e+00,1.450000e+00,base k_p=16,,,,,0,0,4500,9.334907e+00,1.683876e+01
dq-ctc,-,load,noise,lift,5.756180e-03,1.051736e-02,6.280422e-03,1.210059e-02,3.053994e-02,3.128767e+01,3.333209e+01,3.777431e+00,1.320862e+01,,,3.398451e-04,2.420884e-02,2.800000e+00,1.450000e+00,base k_p=16,,,,,0,0,4500,9.334907e+00,1.683876e+01
dq-ctc,-,load,noise,retreat,4.199442e-03,4.789555e-03,3.946509e-03,4.347610e-03,3.685889e-03,3.057637e+01,3.556548e+01,2.452096e+00,2.461162e+00,,,3.398451e-04,2.420884e-02,2.800000e+00,1.450000e+00,base k_p=16,,,,,0,0,4500,9.334907e+00,1.683876e+01
dq-ctc,-,load,noise,transit,4.605884e-03,5.005648e-03,4.131203e-03,4.358233e-03,3.321400e-03,2.292528e+01,2.794843e+01,2.452422e+00,2.465902e+00,,,3.398451e-04,2.420884e-02,2.800000e+00,1.450000e+00,base k_p=16,,,,,0,0,4500,9.334907e+00,1.683876e+01
dq-ctc,-,load,noise,descend2,4.721934e-03,4.941884e-03,4.214657e-03,4.423072e-03,3.177554e-03,1.887479e+01,1.968169e+01,2.453164e+00,2.495039e+00,,,3.398451e-04,2.420884e-02,2.800000e+00,1.450000e+00,base k_p=16,,,,,0,0,4500,9.334907e+00,1.683876e+01
dq-ctc,-,load,noise,circle,4.849695e-03,5.049470e-03,4.271113e-03,4.500894e-03,3.135134e-03,1.948553e+01,2.193669e+01,2.452920e+00,2.497717e+00,,,3.398451e-04,2.420884e-02,2.800000e+00,1.450000e+00,base k_p=16,,,,,0,0,4500,9.334907e+00,1.683876e+01
dq-ctc,-,load,noise,circle-ss,4.866939e-03,5.035861e-03,4.273038e-03,4.384453e-03,3.165402e-03,1.920574e+01,2.186612e+01,2.452608e+00,2.458956e+00,,,3.398451e-04,2.420884e-02,2.800000e+00,1.450000e+00,base k_p=16,,,,,0,0,4500,9.334907e+00,1.683876e+01
dq-ctc,-,load,coarse-dt,descend,1.390128e-04,1.469247e-04,1.690771e-04,4.748148e-04,1.156543e-03,3.140276e+01,3.173455e+01,0.000000e+00,0.000000e+00,,,3.356452e-04,5.058222e-03,2.850000e+00,1.450000e+00,base k_p=16,,,,,0,0,4500,9.698598e+00,1.434709e+01
dq-ctc,-,load,coarse-dt,hold,7.097144e-03,1.051479e-02,8.134342e-03,1.210102e-02,2.776220e-02,2.715009e+01,3.119998e+01,6.854865e+00,1.523569e+01,,,3.356452e-04,5.058222e-03,2.850000e+00,1.450000e+00,base k_p=16,,,,,0,0,4500,9.698598e+00,1.434709e+01
dq-ctc,-,load,coarse-dt,lift,5.485915e-03,1.024903e-02,5.937526e-03,1.180710e-02,3.085490e-02,3.160150e+01,3.319983e+01,3.327700e+00,1.013993e+01,,,3.356452e-04,5.058222e-03,2.850000e+00,1.450000e+00,base k_p=16,,,,,0,0,4500,9.698598e+00,1.434709e+01
dq-ctc,-,load,coarse-dt,retreat,4.160754e-03,4.722836e-03,3.868542e-03,4.194404e-03,2.966230e-03,3.064518e+01,3.523198e+01,2.453176e+00,2.457039e+00,,,3.356452e-04,5.058222e-03,2.850000e+00,1.450000e+00,base k_p=16,,,,,0,0,4500,9.698598e+00,1.434709e+01
dq-ctc,-,load,coarse-dt,transit,4.635958e-03,4.998539e-03,4.110722e-03,4.374264e-03,1.836602e-03,2.281079e+01,2.772277e+01,2.453056e+00,2.464433e+00,,,3.356452e-04,5.058222e-03,2.850000e+00,1.450000e+00,base k_p=16,,,,,0,0,4500,9.698598e+00,1.434709e+01
dq-ctc,-,load,coarse-dt,descend2,4.720120e-03,4.855318e-03,4.210298e-03,4.322404e-03,8.722810e-04,1.891591e+01,1.971275e+01,2.454341e+00,2.496270e+00,,,3.356452e-04,5.058222e-03,2.850000e+00,1.450000e+00,base k_p=16,,,,,0,0,4500,9.698598e+00,1.434709e+01
dq-ctc,-,load,coarse-dt,circle,4.849830e-03,4.982377e-03,4.274737e-03,4.462683e-03,9.520370e-04,1.947650e+01,2.184322e+01,2.452569e+00,2.453184e+00,,,3.356452e-04,5.058222e-03,2.850000e+00,1.450000e+00,base k_p=16,,,,,0,0,4500,9.698598e+00,1.434709e+01
dq-ctc,-,load,coarse-dt,circle-ss,4.861007e-03,4.932882e-03,4.269494e-03,4.344890e-03,9.660132e-04,1.919795e+01,2.182864e+01,2.452555e+00,2.452952e+00,,,3.356452e-04,5.058222e-03,2.850000e+00,1.450000e+00,base k_p=16,,,,,0,0,4500,9.698598e+00,1.434709e+01
dq-hinf,-,noload,none,descend,1.513314e-04,3.221149e-04,1.825107e-04,7.197791e-04,2.758970e-03,3.143563e+01,3.232462e+01,0.000000e+00,0.000000e+00,,,2.114126e-07,7.736002e-05,5.000000e-02,5.400000e+00,base k_p=16,,,,,,,,1.003616e+01,1.522243e+01
dq-hinf,-,noload,none,hold,1.547444e-04,1.564347e-04,9.781413e-05,1.009557e-04,3.223109e-05,3.120213e+01,3.130157e+01,0.000000e+00,0.000000e+00,,,2.114126e-07,7.736002e-05,5.000000e-02,5.400000e+00,base k_p=16,,,,,,,,1.003616e+01,1.522243e+01
dq-hinf,-,noload,none,lift,1.528698e-04,1.642791e-04,9.785771e-05,1.037077e-04,9.614657e-05,3.141468e+01,3.152748e+01,0.000000e+00,0.000000e+00,,,2.114126e-07,7.736002e-05,5.000000e-02,5.400000e+00,base k_p=16,,,,,,,,1.003616e+01,1.522243e+01
dq-hinf,-,noload,none,retreat,1.340005e-04,1.946082e-04,9.140258e-05,9.976839e-05,2.887792e-04,2.909317e+01,3.387613e+01,0.000000e+00,0.000000e+00,,,2.114126e-07,7.736002e-05,5.000000e-02,5.400000e+00,base k_p=16,,,,,,,,1.003616e+01,1.522243e+01
dq-hinf,-,noload,none,transit,1.434355e-04,2.553525e-04,9.249396e-05,9.926481e-05,2.755603e-04,2.164179e+01,2.658264e+01,0.000000e+00,0.000000e+00,,,2.114126e-07,7.736002e-05,5.000000e-02,5.400000e+00,base k_p=16,,,,,,,,1.003616e+01,1.522243e+01
dq-hinf,-,noload,none,descend2,1.545103e-04,2.010762e-04,8.481624e-05,1.004430e-04,2.315276e-04,1.766967e+01,1.849661e+01,0.000000e+00,0.000000e+00,,,2.114126e-07,7.736002e-05,5.000000e-02,5.400000e+00,base k_p=16,,,,,,,,1.003616e+01,1.522243e+01
dq-hinf,-,noload,none,circle,1.343538e-04,1.820586e-04,8.872644e-05,1.013179e-04,1.578594e-04,1.836772e+01,2.065601e+01,0.000000e+00,0.000000e+00,,,2.114126e-07,7.736002e-05,5.000000e-02,5.400000e+00,base k_p=16,,,,,,,,1.003616e+01,1.522243e+01
dq-hinf,-,noload,none,circle-ss,1.327363e-04,1.667317e-04,8.850999e-05,1.010599e-04,1.502067e-04,1.813642e+01,2.065601e+01,0.000000e+00,0.000000e+00,,,2.114126e-07,7.736002e-05,5.000000e-02,5.400000e+00,base k_p=16,,,,,,,,1.003616e+01,1.522243e+01
dq-hinf,-,noload,noise,descend,1.514824e-04,3.420497e-04,1.949299e-04,7.581838e-04,4.724364e-03,3.144707e+01,3.212721e+01,0.000000e+00,0.000000e+00,3.827714e-01,1.712991e+00,5.105258e-06,1.501933e-04,5.000000e-02,1.960000e+01,base k_p=16,1.712991e+00,3.275165e-03,2.141238e-01,6.537803e+01,0,0,4500,9.252087e+00,1.526691e+01
dq-hinf,-,noload,noise,hold,1.236535e-04,2.143303e-04,1.208635e-04,1.923427e-04,3.233920e-03,3.127490e+01,3.183977e+01,0.000000e+00,0.000000e+00,2.868693e-01,4.432069e-01,5.105258e-06,1.501933e-04,5.000000e-02,1.960000e+01,base k_p=16,1.712991e+00,3.275165e-03,2.141238e-01,6.537803e+01,0,0,4500,9.252087e+00,1.526691e+01
dq-hinf,-,noload,noise,lift,1.770456e-04,2.823895e-04,1.302880e-04,1.953710e-04,3.183786e-03,3.138624e+01,3.190314e+01,0.000000e+00,0.000000e+00,2.988913e-01,4.899088e-01,5.105258e-06,1.501933e-04,5.000000e-02,1.960000e+01,base k_p=16,1.712991e+00,3.275165e-03,2.141238e-01,6.537803e+01,0,0,4500,9.252087e+00,1.526691e+01
dq-hinf,-,noload,noise,retreat,1.315865e-04,2.221474e-04,1.081337e-04,1.655387e-04,3.147122e-03,2.919834e+01,3.455814e+01,0.000000e+00,0.000000e+00,2.910390e-01,4.592002e-01,5.105258e-06,1.501933e-04,5.000000e-02,1.960000e+01,base k_p=16,1.712991e+00,3.275165e-03,2.141238e-01,6.537803e+01,0,0,4500,9.252087e+00,1.526691e+01
dq-hinf,-,noload,noise,transit,1.629989e-04,3.764288e-04,1.124047e-04,2.190654e-04,2.860644e-03,2.162816e+01,2.666154e+01,0.000000e+00,0.000000e+00,2.675797e-01,4.838570e-01,5.105258e-06,1.501933e-04,5.000000e-02,1.960000e+01,base k_p=16,1.712991e+00,3.275165e-03,2.141238e-01,6.537803e+01,0,0,4500,9.252087e+00,1.526691e+01
dq-hinf,-,noload,noise,descend2,1.710689e-04,2.665043e-04,1.109184e-04,1.734792e-04,3.085086e-03,1.768797e+01,1.861889e+01,0.000000e+00,0.000000e+00,2.758994e-01,5.602813e-01,5.105258e-06,1.501933e-04,5.000000e-02,1.960000e+01,base k_p=16,1.712991e+00,3.275165e-03,2.141238e-01,6.537803e+01,0,0,4500,9.252087e+00,1.526691e+01
dq-hinf,-,noload,noise,circle,1.558863e-04,2.938492e-04,1.161796e-04,1.923776e-04,3.104239e-03,1.838319e+01,2.082049e+01,0.000000e+00,0.000000e+00,2.771306e-01,6.870792e-01,5.105258e-06,1.501933e-04,5.000000e-02,1.960000e+01,base k_p=16,1.712991e+00,3.275165e-03,2.141238e-01,6.537803e+01,0,0,4500,9.252087e+00,1.526691e+01
dq-hinf,-,noload,noise,circle-ss,1.525513e-04,2.754324e-04,1.164585e-04,1.923776e-04,3.124616e-03,1.815143e+01,2.082049e+01,0.000000e+00,0.000000e+00,2.771050e-01,5.934007e-01,5.105258e-06,1.501933e-04,5.000000e-02,1.960000e+01,base k_p=16,1.712991e+00,3.275165e-03,2.141238e-01,6.537803e+01,0,0,4500,9.252087e+00,1.526691e+01
dq-hinf,-,load,none,descend,1.513314e-04,3.221149e-04,1.825107e-04,7.197791e-04,2.758970e-03,3.143563e+01,3.232462e+01,0.000000e+00,0.000000e+00,,,3.365729e-04,2.526572e-02,2.800000e+00,1.500000e+00,base k_p=16,,,,,,,,1.014386e+01,1.427984e+01
dq-hinf,-,load,none,hold,6.791771e-03,1.051940e-02,7.814956e-03,1.212091e-02,4.441687e-02,2.733344e+01,3.130157e+01,1.372109e+01,2.191641e+02,,,3.365729e-04,2.526572e-02,2.800000e+00,1.500000e+00,base k_p=16,,,,,,,,1.014386e+01,1.427984e+01
dq-hinf,-,load,none,lift,5.759814e-03,1.052062e-02,6.332392e-03,1.212379e-02,3.067366e-02,3.130635e+01,3.322179e+01,3.777578e+00,1.324792e+01,,,3.365729e-04,2.526572e-02,2.800000e+00,1.500000e+00,base k_p=16,,,,,,,,1.014386e+01,1.427984e+01
dq-hinf,-,load,none,retreat,4.157504e-03,4.794863e-03,3.909403e-03,4.331972e-03,2.838944e-03,3.058375e+01,3.541952e+01,2.452306e+00,2.456641e+00,,,3.365729e-04,2.526572e-02,2.800000e+00,1.500000e+00,base k_p=16,,,,,,,,1.014386e+01,1.427984e+01
dq-hinf,-,load,none,transit,4.637622e-03,5.008302e-03,4.129768e-03,4.384562e-03,1.805297e-03,2.291799e+01,2.798891e+01,2.452771e+00,2.464391e+00,,,3.365729e-04,2.526572e-02,2.800000e+00,1.500000e+00,base k_p=16,,,,,,,,1.014386e+01,1.427984e+01
dq-hinf,-,load,none,descend2,4.844452e-03,5.019366e-03,4.203922e-03,4.348244e-03,8.667123e-04,1.878882e+01,1.962860e+01,2.452912e+00,2.496203e+00,,,3.365729e-04,2.526572e-02,2.800000e+00,1.500000e+00,base k_p=16,,,,,,,,1.014386e+01,1.427984e+01
dq-hinf,-,load,none,circle,4.852463e-03,4.995082e-03,4.274144e-03,4.428820e-03,9.432245e-04,1.948544e+01,2.192260e+01,2.452728e+00,2.496443e+00,,,3.365729e-04,2.526572e-02,2.800000e+00,1.500000e+00,base k_p=16,,,,,,,,1.014386e+01,1.427984e+01
dq-hinf,-,load,none,circle-ss,4.861434e-03,4.929775e-03,4.272733e-03,4.300866e-03,9.552959e-04,1.923355e+01,2.192260e+01,2.452535e+00,2.452602e+00,,,3.365729e-04,2.526572e-02,2.800000e+00,1.500000e+00,base k_p=16,,,,,,,,1.014386e+01,1.427984e+01
dq-hinf,-,load,highspeed,descend,1.513314e-04,3.221149e-04,1.825107e-04,7.197791e-04,2.758970e-03,3.143563e+01,3.232462e+01,0.000000e+00,0.000000e+00,,,3.387566e-04,2.526572e-02,2.800000e+00,1.500000e+00,base k_p=16,,,,,0,0,4500,9.651800e+00,1.879770e+01
dq-hinf,-,load,highspeed,hold,6.791771e-03,1.051940e-02,7.814956e-03,1.212091e-02,4.441687e-02,2.733344e+01,3.130157e+01,1.372109e+01,2.191641e+02,,,3.387566e-04,2.526572e-02,2.800000e+00,1.500000e+00,base k_p=16,,,,,0,0,4500,9.651800e+00,1.879770e+01
dq-hinf,-,load,highspeed,lift,5.759814e-03,1.052062e-02,6.332392e-03,1.212379e-02,3.067366e-02,3.130635e+01,3.322179e+01,3.777578e+00,1.324792e+01,,,3.387566e-04,2.526572e-02,2.800000e+00,1.500000e+00,base k_p=16,,,,,0,0,4500,9.651800e+00,1.879770e+01
dq-hinf,-,load,highspeed,retreat,4.157504e-03,4.794863e-03,3.909403e-03,4.331972e-03,2.838944e-03,3.058375e+01,3.541952e+01,2.452306e+00,2.456641e+00,,,3.387566e-04,2.526572e-02,2.800000e+00,1.500000e+00,base k_p=16,,,,,0,0,4500,9.651800e+00,1.879770e+01
dq-hinf,-,load,highspeed,transit,4.637622e-03,5.008302e-03,4.129768e-03,4.384562e-03,1.805297e-03,2.291799e+01,2.798891e+01,2.452771e+00,2.464391e+00,,,3.387566e-04,2.526572e-02,2.800000e+00,1.500000e+00,base k_p=16,,,,,0,0,4500,9.651800e+00,1.879770e+01
dq-hinf,-,load,highspeed,descend2,4.844452e-03,5.019366e-03,4.203922e-03,4.348244e-03,8.667123e-04,1.878882e+01,1.962860e+01,2.452912e+00,2.496203e+00,,,3.387566e-04,2.526572e-02,2.800000e+00,1.500000e+00,base k_p=16,,,,,0,0,4500,9.651800e+00,1.879770e+01
dq-hinf,-,load,highspeed,circle,4.823513e-03,5.245727e-03,4.271920e-03,4.676411e-03,2.425324e-03,1.992363e+01,2.276177e+01,2.454400e+00,2.496443e+00,,,3.387566e-04,2.526572e-02,2.800000e+00,1.500000e+00,base k_p=16,,,,,0,0,4500,9.651800e+00,1.879770e+01
dq-hinf,-,load,highspeed,circle-ss,4.803334e-03,5.245727e-03,4.260166e-03,4.673168e-03,2.361048e-03,2.008479e+01,2.276177e+01,2.454297e+00,2.454783e+00,,,3.387566e-04,2.526572e-02,2.800000e+00,1.500000e+00,base k_p=16,,,,,0,0,4500,9.651800e+00,1.879770e+01
dq-hinf,-,load,noise,descend,1.514824e-04,3.420497e-04,1.949299e-04,7.581838e-04,4.724364e-03,3.144707e+01,3.212721e+01,0.000000e+00,0.000000e+00,,,3.405932e-04,2.483194e-02,2.800000e+00,1.450000e+00,base k_p=16,,,,,0,0,4500,9.460152e+00,1.524446e+01
dq-hinf,-,load,noise,hold,6.772238e-03,1.053724e-02,7.787701e-03,1.213746e-02,4.436102e-02,2.740102e+01,3.183977e+01,1.366337e+01,2.187088e+02,,,3.405932e-04,2.483194e-02,2.800000e+00,1.450000e+00,base k_p=16,,,,,0,0,4500,9.460152e+00,1.524446e+01
dq-hinf,-,load,noise,lift,5.747454e-03,1.052521e-02,6.317803e-03,1.212301e-02,3.058761e-02,3.128157e+01,3.338955e+01,3.782363e+00,1.345909e+01,,,3.405932e-04,2.483194e-02,2.800000e+00,1.450000e+00,base k_p=16,,,,,0,0,4500,9.460152e+00,1.524446e+01
dq-hinf,-,load,noise,retreat,4.191543e-03,4.821124e-03,3.942932e-03,4.345512e-03,3.753704e-03,3.068831e+01,3.609934e+01,2.455346e+00,2.482210e+00,,,3.405932e-04,2.483194e-02,2.800000e+00,1.450000e+00,base k_p=16,,,,,0,0,4500,9.460152e+00,1.524446e+01
dq-hinf,-,load,noise,transit,4.635761e-03,5.028949e-03,4.128808e-03,4.352995e-03,3.365583e-03,2.290398e+01,2.806617e+01,2.452663e+00,2.471913e+00,,,3.405932e-04,2.483194e-02,2.800000e+00,1.450000e+00,base k_p=16,,,,,0,0,4500,9.460152e+00,1.524446e+01
dq-hinf,-,load,noise,descend2,4.840279e-03,4.967901e-03,4.207052e-03,4.409796e-03,3.163000e-03,1.880740e+01,1.975390e+01,2.453738e+00,2.501395e+00,,,3.405932e-04,2.483194e-02,2.800000e+00,1.450000e+00,base k_p=16,,,,,0,0,4500,9.460152e+00,1.524446e+01
dq-hinf,-,load,noise,circle,4.852478e-03,5.064904e-03,4.271890e-03,4.484019e-03,3.189268e-03,1.950092e+01,2.208314e+01,2.453470e+00,2.508266e+00,,,3.405932e-04,2.483194e-02,2.800000e+00,1.450000e+00,base k_p=16,,,,,0,0,4500,9.460152e+00,1.524446e+01
dq-hinf,-,load,noise,circle-ss,4.867352e-03,5.045578e-03,4.276070e-03,4.385945e-03,3.233892e-03,1.924838e+01,2.208314e+01,2.453291e+00,2.472157e+00,,,3.405932e-04,2.483194e-02,2.800000e+00,1.450000e+00,base k_p=16,,,,,0,0,4500,9.460152e+00,1.524446e+01
dq-hinf,-,load,coarse-dt,descend,1.387191e-04,1.469736e-04,1.685256e-04,4.748148e-04,1.130245e-03,3.140297e+01,3.173914e+01,0.000000e+00,0.000000e+00,,,3.359672e-04,5.226629e-03,2.850000e+00,1.450000e+00,base k_p=16,,,,,0,0,4500,9.700742e+00,1.699494e+01
dq-hinf,-,load,coarse-dt,hold,7.107016e-03,1.052040e-02,8.175542e-03,1.212189e-02,2.828183e-02,2.713524e+01,3.119945e+01,6.879839e+00,1.546125e+01,,,3.359672e-04,5.226629e-03,2.850000e+00,1.450000e+00,base k_p=16,,,,,0,0,4500,9.700742e+00,1.699494e+01
dq-hinf,-,load,coarse-dt,lift,5.473088e-03,1.025602e-02,5.972786e-03,1.183476e-02,3.091836e-02,3.160109e+01,3.319235e+01,3.333744e+00,1.016288e+01,,,3.359672e-04,5.226629e-03,2.850000e+00,1.450000e+00,base k_p=16,,,,,0,0,4500,9.700742e+00,1.699494e+01
dq-hinf,-,load,coarse-dt,retreat,4.155442e-03,4.749785e-03,3.867077e-03,4.193328e-03,2.958765e-03,3.064907e+01,3.524158e+01,2.453087e+00,2.457502e+00,,,3.359672e-04,5.226629e-03,2.850000e+00,1.450000e+00,base k_p=16,,,,,0,0,4500,9.700742e+00,1.699494e+01
dq-hinf,-,load,coarse-dt,transit,4.664888e-03,5.025771e-03,4.106881e-03,4.373233e-03,1.833054e-03,2.279506e+01,2.773150e+01,2.453009e+00,2.464346e+00,,,3.359672e-04,5.226629e-03,2.850000e+00,1.450000e+00,base k_p=16,,,,,0,0,4500,9.700742e+00,1.699494e+01
dq-hinf,-,load,coarse-dt,descend2,4.840444e-03,4.912625e-03,4.201658e-03,4.312857e-03,8.578298e-04,1.883352e+01,1.962993e+01,2.454378e+00,2.496288e+00,,,3.359672e-04,5.226629e-03,2.850000e+00,1.450000e+00,base k_p=16,,,,,0,0,4500,9.700742e+00,1.699494e+01
dq-hinf,-,load,coarse-dt,circle,4.852346e-03,5.005982e-03,4.275335e-03,4.454768e-03,9.643054e-04,1.948200e+01,2.192292e+01,2.452570e+00,2.453364e+00,,,3.359672e-04,5.226629e-03,2.850000e+00,1.450000e+00,base k_p=16,,,,,0,0,4500,9.700742e+00,1.699494e+01
dq-hinf,-,load,coarse-dt,circle-ss,4.862220e-03,4.933117e-03,4.272863e-03,4.347463e-03,9.785156e-04,1.922815e+01,2.192292e+01,2.452555e+00,2.452990e+00,,,3.359672e-04,5.226629e-03,2.850000e+00,1.450000e+00,base k_p=16,,,,,0,0,4500,9.700742e+00,1.699494e+01
