scenario,condition,law,scale,law_tag,aborted,steps,E_tau_impulse,E_tau1,E_tau2,E_nongrav,W_pos,W_neg,W_net,tau_peak,tau_rms,tau_slew_rms,E_qddot,sat_frac,qdd_sat_frac,gov_frac,p_rms,a_rms_deg,p_rms_ss,a_rms_ss_deg,IAE_p,IAE_a_deg,IAE_p_ss,IAE_a_ss_deg,p_peak,a_peak_deg,p_end,a_end_deg,settle_s,gamma_xi,gamma_ez
circle,none,C1,1.0,tndq(5.2),0,10000,579.4101308398833,599.0455938444741,19884.701441607038,48.46055593693083,12.81146914529828,7.347399486682161,5.464069658616137,48.679253567285045,44.59226551949008,24.220840331221336,46.33299463155565,0.0,0.0,0.0,0.013043512914634391,0.8320323526848336,0.007450503923917928,0.6286331774430364,0.0907356337453104,7.074488705519986,0.028813956947479725,2.4631047599218245,0.07744024961582245,4.043213563625559,0.005040283142056891,0.45135116928044655,nan,,
circle,none,C2,1.0,chandra20,0,10000,579.4879377221533,599.1098435426114,19890.297376979175,47.53242062981855,12.785637578277328,7.332108311234213,5.453529267043162,48.28658187988409,44.59853963638179,22.520946498912977,44.99812206733327,0.0,0.0,0.0,0.013040035132202824,0.8318973435856487,0.007450255461777068,0.6287904433631266,0.09066760513664378,7.074711253930348,0.028810988555939134,2.4636894052525213,0.07744024961582245,4.043213563625559,0.005048993029648629,0.4516575638174936,nan,,
circle,none,C2abl,1.0,ctc-abl,0,10000,579.4773039411218,599.1155830315353,19889.92116120277,48.4666330198651,12.8333082151031,7.368009409362217,5.465298805740886,48.69913643404267,44.59811785401125,24.23115869615546,46.33423552609953,0.0,0.0,0.0,0.013036667369455903,0.832067887516217,0.007439513758466309,0.62869762872445,0.09058758992304075,7.0753159076562255,0.028844230250454923,2.4631459215564164,0.07744024961582245,4.043213563625559,0.004895732435382879,0.45164779471729843,nan,,
circle,none,C3,1.0,hinf-vel,0,10000,579.1380566223261,598.718702945078,19890.976407345697,48.27369921602027,12.813234898824868,7.352158401912049,5.461076496912834,48.69708331176041,44.59930089961691,24.61488774441258,45.865365840760624,0.0,0.0,0.0,0.01298468363247409,0.8225686448454773,0.007366084559863196,0.6138682884611073,0.08957269477490172,6.953069028809304,0.028514558153985202,2.4054228666778417,0.07744024961582245,4.043213563625559,0.0048964298342628,0.43683280107101996,nan,,
circle,l2,C1,1.0,tndq(5.2),0,10000,578.8641324607966,600.8471896742229,19863.01452928532,68.02265873404407,12.63385427857142,7.095053413535063,5.538800865036352,49.47945131058738,44.567941986685135,25.258030885338904,48.782024762567495,0.0,0.0,0.0,0.01335862241569199,0.8563228967867703,0.007685742569838786,0.636367747927317,0.09521287920865569,7.260577175881314,0.029852962705726127,2.495834430709153,0.07744024961582245,4.043213563625559,0.004927984612189628,0.4437505092277653,nan,0.03556984052096098,0.013851562716816647
circle,l2,C2,1.0,chandra20,0,10000,578.9444158114813,600.912743984814,19868.717232306557,67.12514854477773,12.61034553017503,7.079964635288604,5.5303808948864255,49.48634456085395,44.574339291016486,23.6347834512958,47.461488755058355,0.0,0.0,0.0,0.01335545957490425,0.8561571379160046,0.007684779884673275,0.636532294037135,0.09517267200705008,7.260490810251274,0.029847405845942764,2.4964438312855637,0.07744024961582245,4.043213563625559,0.0049373220606904545,0.44408914179586784,nan,0.035568361972422836,0.013848924298611452
circle,l2,C2abl,1.0,ctc-abl,0,10000,578.9208170665914,600.8913395861517,19866.83480427702,67.99956292368331,12.651909447845606,7.116673531388698,5.5352359164568865,49.478434659682,44.57222768078461,25.26802107431482,48.75109398197103,0.0,0.0,0.0,0.013359293087637577,0.856245574420093,0.007676957035273224,0.6364023876904656,0.09512508601839459,7.26055414312155,0.029876258189202254,2.4958142714515015,0.07744024961582245,4.043213563625559,0.004783451764238857,0.44405468563079564,nan,0.03555511975056477,0.01383657404894149
circle,l2,C3,1.0,hinf-vel,0,10000,578.6022344433181,600.4581155193902,19869.169567733385,67.74678656843165,12.637047042907824,7.099509873089089,5.537537169818692,49.48584032881166,44.5748466825556,25.626220932732636,48.33672259843391,0.0,0.0,0.0,0.01331935645479887,0.8476207269701878,0.007598321486947809,0.6216984350889281,0.09449165630136244,7.150309045027889,0.029536204190096362,2.438439157444358,0.07744024961582245,4.043213563625559,0.004777116156929461,0.42815219433085044,nan,0.035158919850101916,0.013681302819993742
circle,none,C1,0.7,tndq(5.2),0,10000,579.4277236947609,598.7482926343373,19875.379561776852,45.208830232168765,12.571275447110578,7.240941589922667,5.3303338571879335,48.01283889277273,44.58181194363555,15.152614769422652,41.39555486777949,0.0,0.0,0.0,0.015151718631541826,1.027886663657735,0.010456193978171095,0.8690006097442501,0.1185290789333759,9.362218703841307,0.040549467664167595,3.4100582487883986,0.07744024961582245,4.043213563625559,0.007999574216079764,0.657972075903837,nan,,
circle,none,C1,1.5,tndq(5.2),0,10000,579.4349284465206,599.4076626751828,19894.01716487882,53.45034329230155,13.006919902351358,7.44019405855408,5.5667258437972835,52.51251579121689,44.60270974377994,43.18691579016124,53.72744861328152,0.0,0.0,0.0,0.011551240937992858,0.6861297802605386,0.005066806161468935,0.4303657648569086,0.06859209511056769,5.180442848592124,0.01950420929736087,1.684234511095594,0.07744024961582245,4.043213563625559,0.0029261151607712648,0.32191998364402846,nan,,
circle,none,C2,0.7,chandra20,0,10000,579.5341237829122,598.8419567286435,19883.944663348982,44.5938001268629,12.551737163780427,7.23323202101316,5.318505142767322,48.01508401464914,44.591416958142275,14.158822086269543,40.520689149078976,0.0,0.0,0.0,0.0151500647314713,1.027973810413904,0.01045613804213014,0.8692553694318231,0.11846299125102067,9.364510583060921,0.040547082396708005,3.4109878364707016,0.07744024961582245,4.043213563625559,0.008013312999265281,0.6585287276990113,nan,,
circle,none,C2,1.5,chandra20,0,10000,579.4952436123315,599.422779359866,19897.46602306652,51.99048377165676,12.97629095741771,7.419034666888975,5.557256290528757,50.54802812486885,44.60657577428077,40.15961135444674,51.6095794891938,0.0,0.0,0.0,0.011546587154754992,0.6859125594387834,0.005066747266456194,0.43045653005049833,0.06852817966166468,5.1798552681829815,0.019502670217899507,1.684576492832873,0.07744024961582245,4.043213563625559,0.0029309507686622054,0.3220605790277601,nan,,
circle,none,C2abl,0.7,ctc-abl,0,10000,579.512482068187,598.8361667983639,19881.707876183766,45.20303785748398,12.597094006426612,7.265835029064331,5.331258977362293,48.02794790163657,44.588908796004155,15.158175297375992,41.3843776332725,0.0,0.0,0.0,0.015132092938742448,1.0279909783429573,0.010433705730447175,0.8690740901166594,0.11826272702752057,9.363417757933336,0.04055659428335877,3.409929779723758,0.07744024961582245,4.043213563625559,0.007788360968595778,0.6584818746450982,nan,,
circle,none,C2abl,1.5,ctc-abl,0,10000,579.4830532372457,599.4582328644829,19897.875715900787,53.46503065486661,13.023371582319081,7.4555779207955615,5.567793661523483,52.54234009135334,44.60703500110805,43.204996112154035,53.737962657854965,0.0,0.0,0.0,0.011551578922757006,0.6861034776214194,0.0050621130267041025,0.43040710140943145,0.06852421613233775,5.1808033258187525,0.01953942738387253,1.684305815490988,0.07744024961582245,4.043213563625559,0.0028357469207625084,0.3222655083059827,nan,,
circle,none,C3,0.7,hinf-vel,0,10000,579.1650783868083,598.4585373857041,19884.738482845092,44.17072237718341,12.541648233324535,7.268254466290533,5.273393767034,48.15478435651263,44.59230705272501,16.695133358320344,39.51756326742989,0.0,0.0,0.0,0.015840948529731783,1.0250314824792743,0.010104260495936702,0.812293929570462,0.11826683958920968,9.11703575859438,0.03908865002511044,3.1909130999028514,0.07744024961582245,4.043213563625559,0.008115839385072581,0.6228070517807348,nan,,
circle,none,C3,1.5,hinf-vel,0,10000,579.1594568529575,599.152430680906,19897.870173163643,56.57420300150261,13.11185169515118,7.490243990020558,5.621607705130631,52.53926040792993,44.60702878825673,39.545398844946995,58.26200796095431,0.0,0.0,0.0,0.010481618897821393,0.6396495894888062,0.005092287025112703,0.4340395496379687,0.06413182079930473,4.956243564927209,0.019666511867714412,1.6959737574460991,0.07744024961582245,4.043213563625559,0.0025848575217204297,0.3274833687889833,nan,,
circle,l2,C1,0.7,tndq(5.2),0,10000,578.7016481573507,600.3039904731756,19848.666121501916,63.47393094899311,12.3252503308999,6.982411662972459,5.342838667927481,49.30080496837768,44.55184184913337,16.448301120904453,43.55443123889147,0.0,0.0,0.0,0.015619838798442191,1.0602914282368916,0.010781352634810545,0.8818410637845878,0.12388449959842265,9.595974505813453,0.042005884716147524,3.46781435770943,0.07744024961582245,4.043213563625559,0.007848524822354786,0.643877537513491,nan,0.04905773982626912,0.019143984879686028
circle,l2,C1,1.5,tndq(5.2),0,10000,579.0024610981794,601.3476296500015,19875.556946158627,73.9278859408503,12.8837408228754,7.191931511501208,5.691809311374141,52.51251579121689,44.58201088573577,43.966926050046176,56.47395401600552,0.0,0.0,0.0,0.011737070719328873,0.702174529546664,0.005222418114040169,0.4342226120692288,0.0721373665328772,5.334148089203063,0.020186683857481458,1.7000967321089189,0.07744024961582245,4.043213563625559,0.002850752986019507,0.3193502899177458,nan,0.02456919066252375,0.009543455834887343
circle,l2,C2,0.7,chandra20,0,10000,578.8131707135648,600.4023219036882,19857.455036458803,62.90888927798703,12.31039392966012,6.975081700538903,5.335312229121235,49.30727806549668,44.56170445175858,15.541936321107576,42.70335915345757,0.0,0.0,0.0,0.015619112802650416,1.0603108822988976,0.010779878069186441,0.8821202515583645,0.12387065807563163,9.597195930731605,0.04199841685014906,3.46882831649692,0.07744024961582245,4.043213563625559,0.00786376373791049,0.644502533827818,nan,0.04906084345010122,0.019142544749489027
circle,l2,C2,1.5,chandra20,0,10000,579.0641710933818,601.3630145044583,19879.0478896416,72.48789684919143,12.854023487501417,7.1708554409327565,5.683168046568721,50.54802812486885,44.58592590677197,40.99802174875202,54.36338219538651,0.0,0.0,0.0,0.01173235704537865,0.7019347806895955,0.005222054491429063,0.43431567262025184,0.07208641188347661,5.333410184563315,0.02018404374741961,1.700448198653883,0.07744024961582245,4.043213563625559,0.0028558074944309486,0.31950183734286774,nan,0.02456520390266231,0.009540162146161607
circle,l2,C2abl,0.7,ctc-abl,0,10000,578.7723951164315,600.3561288296702,19853.068907323246,63.41484158596302,12.348905626376155,7.0114300044164555,5.337475621959668,49.3241797755257,44.55678276909504,16.451096676956944,43.499744451540145,0.0,0.0,0.0,0.015612732174710214,1.060179416962996,0.010761307174703805,0.8818054841329079,0.1237088638660661,9.595864680176856,0.04200227880180081,3.4674066805946566,0.07744024961582245,4.043213563625559,0.007636626289818683,0.6442898119605562,nan,0.04902681961049638,0.019115446432009117
circle,l2,C2abl,1.5,ctc-abl,0,10000,579.0428712596052,601.380449257065,19878.42620810665,73.92575520131876,12.896743459696662,7.207212982178237,5.689530477518409,52.54234009135334,44.58522872892619,43.98565568426259,56.46120646847815,0.0,0.0,0.0,0.011741201014124425,0.7020975774397593,0.005219234121956492,0.4342612049871865,0.07210293969800416,5.333971467416901,0.020216665901603308,1.7001710875902127,0.07744024961582245,4.043213563625559,0.0027607214664760052,0.31973914700348965,nan,0.024562012617800683,0.009535931877494463
circle,l2,C3,0.7,hinf-vel,0,10000,578.4743749174385,599.8884972349573,19858.852911768023,62.214552992333196,12.276381559805749,6.964503799673214,5.311877760132528,49.25174946301443,44.56327289570193,18.024200668531495,41.65379549822513,0.0,0.0,0.0,0.016247668049632548,1.0463638129639756,0.010414858290181968,0.8246422515373575,0.12364700376390104,9.259663278938254,0.04046265119650906,3.2460070572527586,0.07744024961582245,4.043213563625559,0.00799354891165114,0.6105112909777884,nan,0.04084965985294471,0.018099786712898608
circle,l2,C3,1.5,hinf-vel,0,10000,578.7607570056952,601.157720684356,19879.572215176366,77.3286219525887,13.015323242596429,7.270743022407866,5.744580220188523,52.53926040792993,44.586513897339366,40.258052096638615,61.068502853662594,0.0,0.0,0.0,0.010733916033967289,0.6630735715821733,0.005243926665892536,0.43811095603217565,0.06842549806479639,5.186137186652469,0.0203358419433455,1.71196646161339,0.07744024961582245,4.043213563625559,0.002492224058087708,0.3246193917612401,nan,0.028420426522257812,0.009794710325830258
