scenario,condition,law,scale,law_tag,aborted,steps,E_tau_impulse,E_tau1,E_tau2,E_nongrav,W_pos,W_neg,W_net,tau_peak,tau_rms,tau_slew_rms,E_qddot,sat_frac,qdd_sat_frac,gov_frac,p_rms,a_rms_deg,p_rms_ss,a_rms_ss_deg,IAE_p,IAE_a_deg,IAE_p_ss,IAE_a_ss_deg,p_peak,a_peak_deg,p_end,a_end_deg,settle_s,gamma_xi,gamma_ez,bias_ball
circle,none,C1,1.0,tndq(5.2),0,10000,579.4101308398833,599.0455938444741,19884.701441607038,48.46055593693083,12.81146914529828,7.347399486682161,5.464069658616137,48.679253567285045,44.59226551949008,24.220840331221336,46.33299463155565,0.0,0.0,0.0,0.013043512914634391,0.8320323526848336,0.007450503923917928,0.6286331774430364,0.0907356337453104,7.074488705519986,0.028813956947479725,2.4631047599218245,0.07744024961582245,4.043213563625559,0.005040283142056891,0.45135116928044655,nan,,,
circle,none,C2,1.0,chandra20,0,10000,579.4879377221533,599.1098435426114,19890.297376979175,47.53242062981855,12.785637578277328,7.332108311234213,5.453529267043162,48.28658187988409,44.59853963638179,22.520946498912977,44.99812206733327,0.0,0.0,0.0,0.013040035132202824,0.8318973435856487,0.007450255461777068,0.6287904433631266,0.09066760513664378,7.074711253930348,0.028810988555939134,2.4636894052525213,0.07744024961582245,4.043213563625559,0.005048993029648629,0.4516575638174936,nan,,,
circle,none,C2abl,1.0,ctc-abl,0,10000,579.4773039411218,599.1155830315353,19889.92116120277,48.4666330198651,12.8333082151031,7.368009409362217,5.465298805740886,48.69913643404267,44.59811785401125,24.23115869615546,46.33423552609953,0.0,0.0,0.0,0.013036667369455903,0.832067887516217,0.007439513758466309,0.62869762872445,0.09058758992304075,7.0753159076562255,0.028844230250454923,2.4631459215564164,0.07744024961582245,4.043213563625559,0.004895732435382879,0.45164779471729843,nan,,,
circle,none,C3,1.0,hinf-vel,0,10000,579.1380566223261,598.718702945078,19890.976407345697,48.27369921602027,12.813234898824868,7.352158401912049,5.461076496912834,48.69708331176041,44.59930089961691,24.61488774441258,45.865365840760624,0.0,0.0,0.0,0.01298468363247409,0.8225686448454773,0.007366084559863196,0.6138682884611073,0.08957269477490172,6.953069028809304,0.028514558153985202,2.4054228666778417,0.07744024961582245,4.043213563625559,0.0048964298342628,0.43683280107101996,nan,,,
circle,l2,C1,1.0,tndq(5.2),0,10000,578.8641324607966,600.8471896742229,19863.01452928532,68.02265873404407,12.63385427857142,7.095053413535063,5.538800865036352,49.47945131058738,44.567941986685135,25.258030885338904,48.782024762567495,0.0,0.0,0.0,0.01335862241569199,0.8563228967867703,0.007685742569838786,0.636367747927317,0.09521287920865569,7.260577175881314,0.029852962705726127,2.495834430709153,0.07744024961582245,4.043213563625559,0.004927984612189628,0.4437505092277653,nan,0.03556984052096098,0.013851562716816647,
circle,l2,C2,1.0,chandra20,0,10000,578.9444158114813,600.912743984814,19868.717232306557,67.12514854477773,12.61034553017503,7.079964635288604,5.5303808948864255,49.48634456085395,44.574339291016486,23.6347834512958,47.461488755058355,0.0,0.0,0.0,0.01335545957490425,0.8561571379160046,0.007684779884673275,0.636532294037135,0.09517267200705008,7.260490810251274,0.029847405845942764,2.4964438312855637,0.07744024961582245,4.043213563625559,0.0049373220606904545,0.44408914179586784,nan,0.035568361972422836,0.013848924298611452,
circle,l2,C2abl,1.0,ctc-abl,0,10000,578.9208170665914,600.8913395861517,19866.83480427702,67.99956292368331,12.651909447845606,7.116673531388698,5.5352359164568865,49.478434659682,44.57222768078461,25.26802107431482,48.75109398197103,0.0,0.0,0.0,0.013359293087637577,0.856245574420093,0.007676957035273224,0.6364023876904656,0.09512508601839459,7.26055414312155,0.029876258189202254,2.4958142714515015,0.07744024961582245,4.043213563625559,0.004783451764238857,0.44405468563079564,nan,0.03555511975056477,0.01383657404894149,
circle,l2,C3,1.0,hinf-vel,0,10000,578.6022344433181,600.4581155193902,19869.169567733385,67.74678656843165,12.637047042907824,7.099509873089089,5.537537169818692,49.48584032881166,44.5748466825556,25.626220932732636,48.33672259843391,0.0,0.0,0.0,0.01331935645479887,0.8476207269701878,0.007598321486947809,0.6216984350889281,0.09449165630136244,7.150309045027889,0.029536204190096362,2.438439157444358,0.07744024961582245,4.043213563625559,0.004777116156929461,0.42815219433085044,nan,0.035158919850101916,0.013681302819993742,
circle,noise,C1,1.0,tndq(5.2),0,10000,579.4108845618944,599.0528867325642,19884.96569478854,48.67129170505115,12.813946303323922,7.349486207430253,5.464460095893649,48.64241077746375,44.5925618178509,207.9458767071121,46.3714764995063,0.0,0.0,0.0,0.013043445734541009,0.8319082333285531,0.0074457120442461356,0.6280825781098814,0.09072177811318995,7.071668874901952,0.028797110664406204,2.460825828223955,0.07749167873223928,4.0502196886537885,0.004992567161755093,0.4476191955921809,nan,,,
circle,noise,C2,1.0,chandra20,0,10000,579.4887197115659,599.1170155971027,19890.56332542668,47.74272853737487,12.788112000744722,7.3341901020916636,5.453921898653033,48.51073966382667,44.59883779363166,207.76637174328826,45.035768702210795,0.0,0.0,0.0,0.01303997838863333,0.8317735974248641,0.007445487662774785,0.6282396715120666,0.09065380977334281,7.0718974429167325,0.028794249095961358,2.461410065674064,0.07749168100752706,4.0502196886537885,0.005001403894874761,0.4479251169750797,nan,,,
circle,noise,C2abl,1.0,ctc-abl,0,10000,579.4779783343558,599.1245494309112,19890.23022383695,48.72330491089035,12.835934931477901,7.370235900706505,5.465699030771384,48.66239245236522,44.59846435006137,238.63461873267295,46.4007059363488,0.0,0.0,0.0,0.013036664811098102,0.8319430345800143,0.007434762946031439,0.6281458839691039,0.09057475837149685,7.072490331888721,0.02882738916572105,2.460862261054126,0.07749167873256924,4.0502196886537885,0.004848255198355737,0.44791779983485575,nan,,,
circle,noise,C3,1.0,hinf-vel,0,10000,579.1412830650551,601.4223608631517,19919.871848328297,77.0869263096487,12.817757233738348,7.360579729526383,5.457177504211945,52.14841466716744,44.63168364326882,2938.7016424450762,50.97865188656013,0.0,0.0,0.0,0.012985119807123628,0.8225811792266914,0.007362244151502238,0.6134407118410912,0.08956529781956801,6.951387030897462,0.02850127008920422,2.403645160723884,0.07749167721989084,4.0502196886537885,0.00484995444302509,0.43318717599822054,nan,,,
circle,mismatch,C1,1.0,tndq(5.2),0,10000,574.3837497262673,593.8721367010737,19460.423391208296,52.02611636254859,12.661247986547282,6.376104159651107,6.285143826896155,58.41510428074204,44.11396988620305,33.6797719641299,61.42192676294294,0.0,0.0,0.0,0.016012298995478385,1.716556990820969,0.01276625173381508,1.7397373765803756,0.1416920683465666,16.899971689640378,0.0508988115564513,6.926813145715338,0.07744024961582245,4.043213563625559,0.012018111661900381,1.5423952922786182,nan,,,
circle,mismatch,C2,1.0,chandra20,0,10000,574.4656782585561,593.9431765370169,19467.758307676737,50.69566391747225,12.683764519840338,6.387512584237781,6.296251935602596,56.8435141476636,44.12228270123469,31.080504623180072,60.34098296873297,0.0,0.0,0.0,0.01601272242550535,1.7160851693184096,0.012764915206384484,1.7391427573114395,0.1416566118541006,16.895505647238448,0.0508938529608956,6.924457329649995,0.07744024961582245,4.043213563625559,0.01202784842830193,1.542340527387828,nan,,,
circle,mismatch,C2abl,1.0,ctc-abl,0,10000,574.4316539604059,593.9236962888225,19463.52946484557,51.996357703372595,12.703020567398632,6.4054080255595505,6.297612541839095,58.4389637208512,44.11749025595809,33.69906028981207,61.41093777096814,0.0,0.0,0.0,0.016094626706871135,1.7162792098923567,0.012916020469190116,1.74051225998363,0.14269224543827658,16.897391558277,0.05148493539513604,6.929969836985556,0.07744024961582245,4.043213563625559,0.011979713316924647,1.5423967961604166,nan,,,
circle,mismatch,C3,1.0,hinf-vel,0,10000,574.0350438604945,593.4394388409063,19465.748957975407,51.566752357852046,12.659223929768835,6.380944504513893,6.278279425254941,58.43649997411248,44.12000561873877,34.41811150524222,60.960561390356126,0.0,0.0,0.0,0.016000927380626636,1.712846862755788,0.012752211550032781,1.7354705880865562,0.14155708471514136,16.86386718514525,0.05085891114759492,6.910596213567138,0.07744024961582245,4.043213563625559,0.012009292966186167,1.5365527126622611,nan,,,
circle,friction2,C1,1.0,tndq(5.2),0,10000,580.120641896237,611.9064480281766,20032.29288748385,148.99983882280623,14.81215814327848,4.95142127521253,9.860736868065962,49.15763426637363,44.757449533551224,23.312681102169726,131.95464929899933,0.0,0.0,0.0,0.017796799265908728,1.2690699532625638,0.014377434107698567,1.166776967472221,0.1527899716874152,12.073056757036662,0.05574224943239832,4.586219734637149,0.07744024961582245,4.043213563625559,0.011914762078538131,0.9811300984635506,nan,,,
circle,friction2,C2,1.0,chandra20,0,10000,580.2827061457497,612.0459316151847,20045.440588777397,148.15678283027523,14.790906441829433,4.949788958173239,9.841117483656182,49.18029605420622,44.77213484833775,21.7272566646459,130.8014871861553,0.0,0.0,0.0,0.017798012184475534,1.2695034511883683,0.014379265595421778,1.1672156098351973,0.15273975884154495,12.078802422447865,0.05574888102861139,4.5878178696729845,0.07744024961582245,4.043213563625559,0.011935154160131908,0.9820337955193906,nan,,,
circle,friction2,C2abl,1.0,ctc-abl,0,10000,580.2156260253489,612.0010262594226,20037.279404359007,149.00390120182266,14.842085381317052,4.977551598626517,9.864533782690543,49.210134952254926,44.76301978682739,23.31908578152213,131.94541158211763,0.0,0.0,0.0,0.017756234709872882,1.2691993875702823,0.014335441339010884,1.166790375526605,0.15236285385345058,12.073943182231984,0.05570342911428378,4.585588823809739,0.07744024961582245,4.043213563625559,0.011618676323669882,0.9824501312924504,nan,,,
circle,friction2,C3,1.0,hinf-vel,0,10000,579.9227457378158,612.367930303553,20043.502176424678,149.2175745707657,14.824940535443634,4.964940453906086,9.860000081537489,49.16748671390137,44.769970042903395,23.70326195566029,131.54767979195177,0.0,0.0,0.0,0.01769366315149276,1.2541741561965398,0.014301521637487574,1.1491756623371843,0.15132593112991413,11.908696371240957,0.05544925460667859,4.513992141824557,0.07744024961582245,4.043213563625559,0.011739800045898254,0.9709697574262023,nan,,,
circle,contact,C1,1.0,tndq(5.2),0,10000,575.94863390035,599.8263892653063,19847.74847531345,53.9902164188206,12.553518566295796,7.36211187120014,5.1914066950956155,48.679253567285045,44.55081197387254,25.097275818266116,113.02245883698029,0.0,0.0,0.0,0.021185611391344287,1.4248107649061426,0.007606009001855245,0.6386639980859512,0.13868262469914405,9.788195569129623,0.029349678364208348,2.510839795451828,0.0910767269569551,6.6516380309120935,0.0047549407316527705,0.42086074299047277,nan,,,
circle,contact,C2,1.0,chandra20,0,10000,576.2141654177269,600.0534867212469,19868.15495115328,52.75618278401849,12.520750854946606,7.372523969411755,5.148226885534852,48.28658187988409,44.57370856362894,23.377854237441213,111.99462838379141,0.0,0.0,0.0,0.021233311792806502,1.426527565757594,0.00760533219435756,0.6389824849066211,0.13886154389033228,9.80151116070606,0.029343753617100787,2.511980106840886,0.09111510848206511,6.650158267106371,0.004770592810548503,0.42201091815802505,nan,,,
circle,contact,C2abl,1.0,ctc-abl,0,10000,576.0905572257559,599.9614593390355,19858.65388825578,53.8673444314692,12.579324349202103,7.401221897777159,5.178102451424936,48.69913643404267,44.56304959072682,25.07807840242103,113.15922941067952,0.0,0.0,0.0,0.021183143917050982,1.425608373269161,0.007601542102736585,0.6387167310446895,0.13867739921782027,9.793458714606533,0.029384751292483434,2.5108408194329814,0.09094256245631586,6.652690746791724,0.004616329469950424,0.421436336039374,nan,,,
circle,contact,C3,1.0,hinf-vel,0,10000,575.7678951711915,599.6564939141201,19854.495012525767,53.734670667253766,12.544613836417579,7.364369379494565,5.1802444569230754,48.69708331176041,44.5583830637129,25.52402547279937,112.2498846778152,0.0,0.0,0.0,0.02122043387932186,1.4143578009821065,0.007567781210698759,0.6312897486344056,0.1386213134644752,9.728195531219082,0.02921719294275021,2.483170859837981,0.09137886337672303,6.583728931639646,0.004685796794634701,0.41431992445129423,nan,,,
circle,coarse-dt,C1,1.0,tndq(5.2),0,10000,579.4061496031159,599.0479660721301,19884.802094662424,48.92401983329148,12.821542107417303,7.354510730455228,5.467031376962072,48.679253567285045,44.592378378667384,24.83074378951233,46.91883962786665,0.0,0.0,0.0,0.013049562780238824,0.8323445538022682,0.00745380162423582,0.6288422595943306,0.09076650493915882,7.075790512558556,0.028828853509616448,2.4638506690106916,0.07744024961582245,4.043213563625559,0.0050819207690312625,0.45207906237971424,nan,,,
circle,coarse-dt,C2,1.0,chandra20,0,10000,579.4843022410212,599.1116327532095,19890.35811954713,47.93087749255781,12.794903107150208,7.338371770744532,5.456531336405667,48.30117088499716,44.59860773560889,23.075419924024942,45.489728033925736,0.0,0.0,0.0,0.01304599244051605,0.8322068304141963,0.007453545400202355,0.6290004378922907,0.09069789630964278,7.0759878310917275,0.02882584991510781,2.4644386308643873,0.07744024961582245,4.043213563625559,0.0050906148677447895,0.45238839241198725,nan,,,
circle,coarse-dt,C2abl,1.0,ctc-abl,0,10000,579.47381544721,599.118528751095,19890.101141123723,48.93915168618951,12.844287326429596,7.375641212229625,5.4686461141999665,48.69913643404267,44.59831963328184,24.83698645677683,46.93029949917353,0.0,0.0,0.0,0.013042189081623055,0.8323860782926678,0.00744235647200285,0.6289075355422976,0.09060944553633699,7.076671909548409,0.028857502697272178,2.4638916750749273,0.07744024961582245,4.043213563625559,0.0049372870169339745,0.4523642811988238,nan,,,
circle,coarse-dt,C3,1.0,hinf-vel,0,10000,579.1339215261565,598.7211444600434,19891.201003586357,48.821870254295014,12.8253197763636,7.360927829048202,5.46439194731545,48.69708331176041,44.59955269236044,25.18217587594182,46.56738415095191,0.0,0.0,0.0,0.012986583239140002,0.822684395039021,0.007367870563020705,0.613990643207451,0.08958050629060893,6.953330391726609,0.028523830081990553,2.405839714137051,0.07744024961582245,4.043213563625559,0.00493470303606684,0.4374051439892151,nan,,,
line,none,C1,1.0,tndq(5.2),0,8000,-303.15381319597395,332.8358914101232,6120.7972837778925,42.87862562791645,0.9004206149100474,2.9106287320092736,-2.0102081170992316,33.59535747266483,27.660434929195105,43.541324394542336,30.344013709439785,0.0,0.0,0.0,0.018587726192710728,1.970650359885623,0.0002478077928860075,0.030956315397006967,0.053792440855260276,5.6383830585161885,0.0006179707865329023,0.06622847793670848,0.11520555046337619,12.499229957258414,8.620600871853125e-05,0.005458408014724914,2.6229999999999998,,,
line,none,C2,1.0,chandra20,0,8000,-303.1968985731087,332.89078492479524,6119.663820815709,39.78640980180253,0.8478491803432849,2.8332053480576445,-1.9853561677143585,33.70401730152774,27.657873699942368,40.2345879922343,29.80426439376809,0.0,0.0,0.0,0.018653481633474283,1.9683863023774513,0.00024675245158864336,0.030925912179729908,0.05405595751398359,5.616546520061568,0.0006154744181852466,0.06614188197020655,0.11520555046337619,12.499229957258414,8.601412384933939e-05,0.005438844941837132,2.6229999999999998,,,
line,none,C2abl,1.0,ctc-abl,0,8000,-303.13320377174756,332.80921700455616,6120.18344930527,43.053221546035495,0.874634025543782,2.885626385754849,-2.0109923602110644,33.554797424636085,27.65904790774908,44.56851502581186,30.323652608716824,0.0,0.0,0.0,0.018546243711035592,1.968512132505981,0.0002441433637736924,0.030835989025200964,0.053727403766680004,5.634108048466784,0.0006099137223725753,0.06589315463583648,0.11520555046337619,12.499229957258414,8.610239409066197e-05,0.005448834557784395,2.641,,,
line,none,C3,1.0,hinf-vel,0,8000,-304.40312052181264,332.95252639764476,6125.513088018297,42.00621856833851,0.9249082113351375,2.8885943353676464,-1.963686124032514,33.63343932787646,27.67108844990177,44.45807073993613,29.372652250969782,0.0,0.0,0.0,0.018629194769889182,1.9648892651058387,0.0002481275547841473,0.03320556207102618,0.05386070544134303,5.483570898866724,0.0006124982732577512,0.07107624495840915,0.11520555046337619,12.499229957258414,8.319306559191424e-05,0.0052416573732073,2.636,,,
line,bias,C1,1.0,tndq(5.2),0,8000,-325.5784897546409,353.4390689504342,7045.398562549914,90.15254608867592,0.9136905662391159,2.7897307014507486,-1.8760401352116325,33.59535747266483,29.67616586283914,43.694494896372014,42.37860894025322,0.0,0.0,0.0,0.019452328174793806,2.1673305603935016,0.0070889505527250325,0.9570452219668621,0.08672113453924976,11.003810857110212,0.021171153026355673,2.8663722263302644,0.11520555046337619,12.499229957258414,0.006113838805789412,0.8521401121044356,nan,,,0.01829611866280035
line,bias,C2,1.0,chandra20,0,8000,-325.6449523792161,353.5264186659664,7045.151184692516,87.11638707085689,0.861400681843814,2.7107658803407735,-1.8493651984969546,33.70401730152774,29.675644863870517,40.40015093223349,41.8427529967719,0.0,0.0,0.0,0.019512959714034155,2.1652707572792016,0.007082240237165453,0.9567245132278255,0.08693010532679808,10.981931486068971,0.021151682911351062,2.865448743832962,0.11520555046337619,12.499229957258414,0.006117219619091125,0.8524506248641797,nan,,,0.01829027030688948
line,bias,C2abl,1.0,ctc-abl,0,8000,-325.61021288725084,353.47288342824834,7046.946459997604,90.4587846212471,0.8840615851818857,2.761826281301271,-1.8777646961193877,33.554797424636085,29.679425659869167,44.710861501602636,42.35028283851561,0.0,0.0,0.0,0.019379668769479,2.1647939830971716,0.007076077737095691,0.9563091541666129,0.08586969528302238,10.99065075037708,0.021133154934146733,2.8641473446469154,0.11520555046337619,12.499229957258414,0.006112369886633089,0.8520019424563324,nan,,,0.018287331733784308
line,bias,C3,1.0,hinf-vel,0,8000,-327.21165942973477,355.548377892916,7089.978461273538,91.0655037819118,1.007692965354444,2.7391268441808228,-1.7314338788263737,33.63343932787646,29.769906074074072,44.60743103687277,43.37940603212312,0.0,0.0,0.0,0.019525814633642675,2.15904483595179,0.0072039204577947265,0.9610641015470932,0.08750410191787265,10.917343309302026,0.021518824815016716,2.878218625874093,0.11520555046337619,12.499229957258414,0.0062384859028312084,0.8522591734800505,nan,,,0.018395629685177474
line,l2,C1,1.0,tndq(5.2),0,8000,-303.67742922131237,334.17537502785996,6163.067701072056,51.677450139967725,1.01969497830559,2.9833957349626385,-1.9637007566570523,33.59535747266483,27.755782508046984,44.04963504573132,34.42021011979105,0.0,0.0,0.0,0.019133558974237724,1.9991476223466589,0.000516844509609607,0.06040422075828723,0.064895005262468,6.452483290105303,0.0014141122183231327,0.16437226567145752,0.11520555046337619,12.499229957258414,0.0002456349088765749,0.03130656092165329,2.417,0.027123549364585237,0.008549021032610201,
line,l2,C2,1.0,chandra20,0,8000,-303.7226979646076,334.2401991679828,6162.058424791739,48.60015891624366,0.9670177122148799,2.906776461366741,-1.9397587491518566,33.70401730152774,27.75350974379578,40.78279416735455,33.87924444256222,0.0,0.0,0.0,0.01919964950389492,1.9968817517415915,0.0005172716648133593,0.060435949092732595,0.06515550259502041,6.428885479202324,0.0014157849708473372,0.16447833653506766,0.11520555046337619,12.499229957258414,0.00024551158086316216,0.03131361820411502,2.419,0.02705264467390179,0.008575238690405645,
line,l2,C2abl,1.0,ctc-abl,0,8000,-303.6598137954809,334.15011691471204,6162.895712646543,51.89402240764611,1.0019426215490275,2.9706846597806162,-1.9687420382315748,33.554797424636085,27.75539522472735,45.060575320584825,34.39595702472279,0.0,0.0,0.0,0.01907980773802587,1.9969664343135225,0.000515132038126907,0.06024008047264132,0.06472398061071774,6.450565997877911,0.0014084389893693422,0.1637964591046208,0.11520555046337619,12.499229957258414,0.00024646627462487957,0.03133276011713233,2.435,0.02682735183658088,0.008513885142266654,
line,l2,C3,1.0,hinf-vel,0,8000,-304.97317413708174,333.9076127300783,6168.39222782634,50.56286566569054,1.0308267724779496,2.942804024741615,-1.9119772522636673,33.63343932787646,27.767769598552427,44.928521755896526,33.73306080455272,0.0,0.0,0.0,0.019168417075247496,1.9917890106218603,0.0005077298044586263,0.06027133092354599,0.06495528354161167,6.316779281416878,0.001392927436421406,0.1634922170509621,0.11520555046337619,12.499229957258414,0.0002441233915066755,0.030853817070495955,2.417,0.026018157563643524,0.008331223107570524,
large,none,C1,1.0,tndq(5.2),0,8000,-268.7106325093466,523.8996607299182,14914.725447064759,5158.721458112889,74.0269965594449,53.31607920420562,20.710917355239495,102.3461433413206,43.17801154387607,37776.088734129284,2492.045891922865,0.0,0.150375,0.098375,0.39580163276793545,58.5562207866709,0.004052240662039035,0.2960916529984404,1.245723648356063,208.93595155016848,0.010732297207283562,0.7896237500113026,1.414017424499972,179.99413359104733,0.0011610620288523101,0.10055545907914856,5.765000000000001,,,
large,none,C2,1.0,chandra20,0,8000,-348.6844945923399,568.8217666089024,13766.838279487778,3508.484982276683,43.8306120329647,31.04290614719798,12.787705885766691,107.72596827954568,41.48318677411334,30255.51710459467,11264.575188718552,0.0,1.0,0.736625,0.6428082547862377,56.70322530636054,0.5395516102564254,40.52810982574273,4.911188922779551,401.14967285540587,1.6186294844043296,121.58200704210013,1.414017424499972,167.15749928924043,0.5343255034202135,40.106732750877896,nan,,,
large,none,C2abl,1.0,ctc-abl,0,8000,54.28324530261202,519.4469674170371,14347.512924607761,5208.219046110783,70.78084309689845,48.117767720689564,22.663075376208546,109.95934297994846,42.3490155207411,34808.05573741431,2959.6772081728222,0.0,0.176125,0.12675,0.38974551444249445,59.85771792515095,0.00037505806834466223,0.04931434091227729,1.2487464992475694,209.9669501823825,0.0010832244362462388,0.14757177406364075,1.414017424499972,179.9817854981808,0.0003320511291382334,0.04448627914986382,3.382,,,
large,none,C3,1.0,hinf-vel,0,8000,88.70545545776885,587.86885588706,24088.834170869664,13401.944198541029,120.97028425810846,98.11393949697276,22.856344761135635,176.0,54.873529787673654,67087.57505591049,2762.4239216954497,0.00825,0.19,0.1235,0.378263488035212,64.20656130638537,0.003069796723436016,0.23167555337808668,1.2265762797805595,235.9877853054093,0.008859234656326194,0.6711450534473892,1.414017424499972,179.99665806346798,0.00164896868473369,0.13162572568092162,4.670000000000001,,,
