case,law,alpha,ratio,E_cmd,E_actual,p_rms,a_rms_deg,p_end,a_end_deg,p_peak,a_peak_deg,slew_rms,settle_s,sat_steps
line,FA,1.0,1.0,1.7602148407145137,1.757890361253217,0.021127642763451075,2.2946562165855826,1.1036273169709804e-06,8.531411050166773e-05,0.11520555046337619,12.499229957258414,0.7007231385283678,nan,0
line,log,0.94671630859375,1.0,1.7602167156703632,1.7644963538899199,0.021586620739654887,2.342878107876615,1.3937799332107543e-06,0.00010734502829231284,0.11520555046337619,12.499229957258414,0.7075077221743925,nan,0
line,dexp,0.23116455078125003,0.5,1.760223345259806,1.7738881091025525,0.03928240295518185,5.903068709338335,0.0012076364924398497,1.2464913420088224,0.11520555046337619,12.499229957258414,0.5952686598091175,nan,0
line,structured,0.95,1.0,1.7610473442736148,1.7652535356461123,0.02160189086534561,2.339751041973655,1.3752575716601882e-06,0.00010579140911229769,0.11520555046337619,12.499229957258414,0.7081653805138232,nan,0
large,FA,1.0,1.0,13086.412452564584,113.55151610168402,0.4750572830176089,84.22123458052734,5.316474463489871e-05,0.005356430364210393,1.4140174244999715,177.0988172561356,5969.380047282476,2.59,162
large,log,0.94671630859375,1.0,495.7397829426949,27.72552167658708,0.44059560116407603,47.11959776727448,1.5824314201045982e-05,0.0017387190380584918,1.4140174244999715,167.15749928924043,102.42463969180343,2.06,79
large,dexp,0.23116455078125003,0.5,98.65735294014249,15.259158734829823,0.6081630596336262,83.14157578024916,0.024503629081481005,18.083491831655632,1.4140174244999715,167.15749928924043,55.61971975982469,nan,27
large,structured,0.95,1.0,498.9642445901464,27.769804980647713,0.44050460120743723,47.12196293349348,1.581502140395267e-05,0.0017375574085394707,1.4140174244999715,167.15749928924043,102.77345825537468,2.05,79
noise,FA,1.0,1.0,1.7602056926898653,1.7578659002931059,0.02112066899485913,2.2940664953952514,4.989690868031174e-05,0.006980018735203459,0.11519047592179893,12.493359599122773,0.7042975799828455,nan,0
noise,log,0.94671630859375,1.0,1.7602020003855856,1.7644557385714068,0.021579202071519265,2.342272766038466,5.154314293439128e-05,0.007108134981373216,0.11519047592179893,12.493359599122773,0.7105406722695136,nan,0
noise,dexp,0.23116455078125003,0.5,1.7597642742346011,1.773406283119798,0.039247217766909245,5.899778444071687,0.0012498713908790395,1.2416644964138661,0.11519047592179893,12.493359599122773,0.5957280885786269,nan,0
noise,structured,0.95,1.0,1.7610297600695446,1.765210160735705,0.021594459944465978,2.339147917987644,5.1433519300562926e-05,0.0070996852098396375,0.11519047592179893,12.493359599122773,0.7112144860206048,nan,0
disturbance,FA,1.0,1.0,1.8061848943714705,1.7615576458052413,0.02189214126524424,2.337141202819736,0.001896825585390832,0.15697540174139651,0.11520555046337619,12.499229957258414,0.7084866417561119,nan,0
disturbance,log,0.94671630859375,1.0,1.8057981238841774,1.7680980349360431,0.02240842655152212,2.3881910122179213,0.001970848017456646,0.16455466082203526,0.11520555046337619,12.499229957258414,0.7147377623067486,nan,0
disturbance,dexp,0.23116455078125003,0.5,1.8772508665469516,1.8657749690927385,0.0441431000157732,6.289675526798512,0.004238214369881127,1.3374386297369472,0.11520555046337619,12.499229957258414,0.6325419661509187,nan,0
disturbance,structured,0.95,1.0,1.8077326724376885,1.7700004805938379,0.022421487791733186,2.3846891244982396,0.0019661287820394975,0.16407302716579428,0.11520555046337619,12.499229957258414,0.7163141694186238,nan,0
