case,law,friction_scale,alpha,steps,E_tau2,E_servo2,E_qdot_cmd,E_mech_pos,E_mech_neg,p_rms,rot_rms_deg,p_peak,rot_peak_deg,p_end,rot_end_deg,cmd_slew_rms,tau_slew_rms,tau_peak_max,saturated_steps,settled
nominal,FA,1.0,1.0,500,202447.7807572142,235352.10124443442,61.67141739348209,1139.2116054789144,0.02847771780496805,0.034743129422085454,14.854921953425647,0.11520555046337619,19.90864195566588,0.002671608381369188,12.09506455047476,687.3166280628818,39835.942795956034,170.14735311394463,467,False
nominal,log,1.0,0.050952148437500004,500,203752.71415514036,241719.42650552106,63.843232432035386,1164.2982977940069,0.006805548389878019,0.23184367214101423,31.590983344044634,0.31605830515569244,43.9091504386486,0.17455096297918674,43.9091504386486,703.9139542808626,39986.91388542863,170.06716637978622,466,False
noise,FA,1.0,1.0,500,202562.33631522462,234996.3311608431,61.403664597370884,1139.3688310166795,0.033091634201754434,0.038497575589397426,15.562848967503772,0.11519047592179893,22.20184721729437,0.0024326998276975697,11.78436711672669,685.103320494137,39849.16992653855,170.3536632098503,463,False
noise,log,1.0,0.050952148437500004,500,206653.37120591645,249520.99282520651,65.71736588653923,1172.9906813228897,0.004426436803618501,0.10634112235717268,19.153935061581254,0.15146200164546633,22.068804782266707,0.08117058638201886,22.068804782266707,715.8071745837452,40271.821510826805,170.4658095353845,492,False
disturbance,FA,1.0,1.0,500,202499.01270224337,234773.73191371362,61.37650216517869,1137.3649458329758,0.02847771780496805,0.03815603908315188,16.57301234779247,0.11520555046337619,23.747649477232436,0.002460294745504892,11.608513781615661,685.8286121389182,39839.30018189226,171.44263548348601,468,False
disturbance,log,1.0,0.050952148437500004,500,202856.37740751103,240961.31449404167,64.08538855992373,1163.3565359840065,0.006805548389878019,0.25381291141094453,35.77140425903452,0.3557793627326397,51.06001277060864,0.19195479644821942,51.06001277060864,705.0950861506294,39893.22562360701,171.3439936795548,454,False
nominal,FA,0.5,1.0,500,202146.60399470438,235000.76260003788,61.500540858462635,1130.6516281659103,0.030221595413189518,0.03481457731613463,15.341113252900637,0.11520555046337619,21.761424207785097,0.0021106212821256198,10.280171608248029,686.9579388969768,39810.103243082376,169.90279353630865,461,False
nominal,log,0.5,0.050952148437500004,500,203655.50400192858,241617.37252670497,62.95710769644702,1145.388742339349,0.009173051248231858,0.0991828067051467,21.905203629337947,0.14870441487081246,32.41602233052671,0.07897332961189335,32.41602233052671,699.1695914943336,39986.88242026961,170.2230222041609,468,False
nominal,FA,1.0,1.0,500,202447.7807572142,235352.10124443442,61.67141739348209,1139.2116054789144,0.02847771780496805,0.034743129422085454,14.854921953425647,0.11520555046337619,19.90864195566588,0.002671608381369188,12.09506455047476,687.3166280628818,39835.942795956034,170.14735311394463,467,False
nominal,log,1.0,0.050952148437500004,500,203752.71415514036,241719.42650552106,63.843232432035386,1164.2982977940069,0.006805548389878019,0.23184367214101423,31.590983344044634,0.31605830515569244,43.9091504386486,0.17455096297918674,43.9091504386486,703.9139542808626,39986.91388542863,170.06716637978622,466,False
nominal,FA,2.0,1.0,500,203353.55328072925,236486.03363363355,62.08811323372785,1157.4834178768544,0.024778790505807988,0.03580992934622029,14.66704523848858,0.11520555046337619,18.93254408226391,0.003213852534693713,14.622577039601145,688.1387462281797,39917.79009292457,170.64529156425814,452,False
nominal,log,2.0,0.050952148437500004,500,208012.8811038183,254975.08778738946,68.35550376443832,1203.6196346695579,0.004137026855851423,0.11887574278653355,17.208927828016172,0.15498194108174987,19.588744721200566,0.09618846933398942,15.828168574311372,730.8002703296621,40379.38437546483,170.31309852714986,492,False
