t,pos_err,ori_err_geodesic,e_xi_norm,e_z_O_norm,e_z_T_norm,qddot_ref_norm,tau_norm,V,c0,c1,c2,runtime
0.000000,2.592594001e-15,0.000000000e+00,0.000000000e+00,2.424349759e-19,2.592594001e-15,3.974319841e-13,4.424064093e+01,5.377234970e-29,3.108670e-15,0.000000e+00,0.000000e+00,1.506707e-02
0.050000,1.066526829e-03,1.487912808e-03,3.177415811e-03,7.439563395e-04,4.023999464e-04,1.906831301e-01,4.431631185e+01,1.077115963e-05,2.665249e-15,6.146635e-19,1.470920e-21,9.352639e-03
0.100000,6.970131991e-04,1.033869442e-03,8.338218563e-03,5.169347039e-04,3.001314322e-04,1.845173652e-01,4.453563705e+01,3.762134732e-05,2.887976e-15,1.721971e-18,4.417583e-20,8.855998e-03
0.150000,4.410703019e-04,7.704974969e-04,4.626686167e-03,3.852487469e-04,2.702908038e-04,1.640749923e-01,4.442020382e+01,1.247490217e-05,2.665750e-15,1.548209e-18,6.136752e-20,8.846998e-03
0.200000,2.657299082e-04,6.477694888e-04,3.798933067e-03,3.238847482e-04,2.951351913e-04,1.544820546e-01,4.437510587e+01,8.751995115e-06,3.109444e-15,3.757351e-18,8.849772e-20,8.878168e-03
0.250000,1.336186888e-04,6.246993279e-04,3.659884625e-03,3.123496681e-04,3.501760251e-04,1.483502859e-01,4.434634022e+01,8.458862245e-06,2.886612e-15,2.941492e-18,8.638075e-20,9.138273e-03
0.300000,4.800278912e-05,6.789332342e-04,3.564427079e-03,3.394666201e-04,4.189759416e-04,1.435999506e-01,4.432480310e+01,8.678797606e-06,3.108625e-15,8.741117e-19,1.285706e-19,9.032445e-03
0.350000,7.908124620e-05,7.735421514e-04,3.091874183e-03,3.867710741e-04,4.907361093e-04,1.395124584e-01,4.430394860e+01,7.903153325e-06,3.118803e-15,5.406083e-18,6.896159e-19,9.228462e-03
0.400000,1.352280923e-04,8.725906967e-04,2.515544860e-03,4.362953415e-04,5.592853250e-04,1.358928626e-01,4.428316195e+01,7.189212570e-06,3.111676e-15,3.227665e-18,2.603355e-19,8.794929e-03
0.450000,1.784299473e-04,9.647134470e-04,2.223698365e-03,4.823567109e-04,6.232121842e-04,1.323917610e-01,4.426421629e+01,7.440908594e-06,2.443550e-15,2.818926e-18,9.517696e-19,8.826528e-03
0.500000,2.103707103e-04,1.055732340e-03,2.208734796e-03,5.278661506e-04,6.840156844e-04,1.288159111e-01,4.424588533e+01,8.411415735e-06,2.443697e-15,2.819447e-18,5.587850e-19,8.887298e-03
0.550000,2.335038180e-04,1.152170714e-03,2.308318318e-03,5.760853304e-04,7.429733946e-04,1.248803921e-01,4.422763466e+01,9.735236912e-06,3.114155e-15,4.142731e-18,1.440908e-18,8.687381e-03
0.600000,2.501110902e-04,1.257815473e-03,2.470281254e-03,6.289077002e-04,8.001753144e-04,1.204101770e-01,4.420953485e+01,1.133758817e-05,3.113538e-15,9.263427e-19,1.067815e-18,8.724831e-03
0.650000,2.618565414e-04,1.374351838e-03,2.643684742e-03,6.871758700e-04,8.552103272e-04,1.153750585e-01,4.419101424e+01,1.312329755e-05,3.331882e-15,3.309926e-18,6.465564e-19,8.743600e-03
0.700000,2.695236064e-04,1.500444829e-03,2.783114342e-03,7.502223484e-04,9.075253904e-04,1.098409013e-01,4.417142431e+01,1.496434997e-05,2.664937e-15,8.940560e-19,6.705420e-19,8.818809e-03
0.750000,2.734309861e-04,1.633361220e-03,2.871321691e-03,8.166805226e-04,9.567471347e-04,1.039180409e-01,4.415044838e+01,1.678090137e-05,2.668447e-15,1.023524e-17,1.264386e-18,8.757150e-03
0.800000,2.738878226e-04,1.770215889e-03,2.903040705e-03,8.851078324e-04,1.002660192e-03,9.768793827e-02,4.412815243e+01,1.852376935e-05,2.887544e-15,1.368845e-17,2.150031e-18,8.972946e-03
0.850000,2.715259144e-04,1.907994472e-03,2.871897085e-03,9.539970946e-04,1.044960876e-03,9.117925425e-02,4.410480733e+01,2.014032594e-05,3.336303e-15,3.366269e-18,7.818293e-19,8.696712e-03
0.900000,2.716011156e-04,2.008777952e-03,1.463694765e-03,1.004388810e-03,1.075294213e-03,7.984145034e-02,4.408152301e+01,1.839163740e-05,2.666212e-15,4.848700e-18,1.265548e-18,8.777290e-03
0.950000,2.881431720e-04,2.001801745e-03,2.069068011e-03,1.000900709e-03,1.078339043e-03,7.548433953e-02,4.405782683e+01,1.945745978e-05,2.886931e-15,8.587128e-18,2.014546e-18,8.762890e-03
1.000000,2.836721150e-04,2.130462052e-03,2.454745619e-03,1.065230828e-03,1.107916208e-03,6.966713105e-02,4.690030292e+01,2.191044836e-05,3.110211e-15,2.030442e-17,1.659396e-18,1.192685e-02
1.050000,1.178051043e-03,4.018762579e-03,9.031754002e-02,2.009379939e-03,2.125745283e-03,6.177637286e-01,4.587304191e+01,4.147080224e-03,2.667291e-15,2.538515e-17,1.323970e-17,8.782980e-03
1.100000,3.488697286e-03,9.203611720e-03,1.380010802e-01,4.601789619e-03,4.329068746e-03,9.903628809e-01,4.513440780e+01,9.841487500e-03,2.444239e-15,1.056082e-17,2.223223e-17,9.232242e-03
1.150000,6.616985446e-03,1.610167576e-02,1.609279703e-01,8.050750911e-03,7.033279666e-03,1.221490685e+00,4.450372032e+01,1.386315872e-02,3.109142e-15,2.515349e-17,4.601311e-17,8.799430e-03
1.200000,1.017080288e-02,2.360679946e-02,1.692937714e-01,1.180312566e-02,9.906118028e-03,1.368043753e+00,4.393156165e+01,1.622975011e-02,3.331577e-15,2.475022e-17,5.030885e-17,8.647462e-03
1.250000,1.384059255e-02,3.105886363e-02,1.713242199e-01,1.552880763e-02,1.291132930e-02,1.471265397e+00,4.339215477e+01,1.793876450e-02,2.444559e-15,1.076586e-17,3.189545e-17,8.846069e-03
1.300000,1.738262893e-02,3.808542809e-02,1.723731246e-01,1.904156317e-02,1.617742666e-02,1.554587398e+00,4.288553223e+01,1.985056913e-02,2.443437e-15,2.443705e-17,2.400963e-17,8.848969e-03
1.350000,2.060461756e-02,4.451542558e-02,1.747941247e-01,2.225587507e-02,1.985592199e-02,1.627213404e+00,4.242404637e+01,2.239314591e-02,2.677566e-15,1.569071e-17,2.835888e-17,8.842529e-03
1.400000,2.335712148e-02,5.031477075e-02,1.784019545e-01,2.515473180e-02,2.401139843e-02,1.688533915e+00,4.202419780e+01,2.558809097e-02,2.227075e-15,4.393093e-17,1.839952e-17,8.803749e-03
1.450000,2.552962619e-02,5.553252601e-02,1.815823424e-01,2.776269534e-02,2.857962264e-02,1.732942306e+00,4.170174193e+01,2.918657020e-02,2.664907e-15,2.055871e-17,2.142225e-17,8.791990e-03
1.500000,2.704919177e-02,6.025466442e-02,1.824221934e-01,3.012277487e-02,3.338616171e-02,1.753636496e+00,4.146918498e+01,3.281506720e-02,2.667852e-15,2.695894e-17,1.788112e-17,9.148674e-03
1.550000,2.788061048e-02,6.456560938e-02,1.793986947e-01,3.227719757e-02,3.819020645e-02,1.745028238e+00,4.133479426e+01,3.609442065e-02,2.444065e-15,1.215081e-17,1.371419e-17,8.755300e-03
1.600000,2.802744007e-02,6.851998999e-02,1.716376217e-01,3.425329329e-02,4.272736891e-02,1.704082464e+00,4.130235976e+01,3.872106584e-02,1.782395e-15,5.485677e-18,8.967473e-18,8.755781e-03
1.650000,2.753383563e-02,7.212699011e-02,1.589423406e-01,3.605567834e-02,4.674235554e-02,1.631027362e+00,4.137134661e+01,4.051021176e-02,2.002525e-15,1.474515e-17,1.219137e-17,8.895429e-03
1.700000,2.648754851e-02,7.534782325e-02,1.417627096e-01,3.766500034e-02,5.001160080e-02,1.529795398e+00,4.153727259e+01,4.140683265e-02,2.887327e-15,1.492266e-17,1.303581e-17,9.716365e-03
1.750000,2.502475797e-02,7.810440436e-02,1.212148175e-01,3.904227669e-02,5.235820337e-02,1.408406639e+00,4.179218937e+01,4.147196262e-02,2.449319e-15,8.673617e-18,7.888828e-18,8.912308e-03
1.800000,2.333698434e-02,8.029542864e-02,9.928171741e-02,4.013692991e-02,5.366117807e-02,1.279353527e+00,4.212518921e+01,4.085239110e-02,2.888160e-15,8.162538e-18,2.742839e-18,8.733822e-03
1.850000,2.167731519e-02,8.181557279e-02,7.942914458e-02,4.089637785e-02,5.386039650e-02,1.159688825e+00,4.252291079e+01,3.974214276e-02,2.222549e-15,1.923046e-17,3.836299e-18,9.127025e-03
1.900000,2.035405041e-02,8.257427257e-02,6.749410478e-02,4.127540742e-02,5.295819279e-02,1.069584641e+00,4.297004567e+01,3.834356262e-02,2.893324e-15,5.536933e-18,9.055522e-18,8.891289e-03
1.950000,1.968572497e-02,8.251183358e-02,6.932074416e-02,4.124421451e-02,5.101845433e-02,1.027072265e+00,4.344985603e+01,3.683442609e-02,2.445908e-15,5.872430e-18,4.801192e-18,1.258650e-02
2.000000,1.989998348e-02,8.161187472e-02,8.335092060e-02,4.079461381e-02,4.816401033e-02,1.039126369e+00,4.394471881e+01,3.534546724e-02,2.221143e-15,1.334274e-17,7.913933e-18,9.233094e-03
2.050000,2.102997080e-02,7.990996582e-02,1.028764457e-01,3.994435306e-02,4.457319164e-02,1.096727430e+00,4.443671092e+01,3.395034757e-02,2.445355e-15,1.239030e-17,1.119199e-17,9.116436e-03
2.100000,2.291314750e-02,7.749873326e-02,1.229219485e-01,3.873967024e-02,4.047642996e-02,1.180302217e+00,4.490824252e+01,3.266773018e-02,2.222723e-15,1.041060e-17,8.716878e-18,8.628723e-03
2.150000,2.529299949e-02,7.452967633e-02,1.408008649e-01,3.725621401e-02,3.615330758e-02,1.269067820e+00,4.534273306e+01,3.147313884e-02,3.776680e-15,2.478060e-17,1.925856e-17,8.899019e-03
2.200000,2.791969358e-02,7.121142154e-02,1.550721172e-01,3.559818796e-02,3.192843080e-02,1.346279364e+00,4.572530891e+01,3.031692620e-02,2.667546e-15,3.469447e-18,1.734859e-17,8.774341e-03
2.250000,3.059550276e-02,6.780303233e-02,1.649845312e-01,3.389502263e-02,2.815838494e-02,1.400298740e+00,4.604348469e+01,2.914408539e-02,2.886631e-15,2.030442e-17,2.676992e-17,9.823143e-03
2.300000,3.318079135e-02,6.459934433e-02,1.702484748e-01,3.229405625e-02,2.519009404e-02,1.424098575e+00,4.628777416e+01,2.791184685e-02,2.887571e-15,1.788112e-17,3.002438e-17,9.330302e-03
2.350000,3.558567673e-02,6.190400889e-02,1.709356555e-01,3.094706254e-02,2.326651090e-02,1.414606309e+00,4.645216600e+01,2.660190884e-02,2.887128e-15,3.035766e-18,3.297116e-17,8.745861e-03
2.400000,3.775938217e-02,5.998762108e-02,1.674252781e-01,2.998931353e-02,2.240274965e-02,1.372234352e+00,4.653439996e+01,2.522554881e-02,2.887267e-15,9.967587e-18,4.102355e-17,9.061187e-03
2.450000,3.968054989e-02,5.903636418e-02,1.603661590e-01,2.951389563e-02,2.234456518e-02,1.300583367e+00,4.653599496e+01,2.382144951e-02,2.887276e-15,8.299637e-18,3.512547e-17,9.213715e-03
2.500000,4.134875957e-02,5.910929100e-02,1.506427284e-01,2.955034314e-02,2.268018987e-02,1.206256080e+00,4.646201161e+01,2.244752614e-02,1.999249e-15,2.059984e-18,2.223223e-17,8.916329e-03
2.550000,4.277695644e-02,6.012721540e-02,1.393369973e-01,3.005907922e-02,2.300353495e-02,1.098737045e+00,4.632057081e+01,2.116908632e-02,2.222600e-15,3.016674e-17,2.483746e-17,8.513326e-03
2.600000,4.398466469e-02,6.190136469e-02,1.276733214e-01,3.094574108e-02,2.300752757e-02,9.902387607e-01,4.612218723e+01,2.004612023e-02,2.891505e-15,1.414884e-17,2.756860e-17,1.014810e-02
2.650000,4.499212162e-02,6.418590420e-02,1.169190545e-01,3.208744332e-02,2.250142094e-02,8.951114715e-01,4.587899924e+01,1.912237636e-02,2.664761e-15,6.942281e-18,2.078504e-17,8.826311e-03
2.700000,4.581562759e-02,6.672895029e-02,1.082028054e-01,3.335828533e-02,2.139539137e-02,8.277795011e-01,4.560398139e+01,1.841822733e-02,2.888164e-15,2.027895e-17,1.860410e-17,8.768622e-03
2.750000,4.646441725e-02,6.930648482e-02,1.022435672e-01,3.464630728e-02,1.968042832e-02,7.981512705e-01,4.531021155e+01,1.792836045e-02,2.665182e-15,3.451829e-17,9.948700e-18,8.813951e-03
2.800000,4.693922852e-02,7.173761059e-02,9.909944738e-02,3.586111450e-02,1.741322816e-02,8.064012720e-01,4.501024168e+01,1.762427062e-02,2.022143e-15,1.538127e-17,7.489632e-18,8.836321e-03
2.850000,4.723252905e-02,7.388673292e-02,9.814293076e-02,3.693496357e-02,1.470992202e-02,8.425501028e-01,4.471559575e+01,1.746060415e-02,3.108773e-15,1.122445e-17,1.061024e-17,9.026427e-03
2.900000,4.733013157e-02,7.565882962e-02,9.833528720e-02,3.782039273e-02,1.175691646e-02,8.919121411e-01,4.443639807e+01,1.738377188e-02,2.442626e-15,7.870040e-18,5.315909e-18,9.409202e-03
2.950000,4.721376193e-02,7.699207570e-02,9.861173446e-02,3.848653039e-02,8.868148961e-03,9.407994994e-01,4.418112288e+01,1.734099378e-02,2.445143e-15,1.041430e-17,5.818439e-18,8.865211e-03
3.000000,4.686407894e-02,7.785021791e-02,9.815801496e-02,3.891528004e-02,6.664964438e-03,9.614477374e-01,4.393396218e+01,1.728806413e-02,2.222592e-15,3.306817e-18,6.694016e-18,9.169826e-03
3.050000,4.626666661e-02,7.821973278e-02,9.652334993e-02,3.909989687e-02,6.192927133e-03,9.773293645e-01,4.373262862e+01,1.719561279e-02,2.665926e-15,8.294147e-18,7.417084e-18,8.724223e-03
3.100000,4.540563499e-02,7.809263910e-02,9.366381609e-02,3.903639854e-02,7.675398538e-03,9.867977876e-01,4.354716579e+01,1.704847245e-02,2.221403e-15,4.651025e-18,5.858706e-18,9.043028e-03
3.150000,4.427525047e-02,7.747377925e-02,8.988698617e-02,3.872720260e-02,1.005006624e-02,9.862622172e-01,4.338468696e+01,1.684623556e-02,2.243710e-15,2.613585e-17,5.293750e-18,9.332244e-03
3.200000,4.287895504e-02,7.637774503e-02,8.581615787e-02,3.817959081e-02,1.252771549e-02,9.745118556e-01,4.325138990e+01,1.659920496e-02,2.666945e-15,5.746272e-18,9.631719e-18,9.041588e-03
3.250000,4.122881828e-02,7.482684997e-02,8.230865860e-02,3.740469726e-02,1.476001296e-02,9.525710716e-01,4.315226298e+01,1.632311252e-02,2.664918e-15,8.914885e-18,8.445650e-18,9.253915e-03
3.300000,3.934506157e-02,7.285142727e-02,8.027528399e-02,3.641765903e-02,1.658770283e-02,9.233641697e-01,4.309105623e+01,1.603324281e-02,1.776799e-15,3.540298e-18,5.240186e-18,8.742243e-03
3.350000,3.725523339e-02,7.049090488e-02,8.039030343e-02,3.523815566e-02,1.793866936e-02,8.912857379e-01,4.307031067e+01,1.573948823e-02,2.887761e-15,1.961152e-18,8.046504e-18,9.222385e-03
3.400000,3.499310167e-02,6.779509494e-02,8.280560949e-02,3.389105622e-02,1.879471969e-02,8.615534809e-01,4.309140335e+01,1.544314592e-02,2.221767e-15,7.782172e-18,9.107944e-18,9.154357e-03
3.450000,3.259736886e-02,6.482524238e-02,8.707954907e-02,3.240694616e-02,1.917948347e-02,8.392290947e-01,4.315461232e+01,1.513592590e-02,2.221213e-15,2.073322e-17,5.617224e-18,9.082697e-03
3.500000,3.011030063e-02,6.165439173e-02,9.237387411e-02,3.082231350e-02,1.915275439e-02,8.279706159e-01,4.325920445e+01,1.480121039e-02,2.443774e-15,2.404981e-17,1.401434e-17,8.837642e-03
3.550000,2.757634065e-02,5.836662648e-02,9.773842005e-02,2.917917101e-02,1.880629126e-02,8.289123763e-01,4.340354866e+01,1.441720427e-02,2.221140e-15,7.222976e-18,1.008017e-17,9.093558e-03
3.600000,2.504076921e-02,5.505472139e-02,1.023115396e-01,2.752388433e-02,1.825845285e-02,8.402570333e-01,4.358525441e+01,1.396130804e-02,2.894738e-15,8.211534e-18,1.196362e-17,8.893211e-03
3.650000,2.254845162e-02,5.181575504e-02,1.054091878e-01,2.590497931e-02,1.764503506e-02,8.578377591e-01,4.380133241e+01,1.341487016e-02,2.221140e-15,2.475123e-17,6.314489e-18,8.753324e-03
3.700000,2.014270873e-02,4.874434748e-02,1.065474187e-01,2.436976096e-02,1.710332704e-02,8.762915707e-01,4.404837074e+01,1.276744858e-02,1.776438e-15,4.760972e-17,2.723571e-17,8.727653e-03
3.750000,1.786431802e-02,4.592357421e-02,1.054383406e-01,2.295976941e-02,1.674812284e-02,8.902312237e-01,4.432271669e+01,1.201982688e-02,2.887312e-15,1.642566e-17,2.114389e-17,8.833343e-03
3.800000,1.575061028e-02,4.341441980e-02,1.019793057e-01,2.170550519e-02,1.664458984e-02,8.950508786e-01,4.462065253e+01,1.118526000e-02,2.889469e-15,3.043917e-17,1.411963e-17,8.735984e-03
3.850000,1.383455182e-02,4.124581348e-02,9.624310957e-02,2.062144494e-02,1.679065285e-02,8.873404517e-01,4.493855309e+01,1.028872819e-02,2.887323e-15,9.567163e-18,4.848700e-18,9.216987e-03
3.900000,1.214359478e-02,3.940828275e-02,8.847329893e-02,1.970286637e-02,1.712059893e-02,8.650446631e-01,4.527301428e+01,9.364305118e-03,2.221430e-15,3.237370e-17,4.465018e-18,8.725374e-03
3.950000,1.069798654e-02,3.785411303e-02,7.909019204e-02,1.892592648e-02,1.752816924e-02,8.275209920e-01,4.562094395e+01,8.451048520e-03,2.443582e-15,6.227881e-17,7.181970e-18,8.958850e-03
4.000000,9.508303697e-03,3.650505202e-02,6.871889857e-02,1.825151254e-02,1.789541255e-02,7.756398521e-01,4.597960979e+01,7.588051514e-03,2.671910e-15,1.719043e-17,4.672157e-17,8.595916e-03
4.050000,8.572480932e-03,3.526581550e-02,5.825937847e-02,1.763199403e-02,1.811506466e-02,7.121000919e-01,4.634664205e+01,6.809419840e-03,2.887144e-15,7.568489e-18,1.707713e-17,1.240665e-02
4.100000,7.873614204e-03,3.403969527e-02,4.901078289e-02,1.701902594e-02,1.810296506e-02,6.422318816e-01,4.671999114e+01,6.139945124e-03,2.444531e-15,3.033379e-17,4.598705e-17,8.995350e-03
4.150000,7.380603339e-03,3.274257714e-02,4.272344707e-02,1.637055728e-02,1.780281060e-02,5.756516760e-01,4.709783982e+01,5.592128152e-03,2.442533e-15,2.655507e-17,2.928069e-17,8.851542e-03
4.200000,7.052859088e-03,3.131319978e-02,4.101432110e-02,1.565596025e-02,1.718658312e-02,5.285449813e-01,4.747846715e+01,5.164989112e-03,2.221144e-15,3.817022e-17,5.080734e-18,9.082628e-03
4.250000,6.847749699e-03,2.971924397e-02,4.393638146e-02,1.485907514e-02,1.625299811e-02,5.229814265e-01,4.786005466e+01,4.844819301e-03,3.331221e-15,5.012849e-17,1.625616e-17,8.768494e-03
4.300000,6.727580139e-03,2.795994678e-02,4.976411790e-02,1.397951802e-02,1.502528957e-02,5.762168953e-01,4.824041609e+01,4.607723722e-03,2.221754e-15,1.101680e-16,3.137000e-17,8.797764e-03
4.350000,6.663601730e-03,2.606623894e-02,5.649918828e-02,1.303275050e-02,1.354912533e-02,6.878185197e-01,4.861662444e+01,4.423530201e-03,3.109150e-15,3.122632e-17,1.368845e-17,9.120788e-03
4.400000,6.636688237e-03,2.409912155e-02,6.273288759e-02,1.204926919e-02,1.189143126e-02,8.438815387e-01,4.898451329e+01,4.260435797e-03,2.666177e-15,1.216783e-17,1.008949e-17,8.758734e-03
4.450000,6.635765252e-03,2.214628082e-02,6.761670724e-02,1.107291413e-02,1.014136644e-02,1.027769560e+00,4.933806291e+01,4.089663474e-03,2.456048e-15,3.761615e-17,1.276231e-17,8.876942e-03
4.500000,6.655298664e-03,2.031575913e-02,7.067399620e-02,1.015770488e-02,8.415620367e-03,1.223000201e+00,4.966877039e+01,3.889419946e-03,2.668307e-15,1.789768e-18,1.873506e-17,9.089449e-03
4.550000,6.692761765e-03,1.872399319e-02,7.167723868e-02,9.361859837e-03,6.870295216e-03,1.411744616e+00,4.996525976e+01,3.647576280e-03,2.450102e-15,1.499995e-17,1.008716e-17,8.751665e-03
4.600000,6.746575713e-03,1.747502485e-02,7.058372799e-02,8.737401249e-03,5.711251760e-03,1.573799585e+00,5.021356465e+01,3.362715947e-03,3.330875e-15,2.632541e-17,1.792839e-17,8.831373e-03
4.650000,6.814725429e-03,1.663160430e-02,6.750237701e-02,8.315706308e-03,5.147545485e-03,1.687735983e+00,5.039855336e+01,3.043471019e-03,2.665114e-15,8.737797e-18,5.773822e-18,1.335326e-02
4.700000,6.894066803e-03,1.618907420e-02,6.267739435e-02,8.094448707e-03,5.219750394e-03,1.734362156e+00,5.050663004e+01,2.706355034e-03,2.669439e-15,6.122683e-18,4.944723e-18,8.816904e-03
4.750000,6.980219352e-03,1.607006483e-02,5.648539184e-02,8.034945958e-03,5.709195923e-03,1.701382079e+00,5.052908235e+01,2.372541943e-03,2.004610e-15,1.072213e-17,3.259827e-18,8.773124e-03
4.800000,7.067868727e-03,1.614700118e-02,4.945058220e-02,8.073412884e-03,6.325131606e-03,1.587077060e+00,5.046469701e+01,2.064178323e-03,2.220477e-15,9.087270e-18,4.320515e-18,8.749765e-03
4.850000,7.151281990e-03,1.627811276e-02,4.228862167e-02,8.138966521e-03,6.862245577e-03,1.400976177e+00,5.032030037e+01,1.800829285e-03,2.222405e-15,1.541179e-17,2.606599e-18,8.931252e-03
4.900000,7.224853130e-03,1.633704792e-02,3.597769714e-02,8.168433120e-03,7.207535056e-03,1.161158706e+00,5.010895434e+01,1.596572235e-03,3.108730e-15,1.786157e-17,2.160258e-18,8.927322e-03
4.950000,7.283534090e-03,1.622816086e-02,3.175004710e-02,8.113991392e-03,7.309176219e-03,8.899680367e-01,4.984684383e+01,1.458120052e-03,2.664593e-15,3.815933e-17,3.437536e-18,8.878953e-03
5.000000,7.323063338e-03,1.589057436e-02,3.064584425e-02,7.945203586e-03,7.155394874e-03,6.114747039e-01,4.955035953e+01,1.384191372e-03,2.228183e-15,4.783086e-17,5.528368e-19,8.943621e-03
5.050000,7.338104843e-03,1.529439838e-02,3.266521105e-02,7.647124658e-03,6.764091550e-03,6.042248324e-01,4.944643980e+01,1.367359607e-03,2.220483e-15,2.192026e-17,9.620118e-18,8.958702e-03
5.100000,7.325102276e-03,1.444203497e-02,3.656349332e-02,7.220954733e-03,6.181009503e-03,5.933963564e-01,4.932041335e+01,1.391221048e-03,2.669491e-15,5.310447e-18,5.486749e-18,9.374635e-03
5.150000,7.283106203e-03,1.336550878e-02,4.101445418e-02,6.682704651e-03,5.482559512e-03,5.794591192e-01,4.916903130e+01,1.438828728e-03,2.909088e-15,8.874170e-17,8.787390e-18,8.751646e-03
5.200000,7.209501765e-03,1.211963614e-02,4.506930289e-02,6.059780984e-03,4.785325738e-03,5.628759558e-01,4.899122440e+01,1.492583336e-03,2.894504e-15,1.033709e-17,1.273465e-17,8.768315e-03
5.250000,7.101882219e-03,1.078548744e-02,4.813767657e-02,5.392717579e-03,4.257337280e-03,5.439767160e-01,4.878744759e+01,1.536268542e-03,2.886581e-15,1.541894e-17,3.068503e-18,8.904022e-03
5.300000,6.958299952e-03,9.474190642e-03,4.988387633e-02,4.737077605e-03,4.088982258e-03,5.229519544e-01,4.855879795e+01,1.557478000e-03,3.109302e-15,1.356781e-17,4.336809e-18,8.790335e-03
5.350000,6.777217912e-03,8.330110609e-03,5.014625317e-02,4.165043262e-03,4.371913291e-03,4.998981935e-01,4.830690113e+01,1.549013043e-03,2.664931e-15,5.762147e-17,2.235140e-18,8.713297e-03
5.400000,6.557461325e-03,7.520444331e-03,4.889042578e-02,3.760213305e-03,5.013770738e-03,4.748924058e-01,4.803384875e+01,1.509353675e-03,2.886697e-15,4.820203e-17,1.726573e-17,8.749645e-03
5.450000,6.298187418e-03,7.183946982e-03,4.618230975e-02,3.591965767e-03,5.837769447e-03,4.480831922e-01,4.774212410e+01,1.442257028e-03,3.127551e-15,9.426133e-18,9.984083e-18,8.692556e-03
5.500000,5.998869549e-03,7.344041598e-03,4.217178807e-02,3.672012547e-03,6.694457745e-03,4.197842458e-01,4.743451861e+01,1.355625380e-03,3.776651e-15,3.277578e-17,7.130227e-18,8.641077e-03
5.550000,5.659292412e-03,7.881794473e-03,3.708416124e-02,3.940887036e-03,7.483442349e-03,3.905565489e-01,4.711404260e+01,1.259877507e-03,3.112271e-15,1.444782e-17,2.511795e-17,9.042931e-03
5.600000,5.279556955e-03,8.615137187e-03,3.122283226e-02,4.307555272e-03,8.141221141e-03,3.612673723e-01,4.678383309e+01,1.166108740e-03,2.667379e-15,4.912398e-17,1.479857e-17,8.923883e-03
5.650000,4.860096035e-03,9.383514171e-03,2.499863364e-02,4.691739873e-03,8.629623471e-03,3.331111803e-01,4.644706151e+01,1.084328436e-03,1.777910e-15,2.337193e-17,1.948188e-17,8.923143e-03
5.700000,4.401704388e-03,1.007588309e-02,1.903398988e-02,5.037920236e-03,8.929123126e-03,3.075657633e-01,4.610684388e+01,1.022025426e-03,2.667414e-15,1.389145e-17,1.840705e-17,9.581932e-03
5.750000,3.905589535e-03,1.062616098e-02,1.444576159e-02,5.313055492e-03,9.035149933e-03,2.862386151e-01,4.576615621e+01,9.832399577e-04,3.109486e-15,7.612509e-17,8.100059e-18,8.666988e-03
5.800000,3.373455895e-03,1.100281788e-02,1.299645989e-02,5.501381191e-03,8.955823457e-03,2.705592528e-01,4.542775770e+01,9.682297353e-04,2.891190e-15,2.170236e-17,1.870434e-17,8.893824e-03
5.850000,2.807651610e-03,1.120081134e-02,1.522218400e-02,5.600376395e-03,8.710275549e-03,2.613473214e-01,4.509412375e+01,9.737223701e-04,2.665063e-15,2.066891e-17,1.019093e-17,8.694197e-03
5.900000,2.211473601e-03,1.123617391e-02,1.930957848e-02,5.618057399e-03,8.327151136e-03,2.584440210e-01,4.476739085e+01,9.936620305e-04,3.331263e-15,9.526320e-18,8.166002e-18,8.689557e-03
5.950000,1.590046084e-03,1.114201786e-02,2.366017627e-02,5.570980114e-03,7.843044437e-03,2.606697765e-01,4.444931455e+01,1.020295294e-03,3.108668e-15,4.926074e-17,1.524721e-17,9.154699e-03
6.000000,9.544987197e-04,1.096469923e-02,2.751612439e-02,5.482322150e-03,7.300616547e-03,2.661719991e-01,4.414124159e+01,1.045407416e-03,3.335229e-15,2.635629e-17,1.533341e-17,8.728126e-03
6.050000,3.715128580e-04,1.075898028e-02,3.052678563e-02,5.379464197e-03,6.745979579e-03,2.729343237e-01,4.384409640e+01,1.061517325e-03,2.891167e-15,3.694245e-17,2.083152e-17,8.858855e-03
6.100000,5.332118871e-04,1.058122837e-02,3.252590515e-02,5.290589506e-03,6.224697175e-03,2.791804613e-01,4.355838226e+01,1.062864791e-03,3.332496e-15,3.788242e-17,1.297596e-17,8.898264e-03
6.150000,1.180564087e-03,1.048046403e-02,3.345193144e-02,5.240208033e-03,5.775765297e-03,2.835825059e-01,4.328419632e+01,1.046069819e-03,2.665463e-15,1.747614e-17,1.850751e-17,8.862365e-03
6.200000,1.863157346e-03,1.048876872e-02,3.331746265e-02,5.244360323e-03,5.423902174e-03,2.853217501e-01,4.302125791e+01,1.010402898e-03,2.664908e-15,3.311535e-17,2.599041e-17,9.235188e-03
6.250000,2.545102440e-03,1.061440129e-02,3.219562517e-02,5.307175732e-03,5.172744847e-03,2.840745455e-01,4.276894872e+01,9.576663680e-04,2.665733e-15,3.800407e-17,1.550601e-17,8.716257e-03
6.300000,3.213114216e-03,1.084091658e-02,3.021353325e-02,5.420431747e-03,5.003298170e-03,2.799688950e-01,4.252636341e+01,8.917413790e-04,2.891733e-15,6.208961e-17,1.258857e-17,8.705187e-03
6.350000,3.856615411e-03,1.113271753e-02,2.755065976e-02,5.566330018e-03,4.879864759e-03,2.735292621e-01,4.229236872e+01,8.178963061e-04,3.331481e-15,7.806303e-18,1.825312e-17,9.195479e-03
6.400000,4.465620859e-03,1.144412516e-02,2.444349230e-02,5.722031357e-03,4.760516521e-03,2.656091507e-01,4.206566903e+01,7.419754410e-04,2.886580e-15,2.840357e-17,4.571442e-18,8.691147e-03
6.450000,5.030481741e-03,1.172818985e-02,2.119990223e-02,5.864061317e-03,4.606720601e-03,2.573002813e-01,4.184487597e+01,6.695906458e-04,2.664538e-15,3.761889e-17,5.808898e-18,8.799565e-03
6.500000,5.542019834e-03,1.194303867e-02,1.822344119e-02,5.971483846e-03,4.389042053e-03,2.498023781e-01,4.162857980e+01,6.054253802e-04,2.447632e-15,5.385729e-17,1.318624e-17,8.741797e-03
6.550000,5.991776576e-03,1.205545970e-02,1.601892588e-02,6.027693349e-03,4.089092777e-03,2.442443825e-01,4.141541985e+01,5.527331280e-04,3.111758e-15,1.088960e-17,2.683400e-18,8.757697e-03
6.600000,6.372295465e-03,1.204239114e-02,1.507102388e-02,6.021159187e-03,3.699222361e-03,2.414753272e-01,4.120415160e+01,5.130767126e-04,2.444501e-15,2.940863e-17,1.227413e-17,9.856268e-03
6.650000,6.677401487e-03,1.189110782e-02,1.552491383e-02,5.945518884e-03,3.221264197e-03,2.418856220e-01,4.099370791e+01,4.863173774e-04,3.113741e-15,5.342350e-17,5.620248e-18,8.782576e-03
6.700000,6.902455286e-03,1.159868418e-02,1.702622301e-02,5.799309582e-03,2.665172748e-03,2.453397264e-01,4.078325226e+01,4.708272341e-04,2.675716e-15,4.805539e-17,1.245318e-17,8.853705e-03
6.750000,7.044565964e-03,1.117107896e-02,1.901171449e-02,5.585510439e-03,2.048339342e-03,2.512592621e-01,4.057222191e+01,4.638716114e-04,2.664745e-15,6.323130e-18,2.687777e-18,8.738057e-03
6.800000,7.102750564e-03,1.062202891e-02,2.101436450e-02,5.310989486e-03,1.398038674e-03,2.588143918e-01,4.036035952e+01,4.620907293e-04,3.108811e-15,5.687094e-18,2.472956e-18,8.946904e-03
6.850000,7.078031807e-03,9.971849659e-03,2.273011028e-02,4.985904172e-03,7.747519134e-04,2.671351111e-01,4.014773216e+01,4.620048042e-04,3.331238e-15,8.693988e-18,6.840845e-18,8.639849e-03
6.900000,6.973469346e-03,9.246193491e-03,2.398163989e-02,4.623080278e-03,4.911763894e-04,2.754736662e-01,3.993473703e+01,4.604725300e-04,3.775338e-15,1.593086e-17,1.069441e-17,8.688478e-03
6.950000,6.794123188e-03,8.474774912e-03,2.467872537e-02,4.237374776e-03,9.276689273e-04,2.832960110e-01,3.972209417e+01,4.550470600e-04,3.109073e-15,1.581656e-17,5.133171e-18,8.680209e-03
7.000000,6.546951315e-03,7.690022768e-03,2.479280194e-02,3.845001910e-03,1.524010357e-03,2.903118597e-01,3.951082647e+01,4.441946922e-04,2.669597e-15,7.050285e-18,3.253623e-18,8.741298e-03
7.050000,6.240646440e-03,6.925526875e-03,2.434179861e-02,3.462756518e-03,2.096931067e-03,2.964613931e-01,3.930222838e+01,4.273640006e-04,2.887585e-15,8.944017e-18,5.431369e-18,8.776477e-03
7.100000,5.885418932e-03,6.214010404e-03,2.338058070e-02,3.107000204e-03,2.606767419e-03,3.018734574e-01,3.909782470e+01,4.049152702e-04,2.887115e-15,3.535377e-17,8.093163e-18,8.779747e-03
7.150000,5.492733899e-03,5.584437530e-03,2.199438322e-02,2.792215137e-03,3.035001659e-03,3.068053222e-01,3.889932156e+01,3.779380502e-04,3.330740e-15,3.069827e-17,3.686686e-19,1.025531e-02
7.200000,5.075009081e-03,5.057996479e-03,2.029397868e-02,2.528995544e-03,3.370962121e-03,3.115718990e-01,3.870855178e+01,3.479964180e-04,2.891514e-15,5.548010e-18,3.471141e-18,8.824636e-03
7.250000,4.645275500e-03,4.643486961e-03,1.841189054e-02,2.321741395e-03,3.609430459e-03,3.164729684e-01,3.852741684e+01,3.168466274e-04,2.887300e-15,3.084442e-17,1.576992e-18,1.388568e-02
7.300000,4.216792531e-03,4.334081404e-03,1.649865995e-02,2.167039006e-03,3.749974785e-03,3.217286162e-01,3.835782795e+01,2.861698416e-04,2.886883e-15,1.065067e-17,6.555838e-19,8.701898e-03
7.350000,3.802591332e-03,4.108122688e-03,1.471653404e-02,2.054059900e-03,3.796602777e-03,3.274333617e-01,3.820164837e+01,2.573550249e-04,3.552727e-15,7.903884e-18,1.966751e-18,8.704899e-03
7.400000,3.414896448e-03,3.934726258e-03,1.322461109e-02,1.967361861e-03,3.757428862e-03,3.335365928e-01,3.806063906e+01,2.313554440e-04,3.332742e-15,2.814518e-17,1.760003e-18,8.753108e-03
7.450000,3.064356788e-03,3.781625117e-03,1.214753309e-02,1.890811433e-03,3.644278848e-03,3.398510850e-01,3.793640943e+01,2.086287696e-04,2.894947e-15,2.527756e-17,3.540946e-18,8.774027e-03
7.500000,2.759040051e-03,3.621608438e-03,1.153045130e-02,1.810803230e-03,3.472209000e-03,3.460847998e-01,3.783037468e+01,1.891576030e-04,2.889166e-15,3.315746e-17,7.589415e-19,8.689349e-03
7.550000,2.503270011e-03,3.435804333e-03,1.131041526e-02,1.717901323e-03,3.258911264e-03,3.518866582e-01,3.774372088e+01,1.725362473e-04,3.108709e-15,1.848175e-17,2.812729e-18,1.303302e-02
7.600000,2.296639875e-03,3.214253310e-03,1.133895451e-02,1.607125964e-03,3.023928750e-03,3.568959732e-01,3.767737855e+01,1.581019363e-04,3.775682e-15,4.020316e-17,2.653978e-18,8.848256e-03
7.650000,2.133772429e-03,2.954992540e-03,1.144197234e-02,1.477495733e-03,2.787515866e-03,3.607871614e-01,3.763200518e+01,1.450852723e-04,3.553224e-15,1.917713e-17,2.968498e-18,8.695229e-03
7.700000,2.005284764e-03,2.662626308e-03,1.147020125e-02,1.331312762e-03,2.568882630e-03,3.633045419e-01,3.760797681e+01,1.327551714e-04,3.331194e-15,1.619195e-17,4.661168e-18,1.227735e-02
7.750000,1.899817233e-03,2.346915442e-03,1.131975833e-02,1.173457453e-03,2.383621254e-03,3.642850256e-01,3.760538854e+01,1.205376858e-04,3.109924e-15,4.973142e-18,3.824239e-19,1.338891e-02
7.800000,1.806360162e-03,2.021622793e-03,1.093231887e-02,1.010811226e-03,2.240614514e-03,3.636685681e-01,3.762406338e+01,1.080945399e-04,3.553222e-15,2.793772e-17,5.473413e-18,8.680170e-03
7.850000,1.716052997e-03,1.703692998e-03,1.028821544e-02,8.518463978e-04,2.139686762e-03,3.614974047e-01,3.766356880e+01,9.535490223e-05,3.334734e-15,2.343708e-18,3.381953e-18,8.624631e-03
7.900000,1.623095215e-03,1.412648299e-03,9.399356519e-03,7.063240929e-04,2.071727633e-03,3.579056255e-01,3.772324011e+01,8.250154435e-05,2.664538e-15,1.040649e-17,3.574606e-18,9.205861e-03
7.950000,1.524881754e-03,1.169458006e-03,8.304544394e-03,5.847289719e-04,2.021787941e-03,3.531009013e-01,3.780220941e+01,6.991900439e-05,2.666291e-15,2.020011e-17,2.089335e-18,8.672480e-03
8.000000,1.421657858e-03,9.926133719e-04,7.068951889e-03,4.963066684e-04,1.973585893e-03,3.473404000e-01,3.789943911e+01,5.811593310e-05,2.888372e-15,9.035697e-18,9.216715e-20,8.683709e-03
8.050000,1.315940008e-03,8.887024036e-04,5.791479189e-03,4.443511904e-04,1.913302629e-03,3.409032581e-01,3.801375847e+01,4.763601503e-05,2.886585e-15,2.410536e-17,5.765892e-18,1.026709e-02
8.100000,1.211827519e-03,8.429031909e-04,4.627915152e-03,4.214515861e-04,1.831733015e-03,3.340623686e-01,3.814390205e+01,3.897173754e-05,2.664617e-15,1.406780e-17,6.468781e-19,8.938296e-03
8.150000,1.114224251e-03,8.239544606e-04,3.828232353e-03,4.119772225e-04,1.725095276e-03,3.270586008e-01,3.828854844e+01,3.249311302e-05,3.109135e-15,2.501049e-17,1.574750e-18,8.892637e-03
8.200000,1.027939559e-03,8.008386948e-04,3.676828544e-03,4.004193411e-04,1.595212890e-03,3.200806106e-01,3.844635814e+01,2.839985258e-05,3.561876e-15,1.333939e-17,3.361268e-18,9.175671e-03
8.250000,9.566815581e-04,7.535961477e-04,4.184040109e-03,3.767980688e-04,1.449664256e-03,3.132529132e-01,3.861600935e+01,2.670112173e-05,2.887378e-15,6.675362e-18,1.490967e-18,9.009124e-03
8.300000,9.021250703e-04,6.758911428e-04,5.048362498e-03,3.379455694e-04,1.302206042e-03,3.066337301e-01,3.879623028e+01,2.722256423e-05,3.115355e-15,1.886536e-17,1.228965e-18,9.364228e-03
8.350000,8.634400806e-04,5.777930359e-04,5.993165935e-03,2.888965187e-04,1.173126176e-03,3.002224434e-01,3.898582743e+01,2.963650874e-05,2.665669e-15,2.814804e-17,1.098972e-18,8.882497e-03
8.400000,8.376329242e-04,4.970621912e-04,6.863568603e-03,2.485310994e-04,1.087433052e-03,2.939747150e-01,3.918370862e+01,3.350851377e-05,3.116128e-15,3.203129e-17,5.013969e-18,8.929076e-03
8.450000,8.206395119e-04,5.084442761e-04,7.580281927e-03,2.542221414e-04,1.066805812e-03,2.878219824e-01,3.938890053e+01,3.835196534e-05,3.110380e-15,8.629382e-18,4.663584e-18,8.840467e-03
8.500000,8.086636377e-04,6.586039535e-04,8.104458279e-03,3.293019748e-04,1.116568498e-03,2.816915012e-01,3.960056022e+01,4.368244202e-05,2.667409e-15,3.624018e-17,5.623237e-18,8.843267e-03
8.550000,7.992161256e-04,9.118407753e-04,8.421708129e-03,4.559203755e-04,1.221635201e-03,2.755234467e-01,3.981798062e+01,4.906463152e-05,3.332629e-15,2.598992e-17,1.541838e-18,8.704390e-03
8.600000,7.916043936e-04,1.222365860e-03,8.534834403e-03,6.111828942e-04,1.357230583e-03,2.692825587e-01,4.004059003e+01,5.414665423e-05,2.888371e-15,2.858573e-17,5.048640e-18,8.736409e-03
8.650000,7.868764730e-04,1.562642240e-03,8.459990203e-03,7.813210422e-04,1.500404887e-03,2.629630708e-01,4.026794606e+01,5.867913629e-05,2.443280e-15,4.187617e-17,5.571803e-19,8.567832e-03
8.700000,7.873001739e-04,1.915313027e-03,8.224136328e-03,9.576563688e-04,1.634156925e-03,2.565868759e-01,4.049972453e+01,6.251880578e-05,2.892389e-15,5.496325e-18,4.233619e-18,8.767039e-03
8.750000,7.954779287e-04,2.267615201e-03,7.862938333e-03,1.133807359e-03,1.747200172e-03,2.501959085e-01,4.073570406e+01,6.561872016e-05,2.896585e-15,8.212455e-18,7.559252e-18,9.037645e-03
8.800000,8.132975746e-04,2.609334034e-03,7.418647968e-03,1.304666648e-03,1.832802322e-03,2.438404825e-01,4.097574722e+01,6.800872414e-05,2.890795e-15,2.000357e-17,7.882038e-18,8.665721e-03
8.850000,8.410687601e-04,2.932135521e-03,6.937561336e-03,1.466067236e-03,1.887818146e-03,2.375658301e-01,4.121977922e+01,6.977056261e-05,2.671385e-15,2.339533e-17,2.461948e-18,8.774849e-03
8.900000,8.771918599e-04,3.229374773e-03,6.466530558e-03,1.614686686e-03,1.912015612e-03,2.313993063e-01,4.146776511e+01,7.101214309e-05,3.332186e-15,1.976558e-17,1.028190e-17,1.387600e-02
8.950000,9.184422559e-04,3.496054790e-03,6.047979692e-03,1.748026506e-03,1.907583467e-03,2.253405909e-01,4.171968664e+01,7.184479996e-05,3.109223e-15,3.584261e-17,8.473313e-18,8.590672e-03
9.000000,9.606367890e-04,3.728813126e-03,5.713443087e-03,1.864405483e-03,1.878712807e-03,2.193566884e-01,4.197551963e+01,7.236627289e-05,2.442510e-15,3.572701e-17,1.216100e-17,8.966886e-03
9.050000,9.993562779e-04,3.925888151e-03,5.477248052e-03,1.962942816e-03,1.831173507e-03,2.133826639e-01,4.223521285e+01,7.265085039e-05,3.331136e-15,3.199684e-17,8.631086e-18,9.096454e-03
9.100000,1.030523002e-03,4.087046314e-03,5.333652363e-03,2.043521735e-03,1.771822546e-03,2.073279748e-01,4.249866925e+01,7.274661352e-05,3.330678e-15,3.237530e-17,9.089342e-18,8.754100e-03
9.150000,1.050790093e-03,4.213465000e-03,5.260115146e-03,2.106730942e-03,1.707991068e-03,2.010873541e-01,4.276573015e+01,7.267879569e-05,3.114999e-15,2.643272e-17,2.439611e-18,8.602782e-03
9.200000,1.057783089e-03,4.307572029e-03,5.225598559e-03,2.153784350e-03,1.646721821e-03,1.945545941e-01,4.303616299e+01,7.245727843e-05,2.671438e-15,2.211526e-17,7.358571e-18,8.602413e-03
9.250000,1.050250523e-03,4.372846210e-03,5.199709981e-03,2.186421364e-03,1.593896398e-03,1.876375552e-01,4.330965286e+01,7.208604479e-05,2.886581e-15,2.576472e-17,1.231279e-17,8.824538e-03
9.300000,1.028170356e-03,4.413585343e-03,5.159132256e-03,2.206790881e-03,1.553409723e-03,1.802731586e-01,4.358579811e+01,7.157238490e-05,2.442947e-15,3.786691e-17,2.070124e-18,9.010446e-03
9.350000,9.928460479e-04,4.434649565e-03,5.090466106e-03,2.217322966e-03,1.526658836e-03,1.724419278e-01,4.386410997e+01,7.093408930e-05,2.666358e-15,1.143087e-18,1.642523e-17,8.711271e-03
9.400000,9.470141660e-04,4.441189262e-03,4.990331011e-03,2.220592807e-03,1.512592530e-03,1.641826113e-01,4.414401594e+01,7.020345041e-05,3.109331e-15,4.712359e-17,7.507600e-18,8.605702e-03
9.450000,8.949640748e-04,4.438368592e-03,4.863814152e-03,2.219182475e-03,1.508358914e-03,1.556084327e-01,4.442486679e+01,6.942768383e-05,3.553566e-15,1.888569e-17,2.071412e-18,8.802439e-03
9.500000,8.426127209e-04,4.431097767e-03,4.721930982e-03,2.215547072e-03,1.510317556e-03,1.469272352e-01,4.470594662e+01,6.866597966e-05,3.553313e-15,3.025522e-17,2.738973e-18,1.328541e-02
9.550000,7.973441217e-04,4.423789159e-03,4.578419317e-03,2.211892776e-03,1.515060955e-03,1.384677202e-01,4.498648535e+01,6.798399652e-05,2.889401e-15,1.733826e-17,2.769629e-18,1.351384e-02
9.600000,7.672289801e-04,4.420153495e-03,4.446133798e-03,2.210074949e-03,1.520172959e-03,1.307114313e-01,4.526567323e+01,6.744690971e-05,2.668086e-15,5.268289e-17,2.111306e-18,1.056997e-02
9.650000,7.592595470e-04,4.423051169e-03,4.333563174e-03,2.211523783e-03,1.524616531e-03,1.243219237e-01,4.554267654e+01,6.711222894e-05,2.666843e-15,1.152624e-17,1.919473e-17,8.785889e-03
9.700000,7.770038760e-04,4.434409508e-03,4.242323624e-03,2.217202938e-03,1.528762713e-03,1.201454209e-01,4.581665376e+01,6.702348929e-05,3.109443e-15,9.742189e-18,1.007182e-17,1.309068e-02
9.750000,8.192529918e-04,4.455209874e-03,4.166470829e-03,2.227603096e-03,1.534119193e-03,1.191383884e-01,4.608677161e+01,6.720563759e-05,2.886606e-15,1.523826e-17,3.978407e-18,8.967537e-03
9.800000,8.808665937e-04,4.485539589e-03,4.093880295e-03,2.242767915e-03,1.542829207e-03,1.221922876e-01,4.635222017e+01,6.766256700e-05,2.887119e-15,1.561639e-17,3.314544e-18,1.193465e-02
9.850000,9.549830223e-04,4.524695978e-03,4.009092502e-03,2.262346060e-03,1.557031639e-03,1.299134039e-01,4.661222645e+01,6.837686911e-05,2.221373e-15,1.641563e-17,6.726455e-18,9.023846e-03
9.900000,1.034928737e-03,4.571325084e-03,3.896560610e-03,2.285660552e-03,1.578210611e-03,1.425063869e-01,4.686606559e+01,6.931153543e-05,2.666837e-15,3.241917e-17,1.029026e-17,8.768830e-03
9.950000,1.115163663e-03,4.623576857e-03,3.743433191e-03,2.311786370e-03,1.606690249e-03,1.598465001e-01,4.711306929e+01,7.041312423e-05,3.111447e-15,3.156120e-17,1.829006e-17,8.716031e-03
