scenario,condition,law,scale,law_tag,aborted,steps,E_tau_impulse,E_tau1,E_tau2,E_nongrav,W_pos,W_neg,W_net,tau_peak,tau_rms,tau_slew_rms,E_qddot,sat_frac,qdd_sat_frac,gov_frac,p_rms,a_rms_deg,p_rms_ss,a_rms_ss_deg,IAE_p,IAE_a_deg,IAE_p_ss,IAE_a_ss_deg,p_peak,a_peak_deg,p_end,a_end_deg,settle_s
circle,none,C2,0.003,chandra20,0.0,10000.0,577.302094181763,586.3050014795649,19541.054517934826,3.0069632735507614,1.1229377133632295,0.8630821378097017,0.2598555755535299,42.50981757084418,44.20526497820687,1.4080236675842053,1.523616558121268,0.0,0.0,0.0,0.094497554500603,3.9065687991632894,0.09473551704868972,3.704943061214699,0.9317054956904184,38.993129944181405,0.23378848027423388,9.252910340924398,0.11722656737399198,4.4590621252513145,0.06896552851583579,3.4780168198308874,nan
circle,none,C2,0.003931429989764612,chandra20,0.0,10000.0,577.4861905253215,586.3559194616327,19559.609879452604,2.7702292325510554,1.0157368822600796,0.8304571773827611,0.1852797048773182,42.485801126235245,44.2262477262684,1.3831598730906016,1.428688891119557,0.0,0.0,0.0,0.09384486194687931,3.8959351237068067,0.09362767040353337,3.67148296789933,0.9252520280499508,38.888425761395325,0.23098601787658168,9.169998159531104,0.11614730201271845,4.454344830753658,0.06786005225519495,3.448724907562189,nan
circle,none,C2,0.005152047254806855,chandra20,0.0,10000.0,577.6829942324383,586.3791322024574,19580.068921544895,2.5061583441856916,0.8888055855537209,0.7887417518402052,0.10006383371351425,42.45481323508403,44.24937165830143,1.3534018371771537,1.3310074517066575,0.0,0.0,0.0,0.093000149060653,3.876212821744223,0.09218793973426885,3.620218298573595,0.9168972184570807,38.68831765311999,0.22735069964837024,9.04266666234781,0.11473527478413405,4.448320096402989,0.06647679040329336,3.401393144593675,nan
circle,none,C2,0.006751637695410694,chandra20,0.0,10000.0,577.8814563334824,586.3587539892292,19601.624685788775,2.2374588743567876,0.7434363274624899,0.7378563876004646,0.005579939862027667,42.41504190319801,44.27372209989665,1.3190267889903624,1.247354509082715,0.0,0.0,0.0,0.09191519843417534,3.8430259093793984,0.09033467604120232,3.5441573860638877,0.9061568562186936,38.34454644627565,0.22268140576064743,8.85342408073344,0.1129006100504188,4.440715067538225,0.06477363791842876,3.3285029388487044,nan
circle,none,C2,0.008847863638587607,chandra20,0.0,10000.0,578.0666391860028,586.2959853004712,19623.06080418508,2.0142494978470324,0.58973767442413,0.6853629792441956,-0.09562530482007298,42.36439710146978,44.2979241095845,1.2815429341632234,1.2107048153461013,0.0,0.0,0.0,0.09053675713844574,3.7912237075753743,0.08798333930641344,3.435513795323394,0.8924888506249881,37.79790242113019,0.21677271303761733,8.582782710787175,0.11116877602968751,4.431295332888646,0.06272280839428293,3.2215796415545235,nan
circle,none,C2,0.01159491881803038,chandra20,0.0,10000.0,578.220005026615,586.2611335803256,19642.665290075132,1.9348951825943164,0.4698721336270489,0.6695091607166052,-0.19963702708956133,42.30068438778845,44.320046581738985,1.2449019282401792,1.2812855514448374,0.0,0.0,0.0,0.08881226019835492,3.7156081077657706,0.08506442725857356,3.28722535210678,0.8753459258720685,36.98369783053512,0.20946121085861227,8.21304607743429,0.11045208173032012,4.419996902266905,0.060329105471581115,3.0726693374241068,nan
circle,none,C2,0.015194870523363555,chandra20,0.0,10000.0,578.3164099861177,586.3258426051444,19657.76773658088,2.1789874156444866,0.4739392315363618,0.7746043023116849,-0.3006650707753251,42.22211284207945,44.33708124874808,1.2177183193856136,1.563055561625424,0.0,0.0,0.0,0.0867032567133298,3.6124931967546967,0.0815654500555624,3.096360990933945,0.8543069632098607,35.84549045338494,0.20073098713805337,7.736789719477824,0.1095278812990504,4.4072374349437045,0.05765538123602111,2.8774805786446005,nan
circle,none,C2,0.01991252322204725,chandra20,0.0,10000.0,578.30759049602,586.6700841800999,19662.88998466509,3.0538050005221153,0.6245505072941571,1.014387629407157,-0.3898371221129997,42.12868008143231,44.34285735568366,1.216796571844865,2.224200272221063,0.0,0.0,0.0,0.08422055424420574,3.483607832389732,0.07764516877434073,2.873292212551381,0.8294322743615437,34.376499033716726,0.1909912724775582,7.179680849856972,0.10833627334290605,4.394639016291139,0.054843374794389936,2.6432226531381735,nan
circle,none,C2,0.02609489698901358,chandra20,0.0,10000.0,578.0500890810507,587.2158868848703,19642.257484291673,5.0305979350603565,0.9344090580944151,1.3879830576403958,-0.4535739995459768,42.06661564510273,44.31958651013305,1.271238962388256,3.4999964994860124,0.0,0.0,0.0,0.08156346161827914,3.352417631809679,0.07409636815216042,2.6799649273993844,0.80265882718773,32.824116616068835,0.18217143315666676,6.695823852042043,0.1067954920012335,4.386735827809758,0.05207298825465348,2.418984194437634,nan
circle,none,C2,0.03419675353414207,chandra20,0.0,10000.0,576.8326836385024,587.1916412783949,19520.9260892662,8.50129579371108,1.4568448811601513,1.9416694497221654,-0.4848245685620066,42.46386432428142,44.182492108601345,1.4308880690539025,5.448825612035318,0.0,0.0,0.0,0.08050442063181008,3.4316986432659253,0.07633420244575118,2.961561533339186,0.7907689826133222,33.78969128795754,0.18712694799285703,7.394635151838559,0.10477653572839489,4.394880824376297,0.04945055069274948,2.5527628395916664,nan
circle,none,C2,0.04481404746557166,chandra20,0.0,10000.0,573.3296880240092,585.302747819032,19170.466252591374,13.337282705921114,2.6114189069190012,3.120848308625757,-0.5094294017067361,42.92453099005918,43.78409100642764,1.8609957876001912,7.808508472399864,0.0,0.0,0.0,0.08370365800421968,3.986344092538258,0.0877009040337683,4.1696717661696505,0.8155228386754363,39.718596181176665,0.21342482645650654,10.385130989772435,0.11064749845970773,4.528113282756088,0.04759468797912647,3.2509177093873682,nan
circle,none,C2,0.05872776338962771,chandra20,0.0,10000.0,575.0008281232697,588.2538495295657,19273.44405298894,19.856338911859712,4.753042761073334,4.388777761001652,0.36426500007169016,43.46646115093461,43.901530785371186,2.731651683512012,11.304740445037169,0.0,0.0,0.0,0.07169666237897711,3.4276525048957236,0.05077820296811396,1.639604597558189,0.6895929939961769,32.4323416576225,0.12467530486765203,3.7407701949942633,0.10476018780829437,4.517553542907619,0.05364202638692834,1.0205495485488538,nan
circle,none,C2,0.07696136340726083,chandra20,0.0,10000.0,577.7108917057295,591.9516544126187,19496.017817783784,25.448290877361238,7.004376710771787,5.30451042499646,1.6998662857753133,45.1164369039968,44.15429516794916,3.76393178170076,15.000887038855778,0.0,0.0,0.0,0.062454703644911846,3.2909648907435627,0.05255188327370814,2.83218960282844,0.6048366173804958,32.438957235315925,0.12849364172403557,6.963860932682347,0.08965317451453952,4.335644395617271,0.04804040105447229,2.0049470309149005,nan
circle,none,C2,0.10085607071749257,chandra20,0.0,10000.0,579.324990794919,594.4325135000122,19650.28178188263,29.27420323520513,8.636861451188583,5.954953295946601,2.681908155241994,46.08723888891351,44.328638352517245,4.4837049345363855,18.61975014867206,0.0,0.0,0.0,0.051165131689395314,3.020944629385694,0.046974605123670195,2.939666788331854,0.49810218217743135,29.81175025063839,0.11581540164259194,7.228038028660544,0.07744024961582245,4.068298449618631,0.05311292517935954,3.738320337048241,nan
circle,none,C2,0.13216952702285686,chandra20,0.0,10000.0,580.0063271364583,596.0461732208662,19752.878043200755,32.31669568282706,9.667049699310375,6.290658744657112,3.3763909546532824,46.605939634529946,44.444210020204835,5.0309259774927355,22.32433576763369,0.0,0.0,0.0,0.04260458448232403,2.800767223785938,0.04246119230940298,2.828969723524174,0.40405354435268487,26.94992232047515,0.10129813016902224,6.817871039737618,0.07744024961582245,4.043213563625559,0.049807000750830416,3.8488179299391096,nan
circle,none,C2,0.17320508075688776,chandra20,0.0,10000.0,580.1325048307422,596.9821486191697,19810.479203473165,34.935275509501935,10.447809403333885,6.534075411948444,3.913733991385428,46.958190583847255,44.50896449421528,5.541056235569805,26.10207996479186,0.0,0.0,0.0,0.037026201766032864,2.5911713248494737,0.03973807210685538,2.757498154042194,0.35064025170865215,25.017148939443818,0.09437058435244748,6.608711700184033,0.07744024961582245,4.043213563625559,0.041171797209327614,3.3522130397242336,nan
circle,none,C2,0.22698121628907655,chandra20,0.0,10000.0,580.0516458679722,597.5088439818247,19842.076810920764,37.169125547370314,11.085353853799262,6.730074081455542,4.355279772343757,47.24767519249023,44.54444613071394,6.106689674052084,29.26154514191855,0.0,0.0,0.0,0.03087992878288153,2.2184310157937146,0.03316887377242182,2.3808058328752977,0.2904757827837776,21.522529204937758,0.08053543203607258,5.819084882382251,0.07744024961582245,4.043213563625559,0.030197822465568996,2.5000195476009184,nan
circle,none,C2,0.297453586944041,chandra20,0.0,10000.0,579.9068174397875,597.914726173344,19859.69908263173,39.0608265621388,11.583355679508484,6.885770090644781,4.697585588863786,47.49879280914773,44.56422228944619,6.857209582317838,32.00263659975579,0.0,0.0,0.0,0.025482278565177385,1.8464816439152891,0.02628514947105883,1.9648204998381378,0.23522711157082316,17.90481019010562,0.06486010525993814,4.875444159444822,0.07744024961582245,4.043213563625559,0.022095528724175986,1.8387425498963585,nan
circle,none,C2,0.3898059840916192,chandra20,0.0,10000.0,579.7573534261396,598.2618039954504,19870.06824705216,40.75443067490767,11.970130580068073,7.014350360828747,4.955780219239326,47.70529364401296,44.575854727702264,8.04267403784302,34.562836280170224,0.0,0.0,0.0,0.021180874306579188,1.5267357449247538,0.02041698723769852,1.5843436592509872,0.18899416986557205,14.68815052826744,0.050725635044612645,3.944462610951572,0.07744024961582245,4.043213563625559,0.01618400354337257,1.3383451561162802,nan
circle,none,C2,0.5108316453491656,chandra20,0.0,10000.0,579.6322097745107,598.555852695055,19877.377522006474,42.44253394299269,12.27545654479084,7.1249217147010295,5.150534830089804,47.86457346958258,44.584052666852166,10.055104219307337,37.182143083862364,0.0,0.0,0.0,0.017912331120649033,1.266010652500476,0.015710018221515167,1.2503069227447687,0.15189315093103126,11.965766322157767,0.03907850614504711,3.103550835309367,0.07744024961582245,4.043213563625559,0.011778874149066972,0.9624365191071234,nan
circle,none,C2,0.6694329500821696,chandra20,0.0,10000.0,579.544624129301,598.8045972565043,19883.095197415612,44.26948996839937,12.51702269421251,7.219155323505403,5.2978673707071335,47.98251363039703,44.59046444859664,13.425718597150611,40.019963706843384,0.0,0.0,0.0,0.015483451892899482,1.057761622911309,0.012081565708052203,0.9705197130171209,0.12263758080522376,9.698298140963681,0.03001535034609582,2.398593161238832,0.07744024961582245,4.043213563625559,0.008473575147488394,0.6937624903903848,nan
circle,none,C2,0.8772762586965456,chandra20,0.0,10000.0,579.4976331440985,599.0173838395569,19888.020170110136,46.37129251189453,12.708077067189917,7.298495339586936,5.409581727602932,48.19612722042156,44.59598655721177,18.863495271196097,43.24211692266619,0.0,0.0,0.0,0.013710716870773153,0.8956455263446511,0.0093237676602486,0.7451418266325798,0.09981384906225721,7.8407351742829965,0.023113049377239108,1.8345480241937424,0.07744024961582245,4.043213563625559,0.006000427410399273,0.5139478065829011,nan
circle,none,C2,1.149650064249365,chandra20,0.0,10000.0,579.4851477829988,599.2060266253184,19892.71549337598,48.90144252961565,12.859039672671505,7.364785675815551,5.494253996856005,48.372208251540464,44.601250535580256,27.367105501250364,47.04819376923762,0.0,0.0,0.0,0.012436609074373444,0.7734861655010898,0.007213978731982906,0.5682582857871918,0.08208429063225021,6.346013742170897,0.017838105110132802,1.395416417756304,0.07744024961582245,4.043213563625559,0.004189467034182875,0.39840949114526175,nan
circle,none,C2,1.506589580108255,chandra20,0.0,10000.0,579.4955301353042,599.4266042141554,19897.547165912285,52.047586159447505,12.978005334829907,7.4198523203174895,5.558153014512459,50.58991720263721,44.60666672809378,40.41797384160706,51.69322856586687,0.0,0.0,0.0,0.011534371435884457,0.6847031443610444,0.005582885427148073,0.4318793191080758,0.0683320812095501,5.1628800926552865,0.013770112426467846,1.0591454093997064,0.07744024961582245,4.043213563625559,0.0029138888243012643,0.32099395748853654,nan
circle,none,C2,1.9743504858348218,chandra20,0.0,10000.0,579.5177491567129,599.6581092214733,19902.585144251945,55.761920466317726,13.07156044287458,7.465514919788039,5.606045523086548,52.094301227310055,44.612313484341904,53.161308797303796,57.10626548691626,0.0,0.0003,0.0,0.010911162542018933,0.6227124601477574,0.004314518846670125,0.3278720752589374,0.057705709756460055,4.23949611130867,0.010616709877194508,0.8038148529725136,0.07744024961582245,4.043213563625559,0.002048029091477069,0.26243742513978296,nan
circle,none,C2,2.587340236772446,chandra20,0.0,10000.0,579.5448538785024,599.8464700759205,19906.764854556088,58.79195964734155,13.145126174253761,7.503143760581953,5.641982413671796,52.20098230948257,44.616997718981594,61.585219112592114,61.50247741613551,0.0,0.0008,0.0,0.010512620556666769,0.5820473668685683,0.003327501155360327,0.2489606769159922,0.04958959192513596,3.5290994860537457,0.00817101346843114,0.610485354919459,0.07744024961582245,4.043213563625559,0.0014671392973979913,0.21350767760883094,nan
circle,none,C2,3.3906490001906198,chandra20,0.0,10000.0,579.5711918381186,599.9944669242751,19910.087066635177,61.13092259932937,13.20260529692434,7.533600599086829,5.669004697837542,52.285539876497985,44.620720597761725,70.56411276471101,64.87290741069468,0.0,0.0012,0.0,0.010264504926835751,0.556284981074252,0.0025610508133710815,0.18917536687099198,0.04341131562849945,2.985716217847253,0.006277936485020509,0.4640824094133768,0.07744024961582245,4.043213563625559,0.001071032936122959,0.1715615061862565,nan
circle,none,C2,4.443366388038265,chandra20,0.0,10000.0,579.5944550433795,600.1107739806273,19912.71244675419,62.94409173407807,13.247302280715378,7.557945391699486,5.689356889015887,52.354190291280034,44.623662385279616,81.09499805573415,67.46584502721609,0.0,0.0015,0.0,0.010111577126304594,0.5403025094323319,0.001967710499639213,0.1438633582650578,0.03872017698290028,2.571383291689142,0.004816574076004825,0.35308711448617436,0.07744024961582245,4.043213563625559,0.0007933452081491778,0.13615942708132825,nan
circle,none,C2,5.82292795781523,chandra20,0.0,10000.0,579.614023049729,600.2012216314562,19914.776548385846,64.3509987762526,13.281927076016382,7.577216283067155,5.704710792949244,52.41918926566686,44.625975113588105,93.6730312350518,69.46241754997875,0.0,0.0017,0.0,0.01001778147268132,0.5305161858178649,0.0015097724097231657,0.1094852843688004,0.03517017031730995,2.256120079691851,0.0036913745986368787,0.2688249881952394,0.07744024961582245,4.043213563625559,0.0005936906772890225,0.10698316362088627,nan
circle,none,C2,7.630811200531196,chandra20,0.0,10000.0,579.6300037476975,600.2713974118906,19916.388025020864,65.43786581704012,13.308652957326593,7.5923385511356365,5.716314406191012,52.492526615421596,44.62778061367254,107.8373121194947,70.99333760363987,0.0,0.0019,0.0,0.009960303086393693,0.524564344423973,0.0011572550675188532,0.08337328188946631,0.032491914058820334,2.0165767856219925,0.002826874126560486,0.2047826932678114,0.07744024961582245,4.043213563625559,0.0004474312752645028,0.08342327052111095,nan
circle,none,C2,10.0,chandra20,0.0,10000.0,579.6428039841084,600.3250743266088,19917.638441550414,66.27368997992397,13.329233293148384,7.604134614211684,5.725098678936664,52.56142818277527,44.6291815313147,123.32777986145874,72.1620894995161,0.0,0.002,0.0,0.009924966085845543,0.5209501026614111,0.0008864564120334646,0.06351982494717769,0.03047231685375833,1.834725981104586,0.0021637982642523854,0.15606230062741588,0.07744024961582245,4.043213563625559,0.00033890732872331403,0.06468753574982891,nan
circle,none,C2abl,0.003,ctc-abl,0.0,10000.0,577.3405153602906,586.3265023332505,19542.198858335272,3.067505152358908,1.0694956771728603,0.8198884089927991,0.24960726818005932,42.49429968842723,44.206559307794215,1.4123169829056124,1.6640232916631965,0.0,0.0,0.0,0.09467802423304517,3.9398128100059346,0.09502510003019218,3.754485924509544,0.9333370538753012,39.33553698761108,0.23446131314025584,9.376883362778797,0.11757411930342089,4.443300166280416,0.0688950487504989,3.520293216797253,nan
circle,none,C2abl,0.003931429989764612,ctc-abl,0.0,10000.0,577.4916374006316,586.3347663922774,19557.782905862336,2.8345476882733815,0.9666264771484083,0.786309746149235,0.18031673099917095,42.470361469820276,44.22418219239598,1.3880550756257242,1.5696143835676486,0.0,0.0,0.0,0.09399990172983994,3.924532073415185,0.09386885612418742,3.714830675898721,0.9266270978101775,39.18326872024571,0.2315337214409753,9.278463853162465,0.11646502855327553,4.438333945039559,0.06774000171539817,3.484639454408432,nan
circle,none,C2abl,0.005152047254806855,ctc-abl,0.0,10000.0,577.6499870596589,586.3087743265814,19574.78685650463,2.5758584764607364,0.8451056481718425,0.7443135506220605,0.10079209754978087,42.439460942296776,44.24340273589344,1.3589951879566309,1.4727859594461525,0.0,0.0,0.0,0.09312490439310772,3.8994618509086716,0.09237274199180993,3.6564424428496896,0.9179639295760518,38.928364658677005,0.22775189036060278,9.133307437367323,0.11501969472791011,4.431896881732199,0.06629590746167562,3.430168400209943,nan
circle,none,C2abl,0.006751637695410694,ctc-abl,0.0,10000.0,577.8040447174036,586.2329266416642,19592.383407641097,2.3147610062760315,0.7074504277521743,0.6952893266571655,0.012161101095007782,42.3997776619062,44.26328434226396,1.325405602106374,1.3903662950743256,0.0,0.0,0.0,0.0920045702260291,3.8602505669682445,0.09045559532410202,3.5723603915750735,0.9068592339316942,38.5226818188681,0.22291561862803702,8.924002995331149,0.11314925990000528,4.423613860060826,0.06452006692297287,3.349520604324941,nan
circle,none,C2abl,0.008847863638587607,ctc-abl,0.0,10000.0,577.9378150294757,586.108418766603,19609.306328136554,2.1019922470907297,0.5681300608689579,0.6514462935418293,-0.08331623267286707,42.34919220123426,44.282396421305556,1.2887741767882388,1.3551317838441208,0.0,0.0,0.0,0.09058561657336078,3.801753382055374,0.08803439430275359,3.454815297347015,0.892768931649578,37.906808258252205,0.21682314961392324,8.631110671510921,0.11118223487941159,4.413084386307534,0.062385762783944435,3.2344267356265233,nan
circle,none,C2abl,0.01159491881803038,ctc-abl,0.0,10000.0,578.0303327621332,586.0012060339407,19623.708205850035,2.036112639149549,0.4733382755965581,0.655329893252843,-0.18199161765628508,42.28541940117208,44.29865483945312,1.2530084042012128,1.4264205514565753,0.0,0.0,0.0,0.08881578808237697,3.718691341725901,0.08504289377988368,3.2966970311220654,0.8751478993586767,37.01475234785667,0.20931953298705044,8.236820764387188,0.1104364583034834,4.399975353560561,0.05990195036129537,3.0771527809899912,nan
circle,none,C2abl,0.015194870523363555,ctc-abl,0.0,10000.0,578.0513853047707,585.990302654363,19632.604441092244,2.2954116625472296,0.4995589657576046,0.7778128070977945,-0.2782538413401912,42.206467913374915,44.30869490415199,1.2266109763028714,1.7057232537077769,0.0,0.0,0.0,0.08665756993249293,3.6071245156864156,0.0814747600626831,3.094931474089208,0.8535858401308256,35.78661110431126,0.20040543469122213,7.733359487751362,0.10947498842191597,4.384258594961622,0.05714038729209669,2.8736297263083177,nan
circle,none,C2abl,0.01991252322204725,ctc-abl,0.0,10000.0,577.9421950657556,586.237349426619,19629.823346474783,3.1820940440815955,0.6603772861278239,1.0236046747647567,-0.36322738863693615,42.11183345333722,44.305556475993825,1.226121416846322,2.3557673666501615,0.0,0.0,0.0,0.08412332855231505,3.468125800181636,0.07749744959564255,2.859468019224001,0.8281655817103937,34.20708548906169,0.1905144200599047,7.1453446035565715,0.10823520442783975,4.366784349620193,0.05425680011854098,2.631123598011696,nan
circle,none,C2abl,0.02609489698901358,ctc-abl,0.0,10000.0,577.5321867752726,586.6432505756568,19597.778862818304,5.155308548179337,0.9819277078597178,1.4045876751070379,-0.4226599672473196,42.049856101605556,44.269378652538485,1.2802708569902268,3.602840279629002,0.0,0.0,0.0,0.08140774212322884,3.3223156372238978,0.07389166574846562,2.6489912345811226,0.8007953705355548,32.48776353222605,0.181551711906979,6.618742347093688,0.10663093972753766,4.350648537995088,0.05144397779189704,2.396532472322823,nan
circle,none,C2abl,0.03419675353414207,ctc-abl,0.0,10000.0,575.9825118266598,586.2774849478586,19453.26761630896,8.595969569815486,1.5516299622963132,1.99783692741249,-0.4462069651161791,42.43059588288968,44.10585858625695,1.440702029423906,5.503502051404815,0.0,0.0,0.0,0.08019952905785489,3.3607362465655632,0.07588602145698473,2.8846836605031454,0.7874918842515058,32.99005719836939,0.18592557681671576,7.203570143299716,0.10452453003871816,4.344320052690294,0.048744047396034364,2.5019964345837247,nan
circle,none,C2abl,0.04481404746557166,ctc-abl,0.0,10000.0,571.9135969302201,583.8279039916177,19062.216352130163,13.261844416115245,2.708939586236525,3.2378164483690064,-0.528876862132487,42.869635630984575,43.660298157628475,1.876995415271503,7.681597939911966,0.0,0.0,0.0,0.08429835047150588,3.981975188984627,0.08987861440811298,4.311360181948157,0.8201732692746116,39.64013891023284,0.21856362391389283,10.743340385325533,0.11242598418435101,4.659520330568345,0.04727409851287502,3.403021474203399,nan
circle,none,C2abl,0.05872776338962771,ctc-abl,0.0,10000.0,573.439189776571,586.7216430460383,19141.71902533842,19.67373732864184,4.78336555174968,4.502169809305294,0.2811957424444069,43.38735985861159,43.75125029680686,2.7059753538442077,11.071499859048004,0.0,0.0,0.0,0.07310339311200116,3.481733052484083,0.05566183961965083,2.059462526243984,0.704549173450364,33.443976944938164,0.13616911722228087,4.758153416356907,0.10752443495681432,4.405078621440424,0.051930754122862105,1.0186697782401362,nan
circle,none,C2abl,0.07696136340726083,ctc-abl,0.0,10000.0,576.3201802064115,590.5619289375517,19376.740237399703,25.285915000682827,6.935988948435468,5.256116574692558,1.6798723737429169,44.87456021004711,44.019018886612756,3.736705397753101,14.832620254840597,0.0,0.0,0.0,0.06260942001873569,3.268226130009098,0.05114807531341896,2.6953904957453325,0.6048403428583765,32.21083239394178,0.12458905765542275,6.653015562178249,0.09163766450133855,4.266458908781775,0.04800401161883953,1.9502548946189437,nan
circle,none,C2abl,0.10085607071749257,ctc-abl,0.0,10000.0,578.1231690620806,593.2557856162516,19534.30000945344,29.14356666326953,8.52032381663657,5.858766442222337,2.661557374414218,45.797281992146154,44.19762438124185,4.474084187033913,18.45736043880746,0.0,0.0,0.0,0.05157239504262777,3.037127070241011,0.04708772621878183,2.9333597430326113,0.5017182378534935,30.015858821763647,0.11604052991142118,7.227713208178313,0.07744024961582245,4.043213563625559,0.051583476217898445,3.640751260269639,nan
circle,none,C2abl,0.13216952702285686,ctc-abl,0.0,10000.0,579.0584063064714,595.1221702436034,19656.72711077575,32.327846903813345,9.619588432040743,6.205522720564235,3.4140657114765145,46.428328811079226,44.33590769430096,5.075219768022224,22.33211892164244,0.0,0.0,0.0,0.04264917531583744,2.802470475129393,0.04233414068362525,2.837238069008353,0.4048291839271582,26.97782327990122,0.10125651136361072,6.8394819392453154,0.07744024961582245,4.043213563625559,0.04976450263732146,3.9008432290089052,nan
circle,none,C2abl,0.17320508075688776,ctc-abl,0.0,10000.0,579.4782195303881,596.3428405826016,19742.86763387395,35.03959314895058,10.457701262096435,6.4940877525360765,3.9636135095603757,46.92200352702656,44.432946823133335,5.618710062684303,26.212274596090225,0.0,0.0,0.0,0.037002062434457285,2.5936074733337087,0.03937098999107358,2.7649956370231052,0.350953822839787,25.037791375327373,0.09371432637167539,6.627464220224771,0.07744024961582245,4.043213563625559,0.04055624576888309,3.3720327194763886,nan
circle,none,C2abl,0.22698121628907655,ctc-abl,0.0,10000.0,579.6633308450072,597.1377424872569,19801.262978910647,37.30627036773383,11.106829797418337,6.718168380562357,4.388661416855978,47.270277938124366,44.49861006695675,6.221885617697728,29.42029933549065,0.0,0.0,0.0,0.030796831058507515,2.218544099250336,0.03275332506845505,2.3803444957973734,0.29011235985595885,21.51763435355325,0.07959538639855811,5.815929381341547,0.07744024961582245,4.043213563625559,0.029517788623797423,2.5030184613152393,nan
circle,none,C2abl,0.297453586944041,ctc-abl,0.0,10000.0,579.6946216625003,597.717292668994,19837.06998974363,39.24512401443957,11.609478229821976,6.890014874506443,4.719463355315526,47.52968018371248,44.53882574759199,7.053134025503866,32.241387460335496,0.0,0.0,0.0,0.025392130002280605,1.8453551914679858,0.025962101685091176,1.9637347775275458,0.23461854179153546,17.88943981910036,0.06408404293363489,4.871096069026869,0.07744024961582245,4.043213563625559,0.02156433852408564,1.8404295000453519,nan
circle,none,C2abl,0.3898059840916192,ctc-abl,0.0,10000.0,579.6480546181806,598.1668993962589,19858.16699746555,41.02615562457787,12.00229485502976,7.030582420273344,4.971712434756415,47.73762384277474,44.56250329308885,8.388728613638877,34.935734724004455,0.0,0.0,0.0,0.021115041480721308,1.5259439033158397,0.020188291926055178,1.5841162939539861,0.18846939064363244,14.677481588385351,0.050175263760422695,3.943531360185565,0.07744024961582245,4.043213563625559,0.015777901292003956,1.339347030118395,nan
circle,none,C2abl,0.5108316453491656,ctc-abl,0.0,10000.0,579.5790775893513,598.5180291175766,19871.44470911728,42.843827942392814,12.31470369261697,7.150474224013885,5.164229468603104,47.896669257382456,44.57739865572831,10.640585997329422,37.745775173284855,0.0,0.0,0.0,0.017872795585680612,1.265700859417719,0.015550167218262863,1.2507355154310433,0.15153250893465728,11.960855861599041,0.03870057327011719,3.1045504750466546,0.07744024961582245,4.043213563625559,0.011468853768970137,0.9628022539829527,nan
circle,none,C2abl,0.6694329500821696,ctc-abl,0.0,10000.0,579.5200936809167,598.7958718026922,19880.48267578123,44.845279524565655,12.561756265810367,7.251023937046413,5.310732328763894,48.01237487731739,44.5875348901251,14.356208547416701,40.83538707154469,0.0,0.0,0.0,0.015463008820633317,1.0577463675752001,0.011966890860383578,0.9710566866990582,0.12241790382062434,9.696834370228993,0.029750587619323754,2.399825155230478,0.07744024961582245,4.043213563625559,0.008237982994399977,0.6937461235499556,nan
circle,none,C2abl,0.8772762586965456,ctc-abl,0.0,10000.0,579.4849882748549,599.0207948950136,19887.15356401746,47.17306552597608,12.755364428408567,7.333629294178718,5.421735134229898,48.19432821997414,44.59501492769955,20.275135077098287,44.38497232374349,0.0,0.0,0.0,0.013702927942963659,0.8957782328017778,0.009239863384479047,0.7455571299345335,0.0996963739628406,7.840929568215321,0.022923590342933387,1.8354640117956882,0.07744024961582245,4.043213563625559,0.005823373485611245,0.5138778965939572,nan
circle,none,C2abl,1.149650064249365,ctc-abl,0.0,10000.0,579.4749622669364,599.223515907292,19892.700470863492,49.996968770232534,12.906724817569708,7.40112488746817,5.505599930101519,49.84940778252254,44.60123369466756,29.456678395520715,48.620517231373945,0.0,0.0,0.0,0.012436949132726458,0.7736781583966065,0.007152200037527785,0.5685337840193239,0.08203669799899888,6.346863958334437,0.017700854051266746,1.3960052880641487,0.07744024961582245,4.043213563625559,0.004058716001294403,0.3984863870973086,nan
circle,none,C2abl,1.506589580108255,ctc-abl,0.0,10000.0,579.483287650359,599.462292942354,19897.96226929562,53.529291639576535,13.025073023542937,7.456395793760362,5.568677229782575,52.59299028809771,44.607132018653274,43.482247393272864,53.83211299103791,0.0,0.0,0.0,0.011539416954064647,0.6848937039161686,0.005537354212277958,0.43205175292325215,0.06832866511174009,5.163826996344244,0.013669933840415097,1.0595066886319777,0.07744024961582245,4.043213563625559,0.002819193781336687,0.32120007901634734,nan
circle,none,C2abl,1.9743504858348218,ctc-abl,0.0,10000.0,579.502195681849,599.6953922349273,19902.985247094624,57.39410591584812,13.117808362651099,7.501934067466247,5.615874295184853,53.58512569645365,44.6127619040725,53.617827992087406,59.4783035618095,0.0,0.0005,0.0,0.010925450326014871,0.6232068418198509,0.004280939862187153,0.3279777744769688,0.05774641581839133,4.2412881829492,0.010543190387021686,0.804034095915603,0.07744024961582245,4.043213563625559,0.001980253197139856,0.2626592151073487,nan
circle,none,C2abl,2.587340236772446,ctc-abl,0.0,10000.0,579.5255410577461,599.8794230162904,19906.917284217216,60.418960595211026,13.19048513908943,7.539184390720799,5.651300748368613,53.65257792648761,44.61716853882283,61.99827564175066,63.87756430297437,0.0,0.001,0.0,0.010534717479079258,0.5828694734940189,0.003302671910546153,0.2490239477047716,0.0496623061428362,3.5316559255125886,0.00811676526764357,0.610615689830568,0.07744024961582245,4.043213563625559,0.0014185398652585546,0.21367659511744375,nan
circle,none,C2abl,3.3906490001906198,ctc-abl,0.0,10000.0,579.548198449295,600.0237509637541,19909.979624206608,62.76687341881543,13.247135085510422,7.569204489455343,5.677930596055075,53.68114952722979,44.6206002023803,72.08310213475282,67.26779921171173,0.0,0.0014,0.0,0.010290560886841818,0.5572992220490259,0.0025426150959748273,0.18921213317083488,0.04350135506459951,2.9886249796187645,0.006237684322115592,0.4641575028139042,0.07744024961582245,4.043213563625559,0.001035806984773145,0.17167056002172645,nan
circle,none,C2abl,4.443366388038265,ctc-abl,0.0,10000.0,579.568201925625,600.136009098945,19912.3667854114,64.59456503735979,13.291139467483443,7.593161331202873,5.6979781362805495,53.70786732920254,44.623275076367264,84.51088908292004,69.88624900335513,0.0,0.0017,0.0,0.010139547791339975,0.5414284431849983,0.0019539548668433245,0.14388390321452887,0.038819807482872386,2.5744568795873577,0.004786541816962276,0.3531285074871324,0.07744024961582245,4.043213563625559,0.0007674923603276981,0.13622416545344998,nan
circle,none,C2abl,5.82292795781523,ctc-abl,0.0,10000.0,579.5850211100668,600.2232021534388,19914.206037364696,65.99589887656965,13.325180116611838,7.612076640370564,5.713103476241299,53.73478341811564,44.62533589494279,96.37876019261059,71.87842748407196,0.0,0.0019,0.0,0.010046759822218608,0.5317140087655752,0.0014994578270811675,0.10949618943256241,0.035275775139287174,2.2592950362687203,0.003668852606924121,0.26884645371798666,0.07744024961582245,4.043213563625559,0.0005745168206383974,0.10701975630283904,nan
circle,none,C2abl,7.630811200531196,ctc-abl,0.0,10000.0,579.5987509396516,600.290277345011,19915.634141648916,67.08254310090156,13.351403434729242,7.626873854656274,5.724529580072965,53.76023868020408,44.62693597105779,110.46746954803184,73.41143660799533,0.0,0.002,0.0,0.009989659247376098,0.5258010144330592,0.0011494842357841028,0.08337863968573322,0.032601794617024386,2.019800394205745,0.002809906472703399,0.20479278497667913,0.07744024961582245,4.043213563625559,0.0004330997500409244,0.0834431682637422,nan
circle,none,C2abl,10.0,ctc-abl,0.0,10000.0,579.6097442073354,600.3440072649304,19916.770305906768,67.95348902492798,13.371735906793893,7.638574441102756,5.73316146569116,53.78368619073872,44.6282089108523,132.53831210502688,74.63085779116102,0.0,0.0022,0.0,0.00995427929046169,0.5222007780463446,0.0008805762008927038,0.06352210337566166,0.03058563646857671,1.8379572058690041,0.0021509623769699238,0.1560661601160545,0.07744024961582245,4.043213563625559,0.0003281367406881795,0.06469789160336294,nan
circle,none,C3,0.003,hinf-vel,0.0,10000.0,595.1312031314432,636.5715612992603,24410.491879767855,236.82607648688887,12.874048109636732,23.687649753419667,-10.813601643783034,84.55074433758148,49.40697509438101,3760.108108885152,514.4281817593245,0.0,0.0049,0.0485,0.4359012480355337,28.818372981400977,0.4993629909514151,33.401313906548936,3.9908094022664296,262.69423442147274,1.248401617581169,83.50313638992588,0.541383887239751,35.467982857403534,0.5021431487990808,33.45513824002746,nan
circle,none,C3,0.003931429989764612,hinf-vel,0.0,10000.0,594.0450356499374,635.856369745613,24356.59799292009,224.73755551973792,12.288170646235518,23.4871255567056,-11.198954910470196,84.5252444868807,49.3524041895834,3666.64454912138,523.0714558023099,0.0,0.0047,0.0505,0.43465999870263006,28.777139119934066,0.49484703342538006,33.15444777596452,3.979062036174493,262.2941896938752,1.2371039881639863,82.88572895585648,0.5429248743826477,35.608581503082895,0.5074757790353637,33.89499257411239,nan
circle,none,C3,0.005152047254806855,hinf-vel,0.0,10000.0,592.8508520856817,635.0353831770093,24284.93394781594,202.67143244913748,11.423777253504532,23.068460631676146,-11.644683378171525,84.49263448485452,49.279746293803036,3549.45243871801,529.4398548849737,0.0,0.0043,0.0532,0.432638311024548,28.68363177546908,0.48918544268889236,32.83307227991014,3.958283862525896,261.3026441238726,1.2228964583165394,82.07923545276059,0.5442502561226177,35.74862007306215,0.5134964099080941,34.38827656744162,nan
circle,none,C3,0.006751637695410694,hinf-vel,0.0,10000.0,591.8434401885925,634.569374321369,24210.953683537704,170.2141011120388,10.114454542051885,22.304430193689804,-12.189975651637901,84.39728946530103,49.20462750955209,3628.753409560928,527.1811882087345,0.0,0.0034,0.0568,0.4297616466054407,28.49747310872396,0.4827137925870174,32.423597424658546,3.925880872537794,259.22627690540736,1.2065568762165853,81.04536984329671,0.5452940363830584,35.81677086010612,0.519884312694779,34.87618575301615,nan
circle,none,C3,0.008847863638587607,hinf-vel,0.0,10000.0,587.6747038243933,606.1499452078436,20695.892253511858,62.37289081790444,16.18336432776209,9.49962316703675,6.683741160725322,60.47605027526452,45.492738160624995,1199.5407980694085,101.70978847594057,0.0,0.0,0.0073,0.04996147550237479,3.639789719713658,0.03888474533138335,4.148425603002785,0.4791289295670991,35.156895152771284,0.09680451135258732,10.357278510568863,0.0784421198953387,4.635291746804366,0.038054164076016875,3.8051349299464605,nan
circle,none,C3,0.01159491881803038,hinf-vel,0.0,10000.0,586.6079292337043,605.0190889253695,20600.659040640552,52.569507546134055,15.512793430873634,9.115454550454942,6.397338880418699,54.7597569208523,45.38794888584474,1059.088830927012,83.67221756460337,0.0,0.0,0.0061,0.04453945541094986,3.1439680713564577,0.02934712572021161,3.53116543613089,0.4107475025384905,29.62022811577507,0.07208518664867708,8.790295974761014,0.07831016150443536,4.043213563625559,0.0341623057424953,3.41601236801408,nan
circle,none,C3,0.015194870523363555,hinf-vel,0.0,10000.0,585.6201968879454,604.00449561157,20509.797845263376,48.473450098602534,14.937367408596423,8.80310913251937,6.1342582760770155,52.880164966924276,45.287744308215856,935.0683473050057,72.40086720718939,0.0,0.0,0.0051,0.04330211178388055,2.910158853775954,0.02600989735673126,3.1689517522135,0.39182393179181146,27.170470405303195,0.06178238375500657,7.845824176298038,0.07813956232189909,4.043213563625559,0.03491843769607768,3.2526321751837615,nan
circle,none,C3,0.01991252322204725,hinf-vel,0.0,10000.0,584.5914426038619,602.9477727830188,20413.703030219272,45.684420908204395,14.403089786497942,8.526513369423432,5.876576417074564,51.84061043919219,45.18152612541908,805.9419591570252,62.53590050619222,0.0,0.0,0.0041,0.044236904166052866,2.8298913738987306,0.026228593766669975,2.940294553239202,0.4031761727327928,26.68446971696703,0.06078182912412634,7.2260444501091206,0.07791720432319338,4.043213563625559,0.03723328290347968,3.1917677387097596,nan
circle,none,C3,0.02609489698901358,hinf-vel,0.0,10000.0,583.4894333951509,601.8101052003458,20310.58737556325,43.406434808724256,13.895491532186671,8.274413922668426,5.621077609518279,51.12169212447459,45.067269027048056,631.4905905996534,52.76987086507955,0.0,0.0,0.003,0.04643068582197785,2.8609698490574678,0.028053297714828833,2.792881728387906,0.43191165882191,27.3326810240153,0.06530426400228094,6.813360014132491,0.07762331945990969,4.043213563625559,0.03957210324507705,3.168174222293748,nan
circle,none,C3,0.03419675353414207,hinf-vel,0.0,10000.0,582.3227117868653,600.5753646926555,20201.964364118863,41.34709978183415,13.413394429695483,8.041994582983463,5.371399846712035,50.55752075492282,44.946595381762634,417.5432378982219,42.36951561439566,0.0,0.0,0.0017,0.04912850880854563,2.962443808655179,0.029876214759087753,2.678207753273092,0.4649271551850898,28.535042364644827,0.07034083501229921,6.497825337095841,0.07744024961582245,4.043213563625559,0.04098137184680855,3.1263779087315084,nan
circle,none,C3,0.04481404746557166,hinf-vel,0.0,10000.0,581.1512616189505,599.3022661449004,20093.81564286772,39.33151737280009,12.96353231178764,7.825978450138939,5.137553861648749,50.08365308463944,44.826125912092515,6.6625037452246145,30.406683634794614,0.0,0.0,0.0,0.05134203400490225,3.0720563755255132,0.03052160069651188,2.543414116812473,0.489281031558086,29.60511247550536,0.07216386848034367,6.145052229479497,0.07744024961582245,4.043213563625559,0.04083456221723071,3.01771763982846,nan
circle,none,C3,0.05872776338962771,hinf-vel,0.0,10000.0,580.598748616691,598.7713558453221,20022.92604888189,38.81277761124296,12.529771447492115,7.599016208365683,4.930755239126456,49.70471842807589,44.74698431054532,6.516222395236579,29.932589027268474,0.0,0.0,0.0,0.04723120861690552,2.8591554381228894,0.02755117205824391,2.2944851944530926,0.44340357520751367,27.317237909115597,0.06287940080723331,5.506895155021757,0.07744024961582245,4.043213563625559,0.03750507290716861,2.734579953844196,nan
circle,none,C3,0.07696136340726083,hinf-vel,0.0,10000.0,580.106899324371,598.3166692395163,19961.717264674757,38.45239509537061,12.16744755389691,7.398380328009557,4.769067225887316,49.35678656385811,44.678537649160766,6.435020440312338,29.65703149148814,0.0,0.0,0.0,0.04323190385427814,2.646609175905053,0.02621231368022759,2.098677639783161,0.40017330423313535,25.116867875670604,0.05839239918935231,5.0221649512907245,0.07744024961582245,4.043213563625559,0.035234599947028336,2.495986498925732,nan
circle,none,C3,0.10085607071749257,hinf-vel,0.0,10000.0,579.7182640160516,597.9825338331742,19914.030116006794,38.262791045235524,11.895492207640173,7.2343504598071995,4.661141747832972,49.036375986721936,44.62513878522597,6.4310329718753545,29.602204569381787,0.0,0.0,0.0,0.03941582462986631,2.4398443770480625,0.026039177339574785,1.9620473176855668,0.36104634383821144,23.08622189132176,0.0587821303050063,4.710960660934829,0.07744024961582245,4.043213563625559,0.033589239819780674,2.3075993759091324,nan
circle,none,C3,0.13216952702285686,hinf-vel,0.0,10000.0,579.4602062299352,597.7985634577452,19882.24004636675,38.26250849329973,11.731671453770659,7.121025281940595,4.610646171830071,48.74678863538025,44.58950554375632,6.538865238848634,29.78679574082942,0.0,0.0,0.0,0.03575325093196096,2.2385944499658033,0.02605510888634355,1.8631848991451148,0.3236689059107027,21.168334879122312,0.06029552813191101,4.5044563792818995,0.07744024961582245,4.043213563625559,0.031835481266919353,2.1489994185265484,nan
circle,none,C3,0.17320508075688776,hinf-vel,0.0,10000.0,579.3234030424551,597.7627567462189,19865.757071539956,38.479443495664235,11.684912699577504,7.067845029303849,4.6170676702736735,48.496226851981284,44.57101869100588,6.818265620902274,30.24606319093573,0.0,0.0,0.0,0.032196421404764884,2.039306461144999,0.025424529353231654,1.767144741309502,0.2865710870044779,19.261852348738955,0.060004070208535196,4.303268395818652,0.07744024961582245,4.043213563625559,0.02929797520068924,1.9790715054417123,nan
circle,none,C3,0.22698121628907655,hinf-vel,0.0,10000.0,579.2686642859803,597.8311813078928,19861.208964550246,38.93158004751581,11.746276193400705,7.06929091580052,4.676985277600195,48.294721687420434,44.56591630893529,7.361161874809682,31.022702092639395,0.0,0.0,0.0,0.02869968127559503,1.8375099203057255,0.02378573879116597,1.647479342519342,0.2497746853853437,17.305003862042902,0.05700958873220498,4.042845406352034,0.07744024961582245,4.043213563625559,0.02566297249818025,1.7588816809811532,nan
circle,none,C3,0.297453586944041,hinf-vel,0.0,10000.0,579.2498386335977,597.954545839007,19864.103290925093,39.62502558717455,11.889433586834276,7.1059080580286205,4.783525528805627,48.153358594462915,44.56916343272004,8.311020362697878,32.16152688642473,0.0,0.0,0.0,0.025262265130143728,1.6322358504391026,0.02120849520631203,1.4948780429217392,0.21382710837120028,15.292397624976465,0.05152043189539904,3.6995721792601937,0.07744024961582245,4.043213563625559,0.021149039450360438,1.4798172514632808,nan
circle,none,C3,0.3898059840916192,hinf-vel,0.0,10000.0,579.233711681112,598.1006799436485,19870.52699081952,40.5907547099442,12.081056778747827,7.156138846639423,4.924917932108357,48.08164254619714,44.576369290039224,9.870830330038743,33.74085914560761,0.0,0.0,0.0,0.021963426110256076,1.428195595170658,0.018041494382196047,1.3134846920817647,0.179734770775199,13.263744381531081,0.04430553314312155,3.272248208055852,0.07744024961582245,4.043213563625559,0.016403361381165243,1.1721745481141734,nan
circle,none,C3,0.5108316453491656,hinf-vel,0.0,10000.0,579.2058918081401,598.2569238607142,19877.627089028505,41.918460780704365,12.292681389244471,7.207396746769792,5.085284642474694,48.0809725232786,44.58433254970686,12.303190383467033,35.90781152174818,0.0,0.0,0.0,0.01892580861159256,1.2329252484794735,0.014749434591142037,1.114943720180862,0.14892644099997399,11.28196772499665,0.03647033129397537,2.781226489928394,0.07744024961582245,4.043213563625559,0.012105381091238022,0.8844858319370624,nan
circle,none,C3,0.6694329500821696,hinf-vel,0.0,10000.0,579.1705777929873,598.4276590072769,19883.83481803742,43.790103784793345,12.50673751773858,7.259215259197969,5.247522258540594,48.14053523157889,44.59129378930086,15.947333355964975,38.91473381672502,0.0,0.0,0.0,0.01624586170238184,1.0529546858375427,0.011734733562226492,0.9142312017746466,0.12230100750099981,9.411282503789684,0.029099108878760625,2.271267142963583,0.07744024961582245,4.043213563625559,0.00861132847823558,0.654141768038506,nan
circle,none,C3,0.8772762586965456,hinf-vel,0.0,10000.0,579.1435838782398,598.6209723319316,19888.84563959561,46.513900395137355,12.71507523025659,7.31837797180432,5.396697258452268,48.23906060622858,44.59691204511318,21.2603663115202,43.171801910861596,0.0,0.0,0.0,0.013956883524668269,0.892501218306925,0.009207502910827812,0.7263182018377675,0.09938526937679518,7.706332979655234,0.022829891124414747,1.7933696876103848,0.07744024961582245,4.043213563625559,0.005935046816742499,0.49276415754462544,nan
circle,none,C3,1.149650064249365,hinf-vel,0.0,10000.0,579.1389697441712,598.841008663299,19893.187018590328,50.57099453303236,12.916261484034665,7.393247327318015,5.5230141567165685,49.84704741035882,44.60177913333764,28.886144389591728,49.336319040599236,0.0,0.0,0.0,0.012040663902676463,0.7538888394665896,0.007186814399430475,0.5628262322849863,0.08000511429642966,6.207787273968817,0.0177826363551776,1.3831230224012452,0.07744024961582245,4.043213563625559,0.003953894727460181,0.39004355222526477,nan
circle,none,C3,1.506589580108255,hinf-vel,0.0,10000.0,579.159970553199,599.1583935115273,19897.95896110809,56.695130682645434,13.115103748377525,7.492081136877075,5.623022611500434,52.58989707546056,44.60712831051567,39.753858744237526,58.44040454309676,0.0,0.0,0.0,0.010458421163303599,0.6379497315967197,0.005595775769681302,0.42938667314642337,0.06389503818240892,4.937502025284513,0.013799330642916196,1.0531953168120398,0.07744024961582245,4.043213563625559,0.002566753993859529,0.3266669112312599,nan
circle,none,C3,1.9743504858348218,hinf-vel,0.0,10000.0,579.2000618147991,599.5544932331986,19903.986515537003,65.05860334321584,13.321016137887806,7.622529910986076,5.698486226901772,53.55341997558975,44.61388406711189,46.57121613114453,70.73446937764787,0.0,0.0007,0.0,0.009192958170761613,0.5450886897794733,0.004344820632872467,0.3254441386018001,0.0507834789235467,3.89861089430421,0.010671158064625581,0.7985692520791136,0.07744024961582245,4.043213563625559,0.0017045620548794352,0.28404806892328227,nan
circle,none,C3,2.587340236772446,hinf-vel,0.0,10000.0,579.2497376723194,600.0705981494327,19910.48187437352,74.06412455555868,13.541244846662904,7.787070192984502,5.754174653678417,53.55341997558974,44.621162999605374,52.26356204919981,83.91794945695372,0.0,0.0017,0.0,0.008256703984271196,0.47567206997156175,0.003362079138408433,0.24660544522114328,0.040429460610273804,3.0769306608912492,0.008224520341870108,0.6059890477015142,0.07744024961582245,4.043213563625559,0.001250884078694064,0.2482219261251539,nan
circle,none,C3,3.3906490001906198,hinf-vel,0.0,10000.0,579.3008730148061,600.6412135028928,19917.54336264183,83.4584761863602,13.775190652143904,7.9805795270622175,5.794611125081693,53.55341997558975,44.629075010178994,59.29860230481885,97.5880217466783,0.0,0.0026,0.0,0.0075970531488032495,0.42621132196569417,0.0025930681872585433,0.18737852196548965,0.032408808050597336,2.4387716852550714,0.006322399278004319,0.4610859026524945,0.07744024961582245,4.043213563625559,0.0010131278510800011,0.21210599281176332,nan
circle,none,C3,4.443366388038265,hinf-vel,0.0,10000.0,579.3493844945873,601.2074665090435,19925.116620447836,93.04171074797958,14.01546946639793,8.191996187503973,5.823473278893927,53.553419975589755,44.63755887192739,67.79598978902354,111.38814823198716,0.0,0.0034,0.0,0.00714999881010448,0.3923518980465218,0.0019944687573334088,0.14280787915088422,0.026276954704974945,1.948083968567567,0.004851078485352538,0.35169464690863184,0.07744024961582245,4.043213563625559,0.0008401270305115242,0.17520727165169556,nan
circle,none,C3,5.82292795781523,hinf-vel,0.0,10000.0,579.3920319581736,601.7353215033439,19933.03370483424,102.61230866219324,14.25155184717004,8.407890015780314,5.8436618313897535,53.553419975589755,44.64642617817717,78.42233847211295,124.9345680644184,0.0,0.0041,0.0,0.006855654627676806,0.36992229451901626,0.0015307564514755985,0.10905130889829794,0.021627762992176197,1.5728808558721945,0.0037166539761963177,0.2686324026200823,0.07744024961582245,4.043213563625559,0.0006827962199272719,0.14026759045571888,nan
circle,none,C3,7.630811200531196,hinf-vel,0.0,10000.0,579.4267339522875,602.205273713248,19941.077321437388,111.96797201737358,14.472903233614586,8.615428168915304,5.857475064699269,53.55341997558974,44.65543340002131,91.7671316771204,137.84581171165155,0.0,0.0047,0.0,0.00666571264422606,0.3554410394213897,0.0011729255932755814,0.08333659557191303,0.018120244978236583,1.2869922762812138,0.002844039988890956,0.20527834034158599,0.07744024961582245,4.043213563625559,0.0005414650332635384,0.1098299952158566,nan
circle,none,C3,10.0,hinf-vel,0.0,10000.0,579.4532572931502,602.6160200468066,19949.032060023652,120.92595869668342,14.672776559696846,8.806061566151898,5.866714993544879,53.55341997558973,44.664339310039786,108.79411599461086,149.79534808238753,0.0,0.0052,0.0,0.006544773276798985,0.3462668288887215,0.000897637422640339,0.0636863851948881,0.015481324687915719,1.0697042318911445,0.0021742024204446367,0.15685081296511874,0.07744024961582245,4.043213563625559,0.00042227871412520645,0.08488253699342074,nan
