anchor,law,scale,target,value,rel_error,match_1pct
E_nongrav,C1,1.0,38.433054293733285,38.433054293733285,0.0,1
E_nongrav,C2,0.27063682967704533,38.433054293733285,38.43301996444009,-8.9322313368001e-07,1
E_nongrav,C2abl,0.2644573118264191,38.433054293733285,38.43308022818408,6.747954663932632e-07,1
E_nongrav,C3,0.07845907193334745,38.433054293733285,38.43305412005263,-4.51904380582846e-09,1
tau_slew_rms,C1,1.0,5.947908790262638,5.947908790262638,0.0,1
tau_slew_rms,C2,0.21151100199754821,5.947908790262638,5.947908788611867,-2.775381036101976e-10,1
tau_slew_rms,C2abl,0.20224352731300319,5.947908790262638,5.947908790231675,-5.205835762467359e-12,1
tau_slew_rms,C3,0.07911362358785547,5.947908790262638,6.430694728754314,0.0811690218387422,0
tau_peak,C1,1.0,49.39196772103654,49.39196772103654,0.0,1
tau_peak,C2,1.3181367158089812,49.39196772103654,49.39194759628616,-4.0744986107288383e-07,1
tau_peak,C2abl,1.0901365493101547,49.39196772103654,49.391962665974965,-1.0234582281665183e-07,1
tau_peak,C3,0.07481000413684835,49.39196772103654,49.391966220387964,-3.038244167363757e-08,1
IAE_p,C1,1.0,0.3159840405992152,0.3159840405992152,0.0,1
IAE_p,C2,0.20236320496013643,0.3159840405992152,0.3159840400328641,-1.7923407202857788e-09,1
IAE_p,C2abl,0.2022631019595885,0.3159840405992152,0.31598404018018544,-1.3261105547002217e-09,1
IAE_p,C3,0.1397720443951046,0.3159840405992152,0.3159840405952181,-1.2649659097974109e-11,1
IAE_a_deg,C1,1.0,36.17617303725747,36.17617303725747,0.0,1
IAE_a_deg,C2,0.037815045196281524,36.17617303725747,36.17617314495932,2.9771487497498583e-09,1
IAE_a_deg,C2abl,0.03889667916648417,36.17617303725747,36.176197413479066,6.738197977362859e-07,1
IAE_a_deg,C3,0.00861765423247934,36.17617303725747,36.1738767502682,-6.34751217853946e-05,1
