scenario,condition,law,scale,law_tag,aborted,steps,E_tau_impulse,E_tau1,E_tau2,E_nongrav,W_pos,W_neg,W_net,tau_peak,tau_rms,tau_slew_rms,E_qddot,sat_frac,qdd_sat_frac,gov_frac,p_rms,a_rms_deg,p_rms_ss,a_rms_ss_deg,IAE_p,IAE_a_deg,IAE_p_ss,IAE_a_ss_deg,p_peak,a_peak_deg,p_end,a_end_deg,settle_s,anchor,anchor_target,anchor_rel_error,anchor_match_1pct
circle,none,C1,1.0,tndq(5.2),0,10000,590.6680770110586,607.9716341977895,20593.109965655432,38.433054293733285,10.830806306556898,6.9765082124944655,3.8542980940624467,49.39196772103654,45.379631957140674,5.947908790262638,27.125151532597116,0.0,0.0,0.0,0.034065910060748265,3.690855853482093,0.03458058594804656,3.3896780939605735,0.3159840405992152,36.17617303725747,0.08311499093675304,8.085544651188677,0.07744024961582245,4.984375564520053,0.033460962034269785,4.984375564520053,nan,E_nongrav,38.433054293733285,0.0,1
circle,noise,C1,1.0,tndq(5.2),0,10000,590.6716728901666,607.976676137888,20593.45733212039,38.46403363945978,10.837754426684647,6.980424548752104,3.8573298779325045,49.471808038275526,45.380014689420705,69.03414888994672,27.133902440674465,0.0,0.0,0.0,0.034066201339327994,3.6911137839953874,0.03457345947575424,3.388995952633832,0.315979181887334,36.17929718350027,0.08309953900799918,8.084277789510487,0.07749662984318531,4.986985598122055,0.03340564049223584,4.980208299839889,nan,E_nongrav,38.433054293733285,0.0008060599475057106,1
circle,mismatch,C1,1.0,tndq(5.2),0,10000,381.226163165918,401.12508281667874,8296.344782924363,36.17795651509747,17.58713569364135,1.1041023175215048,16.483033376119845,45.308679280383224,28.80337616135366,6.462762268081264,49.930637615594485,0.0,0.0,0.0,0.0746108446088834,24.88871208738372,0.08740023035569097,31.546526945913048,0.7292431325736686,232.68030541647258,0.21824773554024926,78.84794085871516,0.09289232940226502,32.23834484485447,0.07892261495655911,29.901679150075886,nan,E_nongrav,38.433054293733285,-0.058675997005096736,0
circle,friction2,C1,1.0,tndq(5.2),0,10000,600.2999998885826,627.1678594245535,21528.2309913993,118.85100286138916,12.797754393467336,7.126492210119855,5.671262183347456,50.51015443061956,46.398524751762636,6.713871207464145,75.23051500654526,0.0,0.0,0.0,0.0464948568318071,4.898248813838828,0.04259627345864939,3.3732681981599257,0.4367884058563481,46.514509344416915,0.10342910146668012,7.745349530156186,0.07744024961582245,7.172315190458358,0.04888014767449547,3.4559157343369495,nan,E_nongrav,38.433054293733285,2.0924162819078487,0
circle,contact,C1,1.0,tndq(5.2),0,10000,561.035332421113,578.9522212377723,18307.839802177718,61.0262755714071,13.391164678759425,7.081387721865187,6.309776956894241,49.39196772103654,42.78766154182502,13.09327671704946,78.11609592387852,0.0,0.0,0.0,0.067057044850673,10.116532386908432,0.02771325752526232,8.285403162063796,0.47800123745633316,85.96389362420226,0.06840085462806053,20.574425800498293,0.25748194791948725,19.67641418405288,0.020842403845782533,6.903556039521493,nan,E_nongrav,38.433054293733285,0.587859114839014,0
line,none,C1,1.0,tndq(5.2),0,10000,-351.3151801624521,385.0154711243208,6554.497963498712,24.160585570316673,1.2177739161007086,3.7651117068201225,-2.547337790719404,38.22721389162162,25.60175377488564,11.69121805014599,28.193613250670747,0.0,0.0,0.0,0.025406839473941897,5.453722012358572,0.00528415805502378,3.886967363636068,0.1664008134274576,51.81067639765011,0.013209900555844515,9.689757677066988,0.11520555046337619,12.499229957258414,0.005142286765783612,3.3948142102634966,nan,E_nongrav,38.433054293733285,-0.37135921111905523,0
circle,none,C2,0.27063682967704533,chandra20,0,10000,579.9600192547923,597.7799382238396,19854.690588344944,38.43301996444009,11.423865044686927,6.835239003361956,4.588626041324957,47.41558812130952,44.55860252335675,6.561517846115965,31.08034678963152,0.0,0.0,0.0,0.027249638318889692,1.9719131028028147,0.028595409624708502,2.106934319391847,0.2536047829283946,19.13799059556018,0.07024718301229324,5.20776288813286,0.07744024961582245,4.043213563625559,0.02462605117182047,2.0482168703427077,nan,E_nongrav,38.433054293733285,-8.9322313368001e-07,1
circle,noise,C2,0.27063682967704533,chandra20,0,10000,579.9606797673113,597.7829159062135,19854.757949242427,38.447603165362,11.426496931405763,6.837209532359682,4.589287399046079,47.477994016934936,44.55867811015316,56.27855314923463,31.083786650844672,0.0,0.0,0.0,0.027249319199602703,1.971807309959722,0.028589977013155566,2.1063655483821626,0.2535990438169591,19.136515849025674,0.07023473242498542,5.206261690877964,0.0774961921464735,4.0502196886537885,0.024575947167440958,2.0445954076649993,nan,E_nongrav,38.433054293733285,0.00037855101282135983,1
circle,mismatch,C2,0.27063682967704533,chandra20,0,10000,560.5880158852636,577.7758595706957,18336.998058334175,44.764136923864584,12.69639969698323,4.991574302211711,7.704825394771576,51.27975741759122,42.8217211918603,10.003639162859846,49.25599022113599,0.0,0.0,0.0,0.04768641267146021,6.043457479372657,0.04681773051719536,6.05303599445999,0.47388747091072375,59.709761485761234,0.11698021639371758,15.094594916648868,0.07744024961582245,7.182201219315532,0.04724193569832161,5.677476516204339,nan,E_nongrav,38.433054293733285,0.16473014561227872,0
circle,friction2,C2,0.27063682967704533,chandra20,0,10000,580.9315584828333,608.6898953667319,19922.031265962873,121.1592180271675,11.744564780852254,4.875951667166685,6.868613113685581,48.08062913993326,44.63410273094204,7.172954222187372,86.92552181789094,0.0,0.0,0.0,0.041028192196017686,2.782792229504314,0.041816792540023094,2.7942121029546287,0.3888079277205141,26.86358456026804,0.09929304963842503,6.703036387417711,0.07744024961582245,4.043213563625559,0.04721402103035499,3.7502460399957207,nan,E_nongrav,38.433054293733285,2.152474354527768,0
circle,contact,C2,0.27063682967704533,chandra20,0,10000,576.1011902621159,598.3032835540188,19808.74281996974,43.15857726437282,11.006905864840874,7.149844328229709,3.8570615366111713,47.412386047889626,44.5070138517175,7.859131424834845,81.909129266749,0.0,0.0,0.0,0.06655453909891955,4.615800900028297,0.024297671342761014,2.4886925741522012,0.43359930352006093,31.523251149805684,0.05928740777940158,6.189009731706638,0.28539108169685173,20.10889275688962,0.020542891571926906,2.0584818054406298,nan,E_nongrav,38.433054293733285,0.12295465602404798,0
line,none,C2,0.27063682967704533,chandra20,0,10000,-373.6948266906141,410.34343639091753,7421.284340085878,27.451460364421497,0.8956141077488833,2.996986521407133,-2.1013724136582455,33.20744817896153,27.24203432213879,11.621054948331414,30.674135675455517,0.0,0.0,0.0,0.024285807865976346,2.5221050976687214,0.0017883670708976071,0.23199336688263417,0.13004588757478538,14.922949593938519,0.004382910357943002,0.5588491966903146,0.11520555046337619,12.499229957258414,0.0011891548568036402,0.13298298109600398,4.932,E_nongrav,38.433054293733285,-0.28573305273586846,0
circle,none,C2abl,0.2644573118264191,ctc-abl,0,10000,579.6945524504071,597.4837816510953,19823.801203910112,38.43308022818408,11.406682698493302,6.820233108279773,4.586449590213611,47.42382444745214,44.5239275041074,6.649206980675212,31.046948605295754,0.0,0.0,0.0,0.02760887885927996,2.002599731943077,0.02881111821964446,2.1411388757718517,0.25770036893897663,19.43240781107919,0.07071843081596946,5.283760532927201,0.07744024961582245,4.043213563625559,0.024693795053063586,2.1046493325270093,nan,E_nongrav,38.433054293733285,6.747954663932632e-07,1
circle,noise,C2abl,0.2644573118264191,ctc-abl,0,10000,579.6951390671567,597.4885056837767,19823.898853221213,38.4767458897278,11.40936055714647,6.822232992550739,4.587127564595728,47.56744871633475,44.524037163335954,109.06607200144606,31.068693556486828,0.0,0.0,0.0,0.027608782390362557,2.002509352336454,0.02880595373021508,2.1405975138267666,0.25769669600721196,19.431090055164006,0.07070668621453245,5.282320761403357,0.07749622976562788,4.0502196886537885,0.024643434550019386,2.101036489709346,nan,E_nongrav,38.433054293733285,0.0011368234140485267,1
circle,mismatch,C2abl,0.2644573118264191,ctc-abl,0,10000,559.5233911294449,576.6652253400204,18213.18590376086,44.304506481489305,12.336679367953138,4.783072651349965,7.553606716603149,51.65454688253884,42.67690933486264,10.175253260880737,48.95206835189752,0.0,0.0,0.0,0.04918473932430056,6.2008666560035195,0.04847021362681274,6.246572821550696,0.48881168331464936,61.246206426931955,0.12107801181147478,15.573990281028978,0.07744024961582245,7.349944119070603,0.04787025082562107,5.8121852323427925,nan,E_nongrav,38.433054293733285,0.15277089723034032,0
circle,friction2,C2abl,0.2644573118264191,ctc-abl,0,10000,580.1219324424682,607.7288265049283,19822.12114658599,120.5650836034954,11.622584338240767,4.8154526505805855,6.807131687660141,47.91234281228331,44.52204077374036,7.189595734803135,85.79500058580297,0.0,0.0,0.0,0.041486155917662,2.7970031127650983,0.041804703083388045,2.8032954102092793,0.3932867885499342,26.999432290066913,0.09963570633773461,6.737240157673432,0.07744024961582245,4.043213563625559,0.04736946745032767,3.8037019046000684,nan,E_nongrav,38.433054293733285,2.137015410798464,0
circle,contact,C2abl,0.2644573118264191,ctc-abl,0,10000,574.2044290589522,596.4434377576664,19672.97734751414,47.85949200831663,11.297430980822458,7.0309704313031425,4.266460549519283,47.42289112259924,44.354230178771154,9.489100310648052,82.4879759347518,0.0,0.0,0.0,0.06707638168600094,4.676439847627778,0.024412855513642345,2.543568861864266,0.4387914848770706,31.944206634977586,0.05968129384281613,6.324609311831526,0.289154492105991,20.451277928690445,0.020337266258174096,2.117049089699062,nan,E_nongrav,38.433054293733285,0.2452690239641031,0
line,none,C2abl,0.2644573118264191,ctc-abl,0,10000,-373.7062924149861,410.51042892736825,7426.329063663936,27.933311532539143,0.9614744411766654,3.071989073788065,-2.1105146326113875,33.10673850064057,27.251291829313224,12.639537818575612,30.93679146380069,0.0,0.0,0.0,0.023335409476543646,2.478849933465706,0.0018930894238178915,0.24756959403699846,0.12700136967053022,14.991924234902276,0.004644955699503108,0.5971405684450005,0.11520555046337619,12.499229957258414,0.0012759967732613735,0.14363362496217907,5.017,E_nongrav,38.433054293733285,-0.2731956373008372,0
circle,none,C3,0.07845907193334745,hinf-vel,0,10000,580.0753093628006,598.2883789593501,19957.830055809114,38.43305412005263,12.144843922683092,7.38532092223775,4.759523000445379,49.333026436098415,44.674187240294714,6.4319138286291935,29.64560373444501,0.0,0.0,0.0,0.042953785143578296,2.6316534422676976,0.026171566314237605,2.0870823722600997,0.39726191681181855,24.966460240585548,0.0582880669582099,4.994585927787323,0.07744024961582245,4.043213563625559,0.03510440490199204,2.480980639741509,nan,E_nongrav,38.433054293733285,-4.51904380582846e-09,1
circle,noise,C3,0.07845907193334745,hinf-vel,0,10000,580.0779925056273,598.3241734187253,19958.428776379773,38.834732273653586,12.149395507105385,7.389082203012562,4.760313304092852,49.71116889330773,44.674857332038314,326.2996083680194,29.761455952664907,0.0,0.0,0.0,0.04295163026943919,2.631802067047913,0.026137752167212435,2.0853709280031034,0.39719694864795946,24.964337650619477,0.05821161768677496,4.99062491779941,0.07749738770468027,4.051956876393403,0.035010894166700335,2.47489001865535,nan,E_nongrav,38.433054293733285,0.0104513676391782,0
circle,mismatch,C3,0.07845907193334745,hinf-vel,0,10000,528.7689043469476,547.3134158425514,16307.334646240693,61.256429628015375,16.933394634575265,3.1073709201222774,13.826023714453006,56.6172537949675,40.38234099979927,954.3614926265946,80.96182586194493,0.0,0.0,0.0036,0.1180081877282312,14.999858813320193,0.14802087794931784,19.104266043614114,1.1246496040425036,139.37407734481363,0.3700202936846004,47.76032859924852,0.15126036151464126,19.255157154467568,0.15126036151464126,19.01419302686674,nan,E_nongrav,38.433054293733285,0.5938475552801319,0
circle,friction2,C3,0.07845907193334745,hinf-vel,0,10000,580.2588364909284,607.7681556217096,19951.504802937492,120.88319352251281,11.811399687314655,5.110660728319038,6.7007389589956485,48.98418926022,44.667107364298275,7.298167250028498,85.19071917414792,0.0,0.0,0.0,0.05512920824558493,3.203949441951017,0.03399891351624126,2.2083337761283754,0.5260848881111831,30.761457736008538,0.07992144189414613,5.227585690444887,0.07828514761769204,4.299437940485849,0.046421245418470196,3.1103646959414073,nan,E_nongrav,38.433054293733285,2.145292398533714,0
circle,contact,C3,0.07845907193334745,hinf-vel,0,10000,577.0661194489612,597.6961143668692,19804.456004431715,42.68040611933526,11.56394836346078,7.233598088459183,4.330350275001568,49.333026436098415,44.5021977035199,8.542332085339396,80.57946983438174,0.0,0.0,0.0,0.07778656256814524,5.028760354717949,0.04826405821499411,4.01853343004675,0.6973269490836562,46.91222698388678,0.10682637312818538,9.713780317389011,0.12147406468818756,7.955439428934986,0.018802816386095347,2.281656198552119,nan,E_nongrav,38.433054293733285,0.11051299210155485,0
line,none,C3,0.07845907193334745,hinf-vel,0,10000,-375.7602997583424,408.389267745731,7358.03998804805,20.939443137084314,0.20708047234228086,2.0616790448892837,-1.8545985725470113,31.482845765500386,27.12570734201792,10.703370924905608,28.537551445078325,0.0,0.0,0.0,0.06223398417779982,4.556768890107114,0.03654817525115347,1.9123826737458691,0.5881758177919153,37.34129375246056,0.09107584779808192,4.772138230910889,0.11520555046337619,12.499229957258414,0.03160677139497535,1.7138407028147131,nan,E_nongrav,38.433054293733285,-0.4551709844070706,0
circle,none,C1,1.0,tndq(5.2),0,10000,590.6680770110586,607.9716341977895,20593.109965655432,38.433054293733285,10.830806306556898,6.9765082124944655,3.8542980940624467,49.39196772103654,45.379631957140674,5.947908790262638,27.125151532597116,0.0,0.0,0.0,0.034065910060748265,3.690855853482093,0.03458058594804656,3.3896780939605735,0.3159840405992152,36.17617303725747,0.08311499093675304,8.085544651188677,0.07744024961582245,4.984375564520053,0.033460962034269785,4.984375564520053,nan,tau_slew_rms,5.947908790262638,0.0,1
circle,noise,C1,1.0,tndq(5.2),0,10000,590.6716728901666,607.976676137888,20593.45733212039,38.46403363945978,10.837754426684647,6.980424548752104,3.8573298779325045,49.471808038275526,45.380014689420705,69.03414888994672,27.133902440674465,0.0,0.0,0.0,0.034066201339327994,3.6911137839953874,0.03457345947575424,3.388995952633832,0.315979181887334,36.17929718350027,0.08309953900799918,8.084277789510487,0.07749662984318531,4.986985598122055,0.03340564049223584,4.980208299839889,nan,tau_slew_rms,5.947908790262638,10.606457214502514,0
circle,mismatch,C1,1.0,tndq(5.2),0,10000,381.226163165918,401.12508281667874,8296.344782924363,36.17795651509747,17.58713569364135,1.1041023175215048,16.483033376119845,45.308679280383224,28.80337616135366,6.462762268081264,49.930637615594485,0.0,0.0,0.0,0.0746108446088834,24.88871208738372,0.08740023035569097,31.546526945913048,0.7292431325736686,232.68030541647258,0.21824773554024926,78.84794085871516,0.09289232940226502,32.23834484485447,0.07892261495655911,29.901679150075886,nan,tau_slew_rms,5.947908790262638,0.08656041912772716,0
circle,friction2,C1,1.0,tndq(5.2),0,10000,600.2999998885826,627.1678594245535,21528.2309913993,118.85100286138916,12.797754393467336,7.126492210119855,5.671262183347456,50.51015443061956,46.398524751762636,6.713871207464145,75.23051500654526,0.0,0.0,0.0,0.0464948568318071,4.898248813838828,0.04259627345864939,3.3732681981599257,0.4367884058563481,46.514509344416915,0.10342910146668012,7.745349530156186,0.07744024961582245,7.172315190458358,0.04888014767449547,3.4559157343369495,nan,tau_slew_rms,5.947908790262638,0.1287784403243486,0
circle,contact,C1,1.0,tndq(5.2),0,10000,561.035332421113,578.9522212377723,18307.839802177718,61.0262755714071,13.391164678759425,7.081387721865187,6.309776956894241,49.39196772103654,42.78766154182502,13.09327671704946,78.11609592387852,0.0,0.0,0.0,0.067057044850673,10.116532386908432,0.02771325752526232,8.285403162063796,0.47800123745633316,85.96389362420226,0.06840085462806053,20.574425800498293,0.25748194791948725,19.67641418405288,0.020842403845782533,6.903556039521493,nan,tau_slew_rms,5.947908790262638,1.2013243946316985,0
line,none,C1,1.0,tndq(5.2),0,10000,-351.3151801624521,385.0154711243208,6554.497963498712,24.160585570316673,1.2177739161007086,3.7651117068201225,-2.547337790719404,38.22721389162162,25.60175377488564,11.69121805014599,28.193613250670747,0.0,0.0,0.0,0.025406839473941897,5.453722012358572,0.00528415805502378,3.886967363636068,0.1664008134274576,51.81067639765011,0.013209900555844515,9.689757677066988,0.11520555046337619,12.499229957258414,0.005142286765783612,3.3948142102634966,nan,tau_slew_rms,5.947908790262638,0.9656014344547048,0
circle,none,C2,0.21151100199754821,chandra20,0,10000,580.0826010047692,597.3895115602345,19835.457361181143,36.621223100949024,10.93282028194616,6.683079154638352,4.249741127307776,47.17612344549126,44.53701534811369,5.947908788611867,28.485847689872138,0.0,0.0,0.0,0.032446799331342986,2.3196376542398753,0.03504506192225507,2.491403891191591,0.3060631532436762,22.486070800794526,0.08459748286123919,6.056286291014864,0.07744024961582245,4.043213563625559,0.03281660804170429,2.708649721990235,nan,tau_slew_rms,5.947908790262638,-2.775381036101976e-10,1
circle,noise,C2,0.21151100199754821,chandra20,0,10000,580.0833864007816,597.3922313647515,19835.526010609832,36.63030648630622,10.935620472870372,6.68513385286324,4.250486620007124,47.26357392205317,44.53709241812922,44.253327655142286,28.488332315605827,0.0,0.0,0.0,0.032447185532075894,2.319628155514121,0.03504072528816553,2.490926010179923,0.30606620292072484,22.485759944427713,0.0845883570723011,6.0549980986443375,0.07749655784193661,4.0502196886537885,0.03276621975038426,2.7052137947345036,nan,tau_slew_rms,5.947908790262638,6.440149002888159,0
circle,mismatch,C2,0.21151100199754821,chandra20,0,10000,555.2762145749201,571.81740111159,17925.4296112516,44.66389149221326,12.901651063809686,4.6678738778369935,8.233777185972695,50.828731460896364,42.338433616811564,9.293569378663376,47.32024669402587,0.0,0.0,0.0,0.06063202493590608,7.676061360890514,0.060313501187615796,7.714235386308451,0.6029095990379876,75.72194753168058,0.15069865991848738,19.243895087108015,0.07744024961582245,9.157640980659536,0.061137665939860496,7.264288402499827,nan,tau_slew_rms,5.947908790262638,0.5624935933580457,0
circle,friction2,C2,0.21151100199754821,chandra20,0,10000,580.5811800583524,606.601210610918,19826.055430250588,112.49127844581513,10.646786158836944,4.839349302324845,5.807436856512083,47.604018062671955,44.52645890956364,6.368408681869987,75.00268150355541,0.0,0.0,0.0,0.04625085489698048,2.8846684887404592,0.04340855446807451,2.755179547440842,0.4420726607221072,28.01405783166791,0.1049957134912433,6.7060080301316045,0.07744024961582245,4.043213563625559,0.051514334131105205,3.797791009094274,nan,tau_slew_rms,5.947908790262638,0.07069709816259317,0
circle,contact,C2,0.21151100199754821,chandra20,0,10000,576.2342240846496,597.7397275176846,19776.54015905905,41.30885597619761,10.499654434961249,7.013145135265997,3.4865092996952622,47.16227313845151,44.47082207364628,7.175775855600062,74.75277233205964,0.0,0.0,0.0,0.08287245367798615,5.733155347706602,0.028846265533488,3.1579236459281668,0.5328147006026867,38.82561161053592,0.0694849125279464,7.849954139248012,0.3432349088943992,24.006276316822472,0.02627926047054144,2.846408432515097,nan,tau_slew_rms,5.947908790262638,0.20643676771701225,0
line,none,C2,0.21151100199754821,chandra20,0,10000,-375.19007521914784,411.5368298212413,7467.79669695456,26.35069667188468,0.9188465480444528,3.0572172313472867,-2.1383706833028437,33.01967002717747,27.327269708030766,11.011504193642642,31.034903709797685,0.0,0.0,0.0,0.02718745369834857,2.8374095196555165,0.002918324490943795,0.42761583272875137,0.16164115113078967,18.96189294919028,0.007221864552398822,1.0424640920162969,0.11520555046337619,12.499229957258414,0.0022102282089246695,0.2755862260580994,6.057,tau_slew_rms,5.947908790262638,0.8513236470050869,0
circle,none,C2abl,0.20224352731300319,ctc-abl,0,10000,579.6079379440072,596.8341475303081,19779.4525222575,36.38735865100457,10.849566428157017,6.6302231138210885,4.219343314335919,47.13712418427249,44.47409641831692,5.947908790231675,28.11656199962807,0.0,0.0,0.0,0.03340276735069187,2.3847730515791667,0.03578656859411934,2.561293265145945,0.3160060936308056,23.095704999944545,0.08617388587931957,6.203258438115192,0.07744024961582245,4.043213563625559,0.03388163987976687,2.855265602439489,nan,tau_slew_rms,5.947908790262638,-5.205835762467359e-12,1
circle,noise,C2abl,0.20224352731300319,ctc-abl,0,10000,579.6087064549366,596.8391638813746,19779.551193601143,36.42083242508927,10.852400662460523,6.6322899576867655,4.220110704773776,47.24064498044366,44.47420734943023,96.60561900117649,28.135024248918334,0.0,0.0,0.0,0.0334033028131,2.384772743542126,0.03578241796543899,2.560826538977153,0.3160103192651359,23.095535071679283,0.08616535630004998,6.202015112216826,0.07749661470178056,4.0502196886537885,0.03383095141444276,2.851857377617011,nan,tau_slew_rms,5.947908790262638,15.241946944332806,0
circle,mismatch,C2abl,0.20224352731300319,ctc-abl,0,10000,553.0710680075867,569.5324790887101,17685.54374824439,43.67100011005876,12.282217466212694,4.278721586798403,8.003495879414292,51.08070629651381,42.0541837969118,9.249912651522315,46.62134506401915,0.0,0.0,0.0,0.06403342832189543,8.058373471598715,0.06432181075044323,8.182475628036627,0.6363827171338355,79.44440585688808,0.16065245151573584,20.405421726143366,0.07870476424148846,9.582682503357429,0.06328158008809485,7.5974877650521915,nan,tau_slew_rms,5.947908790262638,0.5551537486024347,0
circle,friction2,C2abl,0.20224352731300319,ctc-abl,0,10000,579.4248022181574,605.1558548789212,19691.141134795816,110.64545220669318,10.317761317106712,4.76354883359109,5.5542124835156805,47.25202372784763,44.374701277637705,6.2620105492356215,72.57455732024017,0.0,0.0,0.0,0.04775250761726854,2.9191691491938765,0.04401010975498133,2.7570091386913558,0.458894950407151,28.505979741123266,0.10710489259893803,6.74155368154837,0.07744024961582245,4.043213563625559,0.051502967391866654,3.7627179800333863,nan,tau_slew_rms,5.947908790262638,0.05280877196489642,0
circle,contact,C2abl,0.20224352731300319,ctc-abl,0,10000,573.3461099851776,594.7531963912602,19570.863525540997,48.34540237269189,11.035524842402298,6.92117027722008,4.114354565182224,47.12048214670115,44.23896871033614,9.501988886821282,75.94147791496837,0.0,0.0,0.0,0.08475017369417359,5.900123745564026,0.029524118567088233,3.3009170513656576,0.5475816541968229,39.968934283076074,0.07145765527256952,8.203339505579956,0.3522861547787732,24.75228374178656,0.026688956070458097,3.016553503796879,nan,tau_slew_rms,5.947908790262638,0.597534397699079,0
line,none,C2abl,0.20224352731300319,ctc-abl,0,10000,-375.3783364139388,411.8877579869444,7480.242391755654,26.618930959497536,1.01364692787974,3.1544312143331665,-2.140784286453416,32.94961372482565,27.350031794781618,11.95032055485046,31.41556058341296,0.0,0.0,0.0,0.026441678017912116,2.833138833722619,0.003204368315407079,0.4775750812385391,0.16153245272284453,19.54651601553446,0.007938230078784678,1.1661280000010974,0.11520555046337619,12.499229957258414,0.0024685198735582745,0.31292823562430416,6.364000000000001,tau_slew_rms,5.947908790262638,1.0091633843502126,0
circle,none,C3,0.07911362358785547,hinf-vel,0,10000,580.061859403626,598.2763775183572,19956.17612873878,38.424985685293045,12.135244175973558,7.379749780249335,4.755494395724239,49.32281585852451,44.672336102714375,6.430694728754314,29.641026822588575,0.0,0.0,0.0,0.042834204076115184,2.625216827049697,0.02615582136445706,2.0821801647125517,0.39601412400921165,24.901915197265488,0.058251349522225895,4.982980902472699,0.07744024961582245,4.043213563625559,0.035049243531329745,2.4745939926208673,nan,tau_slew_rms,5.947908790262638,0.0811690218387422,0
circle,noise,C3,0.07911362358785547,hinf-vel,0,10000,580.0645202566807,598.3125686039265,19956.776245885547,38.82941396800724,12.139798132428634,7.383512796356332,4.756285336072289,49.70243804253763,44.67300778533448,327.5664895734554,29.757252430039625,0.0,0.0,0.0,0.042832083458418206,2.625364733176527,0.02612215637591825,2.080468376424818,0.3959496113284838,24.899786511323057,0.058175275381843417,4.979016549668633,0.07749738364863992,4.05193878065143,0.03495601460257017,2.4685058222725207,nan,tau_slew_rms,5.947908790262638,54.07254753296095,0
circle,mismatch,C3,0.07911362358785547,hinf-vel,0,10000,529.0119374031021,547.4995789101705,16321.352335894615,59.01341504946596,16.855626119513982,3.096112864157108,13.759513255356907,55.3042068908226,40.399693483855316,912.6422873352201,78.03238700165805,0.0,0.0,0.0034,0.11662510122449042,14.865344423599792,0.14659393658991623,18.955624194716655,1.1107907232590342,138.09344599779976,0.366452510930085,47.38871316705303,0.14987738448167404,19.10751118873003,0.14987738448167404,18.863778484898535,nan,tau_slew_rms,5.947908790262638,152.43918669857766,0
circle,friction2,C3,0.07911362358785547,hinf-vel,0,10000,580.2439232144724,607.762203148132,19950.03983648203,120.8979880804676,11.806412437075801,5.108368796131246,6.698043640944635,48.979601641959476,44.66546746255101,7.299108558944284,85.20733398156193,0.0,0.0,0.0,0.05500064895012093,3.197467224809482,0.03391211697101851,2.2006079225575728,0.5247533582512045,30.69687157691591,0.07968315858003516,5.209260737582601,0.07826054486806373,4.290731723169513,0.04629810805676743,3.0998173044099833,nan,tau_slew_rms,5.947908790262638,0.2271722409216672,0
circle,contact,C3,0.07911362358785547,hinf-vel,0,10000,577.0431991656872,597.6840545461812,19802.74587900631,42.673786388026535,11.555145187732224,7.229376346812983,4.325768840919261,49.32281585852451,44.50027626768885,8.542076473484878,80.60529534225155,0.0,0.0,0.0,0.07758943105411147,5.017521684829371,0.047918151887163814,3.9986360552882707,0.6950296732095601,46.79424953990195,0.1058669568769573,9.664375655658292,0.12148791380799881,7.960415243890126,0.018448444886330705,2.2660694095725784,nan,tau_slew_rms,5.947908790262638,0.4361478588019321,0
line,none,C3,0.07911362358785547,hinf-vel,0,10000,-375.757874210318,408.4027751200778,7358.312123976594,20.95074157527884,0.20517586633652238,2.062549686790522,-1.8573738204539971,31.4842083578736,27.126208957347124,10.707997620226042,28.5430890742451,0.0,0.0,0.0,0.061915640737645494,4.540456358309801,0.03613074347652652,1.8928553058821054,0.5844882718719305,37.12362376168188,0.09003058513208771,4.723299467318385,0.11520555046337619,12.499229957258414,0.031204756321528294,1.6950529192502939,nan,tau_slew_rms,5.947908790262638,0.8002962045679276,0
circle,none,C1,1.0,tndq(5.2),0,10000,590.6680770110586,607.9716341977895,20593.109965655432,38.433054293733285,10.830806306556898,6.9765082124944655,3.8542980940624467,49.39196772103654,45.379631957140674,5.947908790262638,27.125151532597116,0.0,0.0,0.0,0.034065910060748265,3.690855853482093,0.03458058594804656,3.3896780939605735,0.3159840405992152,36.17617303725747,0.08311499093675304,8.085544651188677,0.07744024961582245,4.984375564520053,0.033460962034269785,4.984375564520053,nan,tau_peak,49.39196772103654,0.0,1
circle,noise,C1,1.0,tndq(5.2),0,10000,590.6716728901666,607.976676137888,20593.45733212039,38.46403363945978,10.837754426684647,6.980424548752104,3.8573298779325045,49.471808038275526,45.380014689420705,69.03414888994672,27.133902440674465,0.0,0.0,0.0,0.034066201339327994,3.6911137839953874,0.03457345947575424,3.388995952633832,0.315979181887334,36.17929718350027,0.08309953900799918,8.084277789510487,0.07749662984318531,4.986985598122055,0.03340564049223584,4.980208299839889,nan,tau_peak,49.39196772103654,0.0016164635855351328,1
circle,mismatch,C1,1.0,tndq(5.2),0,10000,381.226163165918,401.12508281667874,8296.344782924363,36.17795651509747,17.58713569364135,1.1041023175215048,16.483033376119845,45.308679280383224,28.80337616135366,6.462762268081264,49.930637615594485,0.0,0.0,0.0,0.0746108446088834,24.88871208738372,0.08740023035569097,31.546526945913048,0.7292431325736686,232.68030541647258,0.21824773554024926,78.84794085871516,0.09289232940226502,32.23834484485447,0.07892261495655911,29.901679150075886,nan,tau_peak,49.39196772103654,-0.08267110279378898,0
circle,friction2,C1,1.0,tndq(5.2),0,10000,600.2999998885826,627.1678594245535,21528.2309913993,118.85100286138916,12.797754393467336,7.126492210119855,5.671262183347456,50.51015443061956,46.398524751762636,6.713871207464145,75.23051500654526,0.0,0.0,0.0,0.0464948568318071,4.898248813838828,0.04259627345864939,3.3732681981599257,0.4367884058563481,46.514509344416915,0.10342910146668012,7.745349530156186,0.07744024961582245,7.172315190458358,0.04888014767449547,3.4559157343369495,nan,tau_peak,49.39196772103654,0.022639039527610594,0
circle,contact,C1,1.0,tndq(5.2),0,10000,561.035332421113,578.9522212377723,18307.839802177718,61.0262755714071,13.391164678759425,7.081387721865187,6.309776956894241,49.39196772103654,42.78766154182502,13.09327671704946,78.11609592387852,0.0,0.0,0.0,0.067057044850673,10.116532386908432,0.02771325752526232,8.285403162063796,0.47800123745633316,85.96389362420226,0.06840085462806053,20.574425800498293,0.25748194791948725,19.67641418405288,0.020842403845782533,6.903556039521493,nan,tau_peak,49.39196772103654,0.0,1
line,none,C1,1.0,tndq(5.2),0,10000,-351.3151801624521,385.0154711243208,6554.497963498712,24.160585570316673,1.2177739161007086,3.7651117068201225,-2.547337790719404,38.22721389162162,25.60175377488564,11.69121805014599,28.193613250670747,0.0,0.0,0.0,0.025406839473941897,5.453722012358572,0.00528415805502378,3.886967363636068,0.1664008134274576,51.81067639765011,0.013209900555844515,9.689757677066988,0.11520555046337619,12.499229957258414,0.005142286765783612,3.3948142102634966,nan,tau_peak,49.39196772103654,-0.22604391654272438,0
circle,none,C2,1.3181367158089812,chandra20,0,10000,579.4883199370809,599.313185108807,19895.12193801082,50.402091637552374,12.922771563327299,7.3939271217107105,5.528844441616557,49.39194759628616,44.60394818624336,33.28093241547498,49.27376744622539,0.0,0.0,0.0,0.011940574920569137,0.7248386728791149,0.006337459995659032,0.4947378818647701,0.07469118569104492,5.711974203850245,0.015650562681018866,1.2139001444776014,0.07744024961582245,4.043213563625559,0.003485060744718296,0.3559369703968619,nan,tau_peak,49.39196772103654,-4.0744986107288383e-07,1
circle,noise,C2,1.3181367158089812,chandra20,0,10000,579.4892510119394,599.3240318175774,19895.54654610643,50.7698776642442,12.92531684296369,7.396144063648904,5.529172779314763,49.341378752417256,44.60442415961272,275.1786871405242,49.33738042975186,0.0,0.0,0.0,0.011940943514958433,0.7247831456859181,0.006331511670511968,0.4942548793203471,0.07468005614954612,5.709444510437985,0.0156350132769958,1.2126569293921061,0.07748971331962837,4.0502196886537885,0.003438957493921536,0.35271086144349073,nan,tau_peak,49.39196772103654,-0.0010242347279016961,1
circle,mismatch,C2,1.3181367158089812,chandra20,0,10000,575.7453439435718,595.4808645616077,19574.860796206627,53.71709937080612,12.778687496392699,6.610597158328541,6.168090338064124,59.27033711554337,44.24348629595844,45.17127963172389,63.81007423548407,0.0,0.0,0.0,0.013700076672016889,1.3365212226269239,0.00933461289294296,1.2390994155400745,0.11238085184597812,13.013580649870917,0.023307983308871766,3.0879632623083206,0.07744024961582245,4.043213563625559,0.009017409708753902,1.1769224834398078,nan,tau_peak,49.39196772103654,0.19999951106016622,0
circle,friction2,C2,1.3181367158089812,chandra20,0,10000,580.1851934625041,612.5851155760987,20054.569922509312,152.8795466148987,15.09373251608071,4.97637580223273,10.117356713847988,49.39194759628616,44.78232901771558,31.9712066290828,138.74695696549975,0.0,0.0,0.0,0.015321631180178614,1.0559995816781202,0.01224756625541943,0.9832200955446115,0.12301106438536695,9.763314016940909,0.030414925558536466,2.432763012436957,0.07744024961582245,4.043213563625559,0.008519887379585575,0.6991767674929106,nan,tau_peak,49.39196772103654,-4.0744986107288383e-07,1
circle,contact,C2,1.3181367158089812,chandra20,0,10000,576.3922093320317,600.2473506711564,19873.483489398113,55.599734455521556,12.703835776232875,7.398902993783179,5.304932782449673,49.39194759628616,44.579685384038,33.91059973497661,117.03746170861498,0.0,0.0,0.0,0.017347725640286374,1.1364943602054591,0.0062371506673470885,0.49031729948655356,0.11030042914755596,7.731999803412041,0.015407370005539881,1.202380911691344,0.07744024961582245,5.080485456368717,0.0033486086854698327,0.3391946268891169,nan,tau_peak,49.39196772103654,-4.0744986107288383e-07,1
line,none,C2,1.3181367158089812,chandra20,0,10000,-370.6851275969202,407.6263886944266,7342.320087201271,47.3583988595175,0.8823890233896216,2.8238003220682613,-1.9414112986786516,33.73780990249275,27.096715829047017,52.85886871646721,31.783450204967064,0.0,0.0,0.0,0.016029547973364384,1.6997840328252287,7.02024338997878e-05,0.005094442562023749,0.048734759284599555,5.028018330802848,0.00017526119750961052,0.012713621547018895,0.11520555046337619,12.499229957258414,6.27765524539214e-05,0.004457979488043227,0.972,tau_peak,49.39196772103654,-0.3169373187753467,0
circle,none,C2abl,1.0901365493101547,ctc-abl,0,10000,579.4752096390953,599.1806395467114,19891.65498210606,49.39332304116173,12.879836587325247,7.388907412807237,5.490929174517998,49.391962665974965,44.60006163908976,27.32843632630804,47.72107898348952,0.0,0.0,0.0,0.01265319424221332,0.7948371718391076,0.007520861953431767,0.5998709428462762,0.0851650504700301,6.614362805365495,0.01862244183186577,1.4735477208614567,0.07744024961582245,4.043213563625559,0.004360373984305678,0.41738210384362323,nan,tau_peak,49.39196772103654,-1.0234582281665183e-07,1
circle,noise,C2abl,1.0901365493101547,ctc-abl,0,10000,579.4759244270531,599.1906153015922,19892.004977406647,49.6908136537467,12.882431977851134,7.39112156944088,5.491310408410262,49.35181051845124,44.60045400823476,255.7681721401015,47.794835714849846,0.0,0.0,0.0,0.012653324897011865,0.794733170827376,0.007514950574346476,0.5993335253693671,0.08515308061763163,6.611620326014558,0.018607145459616167,1.4721637999953237,0.07749112102946248,4.0502196886537885,0.0043133338122032785,0.41380170178071374,nan,tau_peak,49.39196772103654,-0.0008130310339550251,1
circle,mismatch,C2abl,1.0901365493101547,ctc-abl,0,10000,574.8723909398723,594.4498238688288,19500.869807006977,52.977371972223395,12.73162859873345,6.475974014768143,6.255654583965318,59.27035519916995,44.15978918315505,37.770800270585404,62.54081279043928,0.0,0.0,0.0,0.015267126323196604,1.585190751346547,0.011349304801602924,1.5014724642429145,0.1325771616769325,15.566468794563749,0.02834637295806986,3.741535965190425,0.07744024961582245,4.043213563625559,0.0109500949927793,1.4172502390577726,nan,tau_peak,49.39196772103654,0.19999987718501244,0
circle,friction2,C2abl,1.0901365493101547,ctc-abl,0,10000,580.1891420297858,612.1658850248542,20041.789580704088,150.55356049900175,14.946826815368391,4.987555760184363,9.959271055184033,49.391962665974965,44.76805734081398,26.26231190125448,134.54713921355304,0.0,0.0,0.0,0.01690505865464278,1.197091807282177,0.01455763533166702,1.1749295123110068,0.1423309909570473,11.30379418549003,0.036207637688080316,2.9161611172103705,0.07744024961582245,4.043213563625559,0.010468059311580737,0.8820880094911597,nan,tau_peak,49.39196772103654,-1.0234582281665183e-07,1
circle,contact,C2abl,1.0901365493101547,ctc-abl,0,10000,576.1673612725676,600.0467240154062,19862.491851716837,54.74694292201012,12.638507700422066,7.412088275340121,5.226419425081931,49.391962665974965,44.567355599942026,28.09239897682344,114.88443438981685,0.0,0.0,0.0,0.01983756704182261,1.3255800150605306,0.0073594997926914015,0.5951920877608934,0.12897439490298024,9.088854789066824,0.018225942819804986,1.460564012244791,0.08354965760038126,6.120339487787164,0.004134753809383969,0.39174390219612165,nan,tau_peak,49.39196772103654,-1.0234582281665183e-07,1
line,none,C2abl,1.0901365493101547,ctc-abl,0,10000,-370.7476311953774,407.641050776453,7342.724141839786,46.54548559819803,0.9057648420182806,2.8819948417764945,-1.9762299997582293,33.56788946202417,27.097461397407297,44.843567763368256,31.87319567569524,0.0,0.0,0.0,0.016375246424368183,1.7404717310332052,8.083983504223403e-05,0.005599950740259427,0.052024233297363505,5.435057814787022,0.00020202330910924998,0.013991495035630323,0.11520555046337619,12.499229957258414,7.54057724265886e-05,0.005318840950592147,2.532,tau_peak,49.39196772103654,-0.32037756317760013,0
circle,none,C3,0.07481000413684835,hinf-vel,0,10000,580.1543269682901,598.3594031917082,19967.560917135776,38.48241965959706,12.201530092087882,7.417923232582412,4.783606859505503,49.391966220387964,44.68507683459409,6.4402834968394975,29.675887756378796,0.0,0.0,0.0,0.043642811732320215,2.668667759218359,0.02628354781052776,2.1163057673509496,0.4044991972070634,25.33982245099921,0.05859625571576708,5.064421522018277,0.07744024961582245,4.043213563625559,0.03543220715527522,2.5185463188357353,nan,tau_peak,49.39196772103654,-3.038244167363757e-08,1
circle,noise,C3,0.07481000413684835,hinf-vel,0,10000,580.1571400723644,598.3930600262946,19968.152670300326,38.86928150644813,12.20606659467942,7.421673828140497,4.784392766538857,49.76171964863874,44.685738967035476,319.3876029427879,29.789793968493406,0.0,0.0,0.0,0.04364046865742904,2.6688212114611165,0.026248887938407253,2.1145968003725693,0.4044317327495441,25.33774741894997,0.0585176897099939,5.06048092207921,0.07749741031674624,4.052057746496386,0.035337080686063435,2.5124424312558746,nan,tau_peak,49.39196772103654,0.007486074045288893,1
circle,mismatch,C3,0.07481000413684835,hinf-vel,0,10000,478.9062133298824,541.0591735795798,18342.143094494357,386.22019069512254,6.779048686726465,25.108593882628824,-18.329545195902362,93.33388322138214,42.82772827794437,7873.868363842889,1541.888622845506,0.0,0.0035,0.1736,0.5747680926181961,49.94700026028239,0.7109202841862653,64.55953445730776,5.176262938109625,445.5835574694891,1.7753736984034565,161.14373630722997,0.7695188913203098,71.75710670250267,0.7695188913203098,71.75710670250267,nan,tau_peak,49.39196772103654,0.8896571148678956,0
circle,friction2,C3,0.07481000413684835,hinf-vel,0,10000,580.3464350421207,607.8059846430833,19960.16170652907,120.80745905752833,11.841689173562806,5.123881604628126,6.717807568934639,49.010452556893675,44.67679678147155,7.293680843463892,85.10865728088396,0.0,0.0,0.0,0.055867707350426725,3.2412482248478387,0.03453221747035157,2.2547146915036262,0.5337650394334021,31.13627071869852,0.08138573148227107,5.3388304757032445,0.07841929592466089,4.348939349708395,0.04715760779521097,3.172411803580128,nan,tau_peak,49.39196772103654,-0.007724234966657861,1
circle,contact,C3,0.07481000413684835,hinf-vel,0,10000,577.2004208736222,597.7688386859493,19814.662813314033,42.7220206552754,11.616524407793387,7.258603227554522,4.357921180238843,49.391966220387964,44.51366398457223,8.545043453129967,80.43928768121286,0.0,0.0,0.0,0.07890525910829622,5.09225960577674,0.05023797283025346,4.1322076752778125,0.7103295606553839,47.57919508371262,0.11229024631158332,9.997087148237377,0.12139792155858742,7.926843063495476,0.020843209995448503,2.37362085291458,nan,tau_peak,49.39196772103654,-3.038244167363757e-08,1
line,none,C3,0.07481000413684835,hinf-vel,0,10000,-375.76963581420404,408.31148003969463,7356.414789695697,20.876912799068826,0.2182703380077735,2.0565565869096787,-1.838286248901903,31.475325869861223,27.122711497370055,10.67828019395683,28.507018500518654,0.0,0.0,0.0,0.0640701476882127,4.651437698054459,0.038966421549132234,2.0268812432295085,0.6093355292182883,38.60099762252863,0.09713138672564334,5.0584934513666635,0.11520555046337619,12.499229957258414,0.0339444275414104,1.8240271775573489,nan,tau_peak,49.39196772103654,-0.3627440387143037,0
circle,none,C1,1.0,tndq(5.2),0,10000,590.6680770110586,607.9716341977895,20593.109965655432,38.433054293733285,10.830806306556898,6.9765082124944655,3.8542980940624467,49.39196772103654,45.379631957140674,5.947908790262638,27.125151532597116,0.0,0.0,0.0,0.034065910060748265,3.690855853482093,0.03458058594804656,3.3896780939605735,0.3159840405992152,36.17617303725747,0.08311499093675304,8.085544651188677,0.07744024961582245,4.984375564520053,0.033460962034269785,4.984375564520053,nan,IAE_p,0.3159840405992152,0.0,1
circle,noise,C1,1.0,tndq(5.2),0,10000,590.6716728901666,607.976676137888,20593.45733212039,38.46403363945978,10.837754426684647,6.980424548752104,3.8573298779325045,49.471808038275526,45.380014689420705,69.03414888994672,27.133902440674465,0.0,0.0,0.0,0.034066201339327994,3.6911137839953874,0.03457345947575424,3.388995952633832,0.315979181887334,36.17929718350027,0.08309953900799918,8.084277789510487,0.07749662984318531,4.986985598122055,0.03340564049223584,4.980208299839889,nan,IAE_p,0.3159840405992152,-1.537644708893282e-05,1
circle,mismatch,C1,1.0,tndq(5.2),0,10000,381.226163165918,401.12508281667874,8296.344782924363,36.17795651509747,17.58713569364135,1.1041023175215048,16.483033376119845,45.308679280383224,28.80337616135366,6.462762268081264,49.930637615594485,0.0,0.0,0.0,0.0746108446088834,24.88871208738372,0.08740023035569097,31.546526945913048,0.7292431325736686,232.68030541647258,0.21824773554024926,78.84794085871516,0.09289232940226502,32.23834484485447,0.07892261495655911,29.901679150075886,nan,IAE_p,0.3159840405992152,1.3078479887489602,0
circle,friction2,C1,1.0,tndq(5.2),0,10000,600.2999998885826,627.1678594245535,21528.2309913993,118.85100286138916,12.797754393467336,7.126492210119855,5.671262183347456,50.51015443061956,46.398524751762636,6.713871207464145,75.23051500654526,0.0,0.0,0.0,0.0464948568318071,4.898248813838828,0.04259627345864939,3.3732681981599257,0.4367884058563481,46.514509344416915,0.10342910146668012,7.745349530156186,0.07744024961582245,7.172315190458358,0.04888014767449547,3.4559157343369495,nan,IAE_p,0.3159840405992152,0.38231160354822347,0
circle,contact,C1,1.0,tndq(5.2),0,10000,561.035332421113,578.9522212377723,18307.839802177718,61.0262755714071,13.391164678759425,7.081387721865187,6.309776956894241,49.39196772103654,42.78766154182502,13.09327671704946,78.11609592387852,0.0,0.0,0.0,0.067057044850673,10.116532386908432,0.02771325752526232,8.285403162063796,0.47800123745633316,85.96389362420226,0.06840085462806053,20.574425800498293,0.25748194791948725,19.67641418405288,0.020842403845782533,6.903556039521493,nan,IAE_p,0.3159840405992152,0.5127385438513832,0
line,none,C1,1.0,tndq(5.2),0,10000,-351.3151801624521,385.0154711243208,6554.497963498712,24.160585570316673,1.2177739161007086,3.7651117068201225,-2.547337790719404,38.22721389162162,25.60175377488564,11.69121805014599,28.193613250670747,0.0,0.0,0.0,0.025406839473941897,5.453722012358572,0.00528415805502378,3.886967363636068,0.1664008134274576,51.81067639765011,0.013209900555844515,9.689757677066988,0.11520555046337619,12.499229957258414,0.005142286765783612,3.3948142102634966,nan,IAE_p,0.3159840405992152,-0.4733885511689008,0
circle,none,C2,0.20236320496013643,chandra20,0,10000,580.099227203044,597.3098747746582,19830.77356441455,36.26556652898981,10.832222454935872,6.652139589925703,4.180082865010145,47.13003807401057,44.53175671856496,5.8532707854633905,27.98507042976302,0.0,0.0,0.0,0.03345362343969155,2.382814355668997,0.03620113665731841,2.5590877916718915,0.3159840400328641,23.082296419539823,0.08705306228872908,6.199112113951732,0.07744024961582245,4.043213563625559,0.034577068142457486,2.847620383578418,nan,IAE_p,0.3159840405992152,-1.7923407202857788e-09,1
circle,noise,C2,0.20236320496013643,chandra20,0,10000,580.1000587943378,597.3123520423811,19830.84427088813,36.27395822491275,10.835076311501302,6.654231552888507,4.180844758612799,47.21392590766825,44.53183610731555,42.398929655128924,27.987348859469332,0.0,0.0,0.0,0.03345407604128189,2.3828133789501957,0.0361969356864637,2.558613807485391,0.31598798655056265,23.08213362725718,0.08704436987465723,6.197845203494312,0.0774966144214043,4.0502196886537885,0.034526671999635765,2.8442211721387634,nan,IAE_p,0.3159840405992152,1.2487818498607695e-05,1
circle,mismatch,C2,0.20236320496013643,chandra20,0,10000,554.1738090911274,570.6010160307528,17841.565790390137,44.667906638413065,12.953209664300044,4.611135976580221,8.342073687719783,50.75894987690207,42.23927768131237,9.201703342226901,46.95130573660669,0.0,0.0,0.0,0.06332462178374786,8.011089179251075,0.06309320224465796,8.054940574986759,0.6295949099459476,79.00289066397055,0.1576447742089923,20.095182224938853,0.07783304905808797,9.563779533148866,0.06403764017597854,7.5917914817614935,nan,IAE_p,0.3159840405992152,0.9924895850816311,0
circle,friction2,C2,0.20236320496013643,chandra20,0,10000,580.4515324521061,606.1415480869078,19803.804202176318,110.74926501456542,10.420276668289313,4.828728318065911,5.591548350223371,47.4990429026119,44.50146537157661,6.227784837044422,72.92889610751931,0.0,0.0,0.0,0.04752712780132501,2.9108357398741957,0.04394517136095912,2.758718117203831,0.4564164037304644,28.380540104588004,0.10676697849266492,6.732862460821077,0.07744024961582245,4.043213563625559,0.05197899339747428,3.770256897929234,nan,IAE_p,0.3159840405992152,0.4444286580579855,0
circle,contact,C2,0.20236320496013643,chandra20,0,10000,576.2659373051539,597.6240518592216,19769.157603053016,40.94963625556621,10.395006561159123,6.981131921542948,3.4138746396162145,47.11176742208305,44.462520849647085,7.0696348307742545,73.44675580854367,0.0,0.0,0.0,0.08615797138191153,5.957345760369504,0.029684186377439067,3.2923814474520947,0.5522366536131212,40.249190685699155,0.07137592111255876,8.182922261385244,0.3545096851834309,24.766126793953745,0.027479766412623608,3.017300864354418,nan,IAE_p,0.3159840405992152,0.7476726120910704,0
line,none,C2,0.20236320496013643,chandra20,0,10000,-375.5267235262064,411.7926066852385,7478.225214801672,26.17663898442883,0.9247832002544166,3.069373656774251,-2.144590456519831,32.984136405221626,27.346343841182264,10.9372258690101,31.100461458854216,0.0,0.0,0.0,0.027798667689220655,2.904190179610479,0.003150921719332481,0.47279465908616364,0.16828462899763738,19.798633861212082,0.007805619377680559,1.1544204872374635,0.11520555046337619,12.499229957258414,0.0024280340138650314,0.3097615643367428,6.319000000000001,IAE_p,0.3159840405992152,-0.46742680839667905,0
circle,none,C2abl,0.2022631019595885,ctc-abl,0,10000,579.6079981475749,596.8344216840009,19779.47271633693,36.38815737250883,10.849794020726108,6.630301365801641,4.219492654924479,47.13724399327309,44.47411912150361,5.948125936169492,28.117688257115176,0.0,0.0,0.0,0.033400526263059734,2.3846345771297366,0.03578406967886666,2.5611454558006734,0.31598404018018544,23.094401513900518,0.08616855393141723,6.202946510780618,0.07744024961582245,4.043213563625559,0.03387769755052783,2.8549509960687485,nan,IAE_p,0.3159840405992152,-1.3261105547002217e-09,1
circle,noise,C2abl,0.2022631019595885,ctc-abl,0,10000,579.6087665624908,596.839437275557,19779.5713841587,36.42163417637393,10.852628116097133,6.632368105261056,4.220260010836039,47.240793087353545,44.47423004860084,96.60974106138862,28.136151643090436,0.0,0.0,0.0,0.03340106161968537,2.3846342556572315,0.03577991870859662,2.560678722932047,0.31598826441214706,23.09423131188598,0.0861600232827987,6.201703134551772,0.0774966145806659,4.0502196886537885,0.03382700906914009,2.8515426875190455,nan,IAE_p,0.3159840405992152,1.3367171721290205e-05,1
circle,mismatch,C2abl,0.2022631019595885,ctc-abl,0,10000,553.0737491750099,569.5353993732481,17685.761229280157,43.67121746433403,12.28223400294995,4.278915602544969,8.003318400404996,51.08088684696184,42.054442368530054,9.250174940465868,46.62223416589871,0.0,0.0,0.0,0.06402728879009259,8.057614375218689,0.06431520520598989,8.18167548655482,0.6363220398138888,79.43697987673504,0.1606359595327851,20.403424702032375,0.07869699847447724,9.581767067595612,0.06327520877982148,7.596757017443844,nan,IAE_p,0.3159840405992152,1.0137790459518201,0
circle,friction2,C2abl,0.2022631019595885,ctc-abl,0,10000,579.4252025827427,605.1569666984662,19691.19807198888,110.64947885950922,10.318292614042877,4.76356648819466,5.5547261258482346,47.2522953318722,44.37476543260694,6.2623420866764405,72.57926734597471,0.0,0.0,0.0,0.04774940362735863,2.9190978764936806,0.0440087551588218,2.7570043627392464,0.45886054615557487,28.5050000864678,0.10710067336715434,6.741501462685452,0.07744024961582245,4.043213563625559,0.051502886941167614,3.762871288083424,nan,IAE_p,0.3159840405992152,0.45216367663827683,0
circle,contact,C2abl,0.2022631019595885,ctc-abl,0,10000,573.3464725978442,594.753930218498,19570.908132144283,48.34508693893574,11.035606624668246,6.921206369684318,4.114400254983965,47.12061049950458,44.23901912581729,9.501906262536465,75.94373811868097,0.0,0.0,0.0,0.08474314714231262,5.899636978468596,0.0295221693654916,3.3006109368975283,0.5475394636887935,39.96582038294925,0.07145310272967728,8.202581060100162,0.3522616538870882,24.750612485901716,0.026686263421942556,3.016166197881013,nan,IAE_p,0.3159840405992152,0.732807336251758,0
line,none,C2abl,0.2022631019595885,ctc-abl,0,10000,-375.37760785053524,411.8871874839585,7480.219152298437,26.61934803313198,1.0136232684919562,3.154397569211551,-2.140774300719601,32.949674532080515,27.349989309501453,11.950493291850544,31.415386014249897,0.0,0.0,0.0,0.02644034560792117,2.8329875604817825,0.0032038273452359147,0.4774705582370647,0.1615178439182792,19.544627572555015,0.007936872997471213,1.165868877540987,0.11520555046337619,12.499229957258414,0.002468013673525304,0.3128487136555384,6.364000000000001,IAE_p,0.3159840405992152,-0.488841766780419,0
circle,none,C3,0.1397720443951046,hinf-vel,0,10000,579.4229543720824,597.7800708040486,19877.653158064182,38.28864183837335,11.712391606247007,7.105011772306979,4.607379833940032,48.691446800912395,44.58436178534373,6.580136423225958,29.857773931740077,0.0,0.0,0.0,0.03501049524578978,2.1973689681483415,0.025997123616194804,1.844197858871083,0.3159840405952181,20.77592449733129,0.06043659511986129,4.465264220848019,0.07744024961582245,4.043213563625559,0.03139225451796175,2.116296755623894,nan,IAE_p,0.3159840405992152,-1.2649659097974109e-11,1
circle,noise,C3,0.1397720443951046,hinf-vel,0,10000,579.4244739243755,597.8603886753976,19878.54656291929,39.062969629348935,11.71705612947869,7.108913728360574,4.608142401118079,49.21058023117924,44.58536370034374,467.58569016793115,30.034714852168946,0.0,0.0,0.0,0.03501086041025021,2.197502433447665,0.025972629633200614,1.8425074938079782,0.3159479257030361,20.77402040523509,0.06038033361291935,4.461193514685716,0.07749700776846807,4.0502573437552645,0.0313158624442167,2.1104481387599776,nan,IAE_p,0.3159840405992152,-0.00011429341846069807,1
circle,mismatch,C3,0.1397720443951046,hinf-vel,0,10000,546.3558532670044,564.0934526470255,17412.92502276166,42.60076845655791,13.794427738002428,3.5660768242763177,10.228350913726121,50.50414441768881,41.72879703845015,12.33438297015667,47.83423090177966,0.0,0.0,0.0,0.07370865788281426,9.572983260883982,0.08702664686509409,11.62902497379837,0.7114164333264983,90.44124097205197,0.21753169845575585,29.062105676204784,0.09349875507985267,12.109245469575676,0.08711253802053197,11.161539453842725,nan,IAE_p,0.3159840405992152,1.2514315342553575,0
circle,friction2,C3,0.1397720443951046,hinf-vel,0,10000,579.5530987724669,607.90767400433,19888.33668816465,123.29017660886868,11.735882312794466,4.984275926036534,6.75160638675792,48.670445011216955,44.596341428602244,7.526058296946391,88.4315178239276,0.0,0.0,0.0,0.04668026653256434,2.7978016431858954,0.03274298299375134,2.0106152197619345,0.44267114843745736,27.09428241582336,0.0770747665478333,4.864534075405438,0.07744024961582245,4.043213563625559,0.04195121367871519,2.6952975941981507,nan,IAE_p,0.3159840405992152,0.40092881779092227,0
circle,contact,C3,0.1397720443951046,hinf-vel,0,10000,575.9275730965535,597.3695651989531,19741.119367693547,42.710742186866064,11.239401385277256,7.056052833598905,4.183348551678331,48.691446800912395,44.43097947119053,8.728240109117111,83.38939190126646,0.0,0.0,0.0,0.06309605893821316,4.159708183982035,0.025696214868433986,2.7455076030399583,0.5341753259714691,37.94594648769688,0.052554109902767446,6.723791859096997,0.12221393047959503,8.252272564040908,0.008510175560776692,1.7520008761326775,nan,IAE_p,0.3159840405992152,0.6905136251770427,0
line,none,C3,0.1397720443951046,hinf-vel,0,10000,-375.03781056988373,409.18546436681015,7367.455998332006,22.022137600681344,0.12240409263656318,2.1200669480629397,-1.9976628554263822,31.630378481170847,27.143058041296683,11.300489682360386,29.080007340977133,0.0,0.0,0.0,0.042686667901117296,3.58639560255412,0.012603146543146284,0.8919069966983619,0.34898501283971756,24.459292046589244,0.031167385479745686,2.2166507372948017,0.11520555046337619,12.499229957258414,0.009557405494406675,0.7262870070565022,nan,IAE_p,0.3159840405992152,0.10443873107616786,0
circle,none,C1,1.0,tndq(5.2),0,10000,590.6680770110586,607.9716341977895,20593.109965655432,38.433054293733285,10.830806306556898,6.9765082124944655,3.8542980940624467,49.39196772103654,45.379631957140674,5.947908790262638,27.125151532597116,0.0,0.0,0.0,0.034065910060748265,3.690855853482093,0.03458058594804656,3.3896780939605735,0.3159840405992152,36.17617303725747,0.08311499093675304,8.085544651188677,0.07744024961582245,4.984375564520053,0.033460962034269785,4.984375564520053,nan,IAE_a_deg,36.17617303725747,0.0,1
circle,noise,C1,1.0,tndq(5.2),0,10000,590.6716728901666,607.976676137888,20593.45733212039,38.46403363945978,10.837754426684647,6.980424548752104,3.8573298779325045,49.471808038275526,45.380014689420705,69.03414888994672,27.133902440674465,0.0,0.0,0.0,0.034066201339327994,3.6911137839953874,0.03457345947575424,3.388995952633832,0.315979181887334,36.17929718350027,0.08309953900799918,8.084277789510487,0.07749662984318531,4.986985598122055,0.03340564049223584,4.980208299839889,nan,IAE_a_deg,36.17617303725747,8.635922433208876e-05,1
circle,mismatch,C1,1.0,tndq(5.2),0,10000,381.226163165918,401.12508281667874,8296.344782924363,36.17795651509747,17.58713569364135,1.1041023175215048,16.483033376119845,45.308679280383224,28.80337616135366,6.462762268081264,49.930637615594485,0.0,0.0,0.0,0.0746108446088834,24.88871208738372,0.08740023035569097,31.546526945913048,0.7292431325736686,232.68030541647258,0.21824773554024926,78.84794085871516,0.09289232940226502,32.23834484485447,0.07892261495655911,29.901679150075886,nan,IAE_a_deg,36.17617303725747,5.43186622246741,0
circle,friction2,C1,1.0,tndq(5.2),0,10000,600.2999998885826,627.1678594245535,21528.2309913993,118.85100286138916,12.797754393467336,7.126492210119855,5.671262183347456,50.51015443061956,46.398524751762636,6.713871207464145,75.23051500654526,0.0,0.0,0.0,0.0464948568318071,4.898248813838828,0.04259627345864939,3.3732681981599257,0.4367884058563481,46.514509344416915,0.10342910146668012,7.745349530156186,0.07744024961582245,7.172315190458358,0.04888014767449547,3.4559157343369495,nan,IAE_a_deg,36.17617303725747,0.2857775004700496,0
circle,contact,C1,1.0,tndq(5.2),0,10000,561.035332421113,578.9522212377723,18307.839802177718,61.0262755714071,13.391164678759425,7.081387721865187,6.309776956894241,49.39196772103654,42.78766154182502,13.09327671704946,78.11609592387852,0.0,0.0,0.0,0.067057044850673,10.116532386908432,0.02771325752526232,8.285403162063796,0.47800123745633316,85.96389362420226,0.06840085462806053,20.574425800498293,0.25748194791948725,19.67641418405288,0.020842403845782533,6.903556039521493,nan,IAE_a_deg,36.17617303725747,1.37625725462085,0
line,none,C1,1.0,tndq(5.2),0,10000,-351.3151801624521,385.0154711243208,6554.497963498712,24.160585570316673,1.2177739161007086,3.7651117068201225,-2.547337790719404,38.22721389162162,25.60175377488564,11.69121805014599,28.193613250670747,0.0,0.0,0.0,0.025406839473941897,5.453722012358572,0.00528415805502378,3.886967363636068,0.1664008134274576,51.81067639765011,0.013209900555844515,9.689757677066988,0.11520555046337619,12.499229957258414,0.005142286765783612,3.3948142102634966,nan,IAE_a_deg,36.17617303725747,0.4321768182690531,0
circle,none,C2,0.037815045196281524,chandra20,0,10000,575.512266213984,586.4505995671539,19391.89840856714,10.090048360924651,1.7724482341119954,2.2549572052967473,-0.48250897118475927,42.627525400903394,44.03623327280291,1.5475177838617706,6.216798271993175,0.0,0.0,0.0,0.0818179228740012,3.642942799205743,0.08149456890246422,3.4135202534523663,0.8016461194192966,36.17617314495932,0.1992525381179368,8.518820553376283,0.10385616594501251,4.4063759734129,0.04893748201421391,2.866234719145173,nan,IAE_a_deg,36.17617303725747,2.9771487497498583e-09,1
circle,noise,C2,0.037815045196281524,chandra20,0,10000,575.511396601809,586.450012192884,19391.80508274032,10.091777892734344,1.7734027462914788,2.255770004286994,-0.4823672579955207,42.638535211574215,44.03612730785976,9.648575393006313,6.217206247143729,0.0,0.0,0.0,0.0818182235010839,3.642793474771296,0.08149311747359927,3.413318876531487,0.8016502441120685,36.174232063442,0.1992496119130619,8.51829985883327,0.10395047257602559,4.423049242596599,0.04889883765731237,2.8667171514909984,nan,IAE_a_deg,36.17617303725747,-5.365337603491227e-05,1
circle,mismatch,C2,0.037815045196281524,chandra20,0,10000,451.56845025398377,471.87444760857875,12725.774340389045,559.6236820502608,26.67104745383672,15.796911654012495,10.874135799824169,89.70006528132112,35.673203304986565,7072.565178905746,201.9111875123482,0.0,0.0062,0.0097,0.284410980063831,33.338368147207916,0.31478366992786744,34.07705191310881,2.7098662652139214,322.39955263969244,0.7710548811101202,84.07450819603064,0.41120598668302877,40.75863693854995,0.41120598668302877,40.75863693854995,nan,IAE_a_deg,36.17617303725747,7.911930853151782,0
circle,friction2,C2,0.037815045196281524,chandra20,0,10000,576.0666830847492,587.1732822569365,19582.907824878213,12.826339344087124,0.7694537270697345,1.1236239472907457,-0.35417022022101396,42.53036693310734,44.25257938796135,1.460667491789928,8.828872186688589,0.0,0.0,0.0,0.08487386263790953,3.4666457705923146,0.07906782034608374,2.9891744765730244,0.8363146081247745,34.27126755302628,0.19450957604972957,7.4713254106583795,0.10788279830526411,4.141778212615619,0.05530352300213897,2.8178187331430746,nan,IAE_a_deg,36.17617303725747,-0.05265635705217775,0
circle,contact,C2,0.037815045196281524,chandra20,0,10000,569.366548754158,583.4464854477633,18798.25480237696,18.178951734276787,2.3967663381198356,3.2119871640177693,-0.8152208258979383,43.561449918586,43.35695423156124,4.534151095273404,34.449601366875314,0.0,0.0,0.0,0.35670984451172394,24.757365078724202,0.10649915706800914,7.882232246937997,2.274503026431987,148.86512742684644,0.24825628055825164,19.66625631474193,1.0411206153163506,75.83227926459604,0.056505946357176116,6.983820895757929,nan,IAE_a_deg,36.17617303725747,3.1150048479017327,0
line,none,C2,0.037815045196281524,chandra20,0,10000,-413.17398015715975,435.0805760077352,8658.169200064012,19.034161177968613,0.8664797204521872,2.8406419759379054,-1.9741622554856988,31.403811966391185,29.424767118983308,10.518942720309195,26.978522095686447,0.0,0.0,0.0,0.117027737843467,11.053723312709279,0.07855603082334775,7.45025656394679,1.1341974673635655,105.16047128582137,0.1956414067855861,18.592371265673165,0.17597553088183457,18.893623686247942,0.06707983124920808,6.70400832316143,nan,IAE_a_deg,36.17617303725747,1.9068987252332543,0
circle,none,C2abl,0.03889667916648417,ctc-abl,0,10000,573.9198058493075,584.9580282894664,19260.001354248354,10.612190201065271,1.9960535685759877,2.450320487176847,-0.45426691860084745,42.63214728739216,43.88621805789188,1.6034348001311622,6.43644570378813,0.0,0.0,0.0,0.0821694355832243,3.6417055112723324,0.08325497320671046,3.522061665477259,0.8038642769964762,36.176197413479066,0.20325957911897213,8.789961615387151,0.10376317414741433,4.349689208810586,0.048130179838321456,2.9552989211967717,nan,IAE_a_deg,36.17617303725747,6.738197977362859e-07,1
circle,noise,C2abl,0.03889667916648417,ctc-abl,0,10000,573.9186740996357,584.9573766664379,19259.888015577802,10.614558277857189,1.997015329651806,2.451213756793478,-0.45419842714166586,42.64666327905632,43.88608892983949,15.14439328203768,6.437332619699826,0.0,0.0,0.0,0.0821697979035261,3.6415972385583233,0.08325410739729411,3.521993078458947,0.8038685313084598,36.17469766050264,0.2032578957957091,8.789769393404859,0.10390526653606702,4.3668088447501034,0.04809009069266844,2.9558231906891383,nan,IAE_a_deg,36.17617303725747,-4.078310752531067e-05,1
circle,mismatch,C2abl,0.03889667916648417,ctc-abl,0,10000,437.6359151223857,449.87029191336404,10165.211776548767,33.907782794332206,15.393776881720266,1.8220865018561367,13.571690379864119,49.57404580641732,31.882929251479965,8.253298497957617,29.425378065213042,0.0,0.0,0.0,0.3168617293409064,36.02872397855185,0.3579589277074649,40.32872750082165,3.015241358500113,348.32018937090794,0.8930831424023454,100.81844906338279,0.3991536467626479,40.77497113232215,0.3991536467626479,40.732223509426476,nan,IAE_a_deg,36.17617303725747,8.62844215202577,0
circle,friction2,C2abl,0.03889667916648417,ctc-abl,0,10000,575.6919437129586,586.900239850901,19554.512475873635,13.965784060038944,0.8552528913746398,1.1789838529709198,-0.323730961596282,42.58841090945917,44.22048447933789,1.4967194575278024,9.555388256967314,0.0,0.0,0.0,0.08452133487446505,3.435305690618773,0.07855040791347065,2.948193575568092,0.8325254709086136,33.918760512115014,0.19312158227972298,7.36875293022583,0.1076746538338904,4.129786079672675,0.05447064526187291,2.777657930414687,nan,IAE_a_deg,36.17617303725747,-0.06240053426374237,0
circle,contact,C2abl,0.03889667916648417,ctc-abl,0,10000,514.902625867615,540.0028064006204,16514.450449915348,398.70838976917486,20.765659100642086,11.259942665606056,9.505716435036014,55.869742733323726,40.637975404681946,5996.6112204702085,371.867387646569,0.0,0.0,0.0197,0.43236527370715383,34.775584233543725,0.18569153162900257,8.910164299091313,3.028825768124272,221.50984779044705,0.4597277984027247,22.154820776185343,1.0068788410170866,80.04508464643112,0.1532367984676762,7.8441200198097,nan,IAE_a_deg,36.17617303725747,5.123086805293537,0
line,none,C2abl,0.03889667916648417,ctc-abl,0,10000,-405.3134059715293,426.71925701576,8317.177156277148,18.195324161976416,1.495740496323602,3.6106424387463094,-2.11490194242269,31.468865491925932,28.83951656369633,11.588808627530737,26.61723653375157,0.0,0.0,0.0,0.10845860367312274,10.211909505441477,0.06961794895811645,6.69767616159325,1.044198431794884,96.69295319059337,0.17333316584850297,16.718764858575742,0.16585353918420045,17.82222603849096,0.059063492948338306,6.077677929965802,nan,IAE_a_deg,36.17617303725747,1.6728353242619192,0
circle,none,C3,0.00861765423247934,hinf-vel,0,10000,587.8195324667329,606.3125181833782,20707.773761120265,64.62188544742996,16.25467513916734,9.541118138677568,6.713557000489752,61.891733066943274,45.50579497286061,1220.2404509529722,105.08984756808933,0.0,0.0,0.0075,0.05117728298805523,3.733943847354189,0.04076632550107398,4.25654946626393,0.49342932877180307,36.1738767502682,0.10154321920709442,10.629404286048095,0.07845328387985344,4.766644935313003,0.03917198309028865,3.881284484114382,nan,IAE_a_deg,36.17617303725747,-6.34751217853946e-05,1
circle,noise,C3,0.00861765423247934,hinf-vel,0,10000,587.8227619637976,606.3402558221443,20708.525108705508,65.08442109014868,16.25628875261518,9.543728437525736,6.71256031508945,62.35608106422052,45.506620516915454,1289.4362195989356,105.39203814502697,0.0,0.0,0.0075,0.05112109990320003,3.729279033548351,0.0406757437996404,4.25160976898364,0.4927424580278506,36.1245743613048,0.10131509330537748,10.616896858200905,0.07856514684495249,4.768024592694042,0.03910326893575003,3.8784038864990915,nan,IAE_a_deg,36.17617303725747,-0.0014263165951668988,1
circle,mismatch,C3,0.00861765423247934,hinf-vel,0,10000,478.8136617825208,553.1997698771092,20046.076444047296,5916.021472946793,65.59578877827688,50.323513643497364,15.272275134779555,176.0,44.77284494428213,21364.38232906405,1749.6370511618522,0.0007,0.0676,0.0418,0.3207789898229695,34.61319859000899,0.45519822896004336,50.028374858794585,2.915915445811053,308.56890257762296,1.1153970048275221,123.86970619235768,0.6218015636079169,62.782935293903215,0.6218015636079169,62.782935293903215,nan,IAE_a_deg,36.17617303725747,7.529617056503765,0
circle,friction2,C3,0.00861765423247934,hinf-vel,0,10000,584.5031685360613,611.2856675397925,20443.194738163045,123.50704001277985,14.163122117052477,5.681738707632784,8.48138340941968,49.787387804535875,45.21415125617537,7.696170127760761,89.4967429082357,0.0,0.0,0.0,0.07824822367481918,4.291202353547509,0.06338325077105894,4.07710708237543,0.7676469818595807,42.0849491769878,0.15572768289235533,9.939452722666683,0.10201518905568711,5.6130352984440695,0.08323383395221133,5.291658009522853,nan,IAE_a_deg,36.17617303725747,0.1633333667893766,0
circle,contact,C3,0.00861765423247934,hinf-vel,0,10000,585.9287145922592,605.5529515394809,20557.04915560592,69.4775022706685,15.832606991174632,9.296244541027649,6.5363624501469895,61.891733066943274,45.33988217409251,1220.2551249951075,160.42192980358848,0.0,0.0,0.0075,0.13643974981869003,8.96569300238339,0.15286923547372894,10.620283628839728,1.2200324988586662,82.23194670634571,0.3794677164747172,26.443132632024884,0.19911057327970416,12.43485825127577,0.1288289198741347,8.97508995438921,nan,IAE_a_deg,36.17617303725747,1.2730968978298471,0
line,none,C3,0.00861765423247934,hinf-vel,0,10000,-373.0224515083621,405.7908530233992,7266.273466909198,20.258982393977877,0.6734388119903056,1.5506396204154278,-0.8772008084251163,31.373579126672013,26.956026166535004,10.435374638974627,28.18773029872281,0.0,0.0,0.0,0.1259435657000257,8.507792502854992,0.1263628881075271,7.487221765950736,1.2570805625636998,84.14218166937327,0.3158953828175945,18.717102978634802,0.13455036499112571,12.499229957258414,0.12447458030876223,7.357325639963612,nan,IAE_a_deg,36.17617303725747,1.3259005750198094,0
