law,case,seed,scale,ki,dt,pos_rms_mm,angle_rms_deg,pos_all_mm,angle_all_deg,torque_rms,torque_peak,torque_rate_rms,jerk_rms,limited_fraction,min_sigma,failed,bias_final
C1,clean,0,1.0,16.0,0.005,2.326369297202048e-11,3.3574198376438543e-12,9.138118088872014,1.4363166150563698,8.747074356213577,7.780126316997928,0.9916691916654767,3.5199424605782825,0.0,0.17214311173648425,False,0.0
C2,clean,0,1.0,16.0,0.005,2.3258244953473033e-11,3.3668643813943406e-12,8.904494461282574,1.4335802967534863,8.747185188809885,7.904086972282828,1.1399435450644935,3.703013490971148,0.0,0.17214311173648425,False,0.0
DQ-noI,clean,0,1.0,16.0,0.005,2.3258244953473033e-11,3.3705121880771447e-12,9.058032666264564,1.4340100057717189,8.747065859787163,7.784825366876745,0.9863909263268686,3.5366216546441183,0.0,0.17214311173648425,False,0.0
DQ-I,clean,0,1.0,16.0,0.005,2.110444419422342e-07,3.646799891200064e-08,8.692067422285053,1.3745938879314925,8.74645283382306,7.784825366876745,0.9495384433705475,3.4054111891935905,0.0,0.17214311173648425,False,2.400323249990718e-11
C2+I,clean,0,1.0,16.0,0.005,2.1940998688553648e-07,3.525567202688015e-08,8.542734997383256,1.375371718088522,8.746618674633387,7.904086972282828,1.0987078955220189,3.5698007678880983,0.0,0.17214311173648425,False,0.0
C1,clean,1,1.0,16.0,0.005,2.326369297202048e-11,3.3574198376438543e-12,9.138118088872014,1.4363166150563698,8.747074356213577,7.780126316997928,0.9916691916654767,3.5199424605782825,0.0,0.17214311173648425,False,0.0
C2,clean,1,1.0,16.0,0.005,2.3258244953473033e-11,3.3668643813943406e-12,8.904494461282574,1.4335802967534863,8.747185188809885,7.904086972282828,1.1399435450644935,3.703013490971148,0.0,0.17214311173648425,False,0.0
DQ-noI,clean,1,1.0,16.0,0.005,2.3258244953473033e-11,3.3705121880771447e-12,9.058032666264564,1.4340100057717189,8.747065859787163,7.784825366876745,0.9863909263268686,3.5366216546441183,0.0,0.17214311173648425,False,0.0
DQ-I,clean,1,1.0,16.0,0.005,2.110444419422342e-07,3.646799891200064e-08,8.692067422285053,1.3745938879314925,8.74645283382306,7.784825366876745,0.9495384433705475,3.4054111891935905,0.0,0.17214311173648425,False,2.400323249990718e-11
C2+I,clean,1,1.0,16.0,0.005,2.1940998688553648e-07,3.525567202688015e-08,8.542734997383256,1.375371718088522,8.746618674633387,7.904086972282828,1.0987078955220189,3.5698007678880983,0.0,0.17214311173648425,False,0.0
C1,clean,2,1.0,16.0,0.005,2.326369297202048e-11,3.3574198376438543e-12,9.138118088872014,1.4363166150563698,8.747074356213577,7.780126316997928,0.9916691916654767,3.5199424605782825,0.0,0.17214311173648425,False,0.0
C2,clean,2,1.0,16.0,0.005,2.3258244953473033e-11,3.3668643813943406e-12,8.904494461282574,1.4335802967534863,8.747185188809885,7.904086972282828,1.1399435450644935,3.703013490971148,0.0,0.17214311173648425,False,0.0
DQ-noI,clean,2,1.0,16.0,0.005,2.3258244953473033e-11,3.3705121880771447e-12,9.058032666264564,1.4340100057717189,8.747065859787163,7.784825366876745,0.9863909263268686,3.5366216546441183,0.0,0.17214311173648425,False,0.0
DQ-I,clean,2,1.0,16.0,0.005,2.110444419422342e-07,3.646799891200064e-08,8.692067422285053,1.3745938879314925,8.74645283382306,7.784825366876745,0.9495384433705475,3.4054111891935905,0.0,0.17214311173648425,False,2.400323249990718e-11
C2+I,clean,2,1.0,16.0,0.005,2.1940998688553648e-07,3.525567202688015e-08,8.542734997383256,1.375371718088522,8.746618674633387,7.904086972282828,1.0987078955220189,3.5698007678880983,0.0,0.17214311173648425,False,0.0
C1,constant_bias,0,1.0,16.0,0.005,6.757973435478576,6.838835346095003,6.251299315781375,6.239408236697992,8.904561080705854,7.196644609706026,0.15652605460460922,2.2454570208505427,0.0,0.1735274729766153,False,0.0
C2,constant_bias,0,1.0,16.0,0.005,9.110656223013752,6.8372471832142585,8.32699138875826,6.237745652345301,8.936185124316884,7.199392240542487,0.15658033982288616,2.2533331598821094,0.0,0.17433550818676255,False,0.0
DQ-noI,constant_bias,0,1.0,16.0,0.005,6.714604839810823,6.826957732424177,6.200534065244346,6.228965208162719,8.905134462071226,7.195269437582085,0.15561402098556468,2.2429283852980775,0.0,0.1735382923166584,False,0.0
DQ-I,constant_bias,0,1.0,16.0,0.005,4.0272021076728494e-05,8.358393364298281e-06,1.147476721134514,0.9073975148808499,8.933936019652082,7.206417119062182,0.16198217365706147,2.3400839190946843,0.0,0.17465144851073747,False,4.75135599006966
C2+I,constant_bias,0,1.0,16.0,0.005,3.693880775488747e-05,7.969324251492916e-06,1.2751793816164285,0.9074516459725475,8.934520334410598,7.208240695653517,0.16281616321367565,2.3442975923136116,0.0,0.17465133808612343,False,0.0
C1,constant_bias,1,1.0,16.0,0.005,4.975827701137205,6.518009599266914,4.613541485821869,5.947390858256658,8.903661781160528,7.2016284208096115,0.1461800806220809,2.0566207358848265,0.0,0.1742403757926618,False,0.0
C2,constant_bias,1,1.0,16.0,0.005,6.826450367608727,6.51659833487027,6.244360978899204,5.9459117549662,8.92684249195349,7.203900889772109,0.146388776016703,2.063561601963248,0.0,0.17465540117489337,False,0.0
DQ-noI,constant_bias,1,1.0,16.0,0.005,4.954741439417415,6.507781684526174,4.585043282883295,5.938393331225576,8.904112779399705,7.200711317154637,0.14541287365018857,2.0544811150439966,0.0,0.17424743510503404,False,0.0
DQ-I,constant_bias,1,1.0,16.0,0.005,3.344107696616557e-05,8.787910696375214e-06,0.8770532182547484,0.86764538786909,8.925165430281469,7.2105722790215,0.1519504286857545,2.143744393793943,0.0,0.1746532852735127,False,4.496424842080132
C2+I,constant_bias,1,1.0,16.0,0.005,3.0756013857766424e-05,8.400830239526274e-06,0.9754301981108238,0.8676911948506144,8.925596527565704,7.212714045897039,0.15279350353877896,2.1472656113230886,0.0,0.1746532621173515,False,0.0
C1,constant_bias,2,1.0,16.0,0.005,6.001595315377653,6.368901529467102,5.540401094635719,5.81136824419768,8.868824550696269,7.183827084399133,0.12402576456001864,2.0147944849704746,0.0,0.17394228564478115,False,0.0
C2,constant_bias,2,1.0,16.0,0.005,7.943949652305729,6.36802698666549,7.256128994322389,5.810381726534413,8.893187021791302,7.1861792684655965,0.1240961807034773,2.021691776478093,0.0,0.17449115498995954,False,0.0
DQ-noI,constant_bias,2,1.0,16.0,0.005,5.963970816911553,6.359306982179024,5.497052594927329,5.802927549275537,8.86927525212773,7.182731722423977,0.12324081717963835,2.0126496383859713,0.0,0.1739507301092231,False,0.0
DQ-I,constant_bias,2,1.0,16.0,0.005,3.2308721117516974e-05,8.670212232767405e-06,0.9870618082110959,0.8480052853891087,8.899479930765644,7.191696761743217,0.12866384225076238,2.0997732661435777,0.0,0.17465371650820286,False,4.423457523485475
C2+I,constant_bias,2,1.0,16.0,0.005,2.9656662712527998e-05,8.284802905057653e-06,1.0946944744923408,0.8480594465766084,8.899938859874458,7.194123527919008,0.12948585118824466,2.103361312028522,0.0,0.1746537099341856,False,0.0
C1,slow_tracking,0,1.0,16.0,0.005,6.418832556735287,5.8279712413268365,6.422716265834616,6.197322814644033,8.846670233317642,7.231977127665777,0.28374497788215103,2.619501146282395,0.0,0.16393104736818512,False,0.0
C2,slow_tracking,0,1.0,16.0,0.005,8.073612015584017,5.827043018026444,8.365299606958729,6.195330968169997,8.878235913646954,7.235508338336069,0.2897016173136696,2.6294060961657366,0.0,0.16518503069212068,False,0.0
DQ-noI,slow_tracking,0,1.0,16.0,0.005,6.391111252848435,5.820807706995637,6.364139524040764,6.186304616841041,8.847367217065589,7.230284900951188,0.28348543863689346,2.6162812340773125,0.0,0.1638319555112504,False,0.0
DQ-I,slow_tracking,0,1.0,16.0,0.005,1.325528886181263,0.2548252495609422,1.9663197774247048,1.0842425083229894,8.88183676965783,7.24231625083251,0.30586653713059336,2.731734154539405,0.0,0.16629123536430673,False,4.5599822155090415
C2+I,slow_tracking,0,1.0,16.0,0.005,1.3267609782452403,0.25473780025193354,2.0764130192452463,1.0842493619529905,8.882534179522347,7.245996026941373,0.30576691094062636,2.737287733031063,0.0,0.16629023966484482,False,0.0
C1,slow_tracking,1,1.0,16.0,0.005,4.8483311777172,5.569215814699266,4.7786619102101495,5.9102716657771355,8.846020502373792,7.237482256545742,0.2773812878074125,2.407091675554014,0.0,0.16505064465103045,False,0.0
C2,slow_tracking,1,1.0,16.0,0.005,6.100197657378925,5.568287567530922,6.285314022466668,5.908466150113828,8.869224377540148,7.240435765908258,0.2825998279213321,2.4160035242273015,0.0,0.16591608456745352,False,0.0
DQ-noI,slow_tracking,1,1.0,16.0,0.005,4.834040822565999,5.562993561432552,4.744354410419351,5.900782439026718,8.846574211686994,7.236350612622996,0.2771671247537637,2.404333865369596,0.0,0.16497103875016214,False,0.0
DQ-I,slow_tracking,1,1.0,16.0,0.005,1.3656834612638964,0.2406198481212451,1.7870551972744786,1.0385697766512556,8.873230605784675,7.248270782927717,0.2994323064641605,2.5106165023680456,0.0,0.16630383130126736,False,4.317248925571849
C2+I,slow_tracking,1,1.0,16.0,0.005,1.3665488886373947,0.24052505340356906,1.8557514160435358,1.0385682442027329,8.873727562964849,7.250932522837396,0.299534188550826,2.515463780843827,0.0,0.16630284671289178,False,0.0
C1,slow_tracking,2,1.0,16.0,0.005,5.663899662056685,5.436633088307501,5.72530698210689,5.773539448495434,8.811989055904963,7.2173716331758655,0.2633982389248195,2.349949805594988,0.0,0.16474888297127951,False,0.0
C2,slow_tracking,2,1.0,16.0,0.005,7.0396682658937175,5.4361327958393915,7.3324266233388045,5.77224951775108,8.836352933798619,7.220454883843546,0.2685832216132316,2.358686080175762,0.0,0.16571425812586507,False,0.0
DQ-noI,slow_tracking,2,1.0,16.0,0.005,5.639048382899445,5.430816283345997,5.675975344233758,5.764634385149326,8.812542094941904,7.216022417107275,0.2632661622545631,2.34720937234748,0.0,0.16466350418866646,False,0.0
DQ-I,slow_tracking,2,1.0,16.0,0.005,1.2505282222568295,0.23895344205732383,1.7819383108230618,1.0145100458657565,8.8477091970272,7.226853594967063,0.28422667557229037,2.450572962789997,0.0,0.16633871668101088,False,4.245223544986516
C2+I,slow_tracking,2,1.0,16.0,0.005,1.2514770899470622,0.23886235917665508,1.870885952281315,1.01451375805711,8.848252117709476,7.229880668677415,0.28416676625801673,2.455394077227139,0.0,0.1663377527360426,False,0.0
C1,model_mismatch,0,1.0,16.0,0.005,11.402842161197102,4.095350035716823,12.000612781158,4.056210210649378,9.15894913518287,7.312238084098746,0.21255580280617595,3.112654122087475,0.0,0.17347294774718602,False,0.0
C2,model_mismatch,0,1.0,16.0,0.005,11.708131543833604,4.091787239258827,12.072516557146272,4.053061714975825,9.163673993812415,7.31029875129496,0.21030591419873285,3.107546364515699,0.0,0.17326607711076722,False,0.0
DQ-noI,model_mismatch,0,1.0,16.0,0.005,11.404653261145295,4.092716245103393,11.99940151921821,4.053681438372634,9.158885458795462,7.310552043349009,0.21272884885400875,3.1027842310906895,0.0,0.1734774191896562,False,0.0
DQ-I,model_mismatch,0,1.0,16.0,0.005,2.6062051705365452e-05,1.1499305619875256e-05,2.4352481024289263,1.0753869363775213,9.099536950178084,7.296076499476652,0.21663387609307314,3.261277280344156,0.0,0.17405641369450403,False,2.5884546266532245
C2+I,model_mismatch,0,1.0,16.0,0.005,2.4657839189643128e-05,1.110791702517445e-05,2.4348536360896578,1.075307540111177,9.100316647659552,7.299242561809866,0.2174884034263514,3.263413262826024,0.0,0.17401362708836557,False,0.0
C1,model_mismatch,1,1.0,16.0,0.005,5.350685252141166,6.28376754566779,4.9368109403635625,5.731697685763534,8.856524118177596,7.1812528806953955,0.1515449184224484,1.9214250352876479,0.0,0.17447793783421797,False,0.0
C2,model_mismatch,1,1.0,16.0,0.005,6.9049431832454715,6.281481493611819,6.306449727946295,5.729481605662645,8.876289770494223,7.182786041147998,0.15146534628423378,1.9270476984509362,0.0,0.17447485641890617,False,0.0
DQ-noI,model_mismatch,1,1.0,16.0,0.005,5.327856249489782,6.274484179245291,4.908673704455561,5.723547672934737,8.856928990121503,7.18016520106757,0.1510164954238923,1.9174797824850247,0.0,0.17447796822361333,False,0.0
DQ-I,model_mismatch,1,1.0,16.0,0.005,2.7925054749238967e-05,9.492384998348672e-06,0.9022986734340831,0.8763866980888962,8.877854854190948,7.180794170961141,0.1572615756987216,2.012657016194123,0.0,0.174557495845849,False,4.25434541121535
C2+I,model_mismatch,1,1.0,16.0,0.005,2.5585468572149668e-05,9.081545698206544e-06,1.0027711673590165,0.8763507346083304,8.878295232049064,7.183142653073963,0.15799395777426667,2.016861254865611,0.0,0.17455707885627533,False,0.0
C1,model_mismatch,2,1.0,16.0,0.005,2.7887171997078513,5.573000514438292,3.4604075189394043,5.090671575672343,9.020217488398565,7.289363043222808,0.16512598369935336,1.868980887987129,0.0,0.17379142446694398,False,0.0
C2,model_mismatch,2,1.0,16.0,0.005,4.2330365571920465,5.5739169663388255,4.48290721732436,5.091288041913893,9.038403833216131,7.290395844200195,0.16474801948090437,1.8738995014863757,0.0,0.1742699118291408,False,0.0
DQ-noI,model_mismatch,2,1.0,16.0,0.005,2.822544463593875,5.566669437873392,3.475457466664183,5.08509418701004,9.02043761476246,7.28817862459602,0.16458726643531224,1.8639025680235395,0.0,0.17379541263246678,False,0.0
DQ-I,model_mismatch,2,1.0,16.0,0.005,3.915830938446501e-05,1.4152205483527603e-05,1.2765382573228226,0.8484537052343051,9.045033419533487,7.30222614662421,0.17106185680229902,1.9530216480125442,0.0,0.1746544002751838,False,3.9340485683991204
C2+I,model_mismatch,2,1.0,16.0,0.005,3.661398145389611e-05,1.364129289070499e-05,1.3542409901314751,0.8484736211741682,9.045479627970092,7.304772384078272,0.17174392752460857,1.9573653449154942,0.0,0.17465441054409178,False,0.0
C1,friction_tracking,0,1.0,16.0,0.005,16.69512405948607,4.564928180106243,19.353664912754997,5.027437051172098,8.879917897414321,7.3338542368698665,0.26680178552196276,10.987005147449823,0.0,0.1694332580917452,False,0.0
C2,friction_tracking,0,1.0,16.0,0.005,16.00247846860975,4.576601451988068,17.428105943045615,4.895667971469513,8.896300118932508,7.345865038221271,0.27033903806573123,10.986997441813736,0.0,0.16982469288114585,False,0.0
DQ-noI,friction_tracking,0,1.0,16.0,0.005,16.70439437955884,4.5641397014907845,19.335902480821545,5.0205574771945916,8.879104709534719,7.333445045430281,0.26663657691999937,10.987020716378588,0.0,0.1694187983800276,False,0.0
DQ-I,friction_tracking,0,1.0,16.0,0.005,8.038646712058927,3.4517840739400616,7.467052616848234,3.2283783135981587,8.850255472901894,7.368434975769642,0.3758158068905291,10.996687140698299,0.0,0.16565621032127964,False,6.271943857293274
C2+I,friction_tracking,0,1.0,16.0,0.005,7.453405774378396,3.427948367791108,7.205654925557219,3.22401215860955,8.858240343969769,7.370936878511075,0.3776008854191572,10.998247979845786,0.0,0.1657073643072556,False,0.0
C1,friction_tracking,1,1.0,16.0,0.005,10.848965987360987,2.975417293778919,11.220904329307547,3.0233949874669817,8.642287296890514,7.221548747824136,0.2565093468526995,10.5133440626806,0.0,0.16989155101971257,False,0.0
C2,friction_tracking,1,1.0,16.0,0.005,11.150632766768965,2.9829829862466624,11.036586019440119,3.0017343612275362,8.650545889346109,7.224940571790674,0.2567672772377423,10.513333177251628,0.0,0.17013015810103252,False,0.0
DQ-noI,friction_tracking,1,1.0,16.0,0.005,10.833071878572497,2.974489243832426,11.222492161291626,3.0219559253743338,8.642005372922878,7.221222131046541,0.25654814786376084,10.513347004092228,0.0,0.16988693190288004,False,0.0
DQ-I,friction_tracking,1,1.0,16.0,0.005,8.125687132933804,3.45171050139225,7.60243094459613,3.2662683371611476,8.639349792060703,7.250698418657053,0.37374197916926105,10.52278746942986,0.0,0.16548351682827594,False,4.586722510572083
C2+I,friction_tracking,1,1.0,16.0,0.005,7.509531910258792,3.4256425885088415,7.344578024913504,3.2621263800417997,8.6477765277029,7.253436027268698,0.3757951944033647,10.524381963021778,0.0,0.1654688889022266,False,0.0
C1,friction_tracking,2,1.0,16.0,0.005,10.821388461140822,2.853318439548233,13.000694261110198,3.1184435188591,8.832272049684939,7.3473435044670525,0.25719326668194054,10.605488006341437,0.0,0.1698000921377085,False,0.0
C2,friction_tracking,2,1.0,16.0,0.005,10.85505652969643,2.845579764002449,12.417542467329238,3.07237212672435,8.840617062866881,7.35210945238357,0.25755543490974037,10.605479555028428,0.0,0.17001820714088126,False,0.0
DQ-noI,friction_tracking,2,1.0,16.0,0.005,10.809543116482752,2.8522688613980383,13.001231044331123,3.116447181129568,8.831943950083614,7.346989483739976,0.257173151889086,10.605482294808775,0.0,0.1697957017156189,False,0.0
DQ-I,friction_tracking,2,1.0,16.0,0.005,8.063071769359977,3.4650526473124517,7.394535290097167,3.2628563068147227,8.830065750892649,7.390048006299931,0.37471414609459786,10.61449295866284,0.0,0.16553824877429646,False,4.677035059433555
C2+I,friction_tracking,2,1.0,16.0,0.005,7.468702926842798,3.4392938474051094,7.127103065189982,3.2589225215422415,8.8384095139465,7.3926043049645935,0.3768796624060946,10.616084714530132,0.0,0.1655297030523657,False,0.0
C1,noise_tracking,0,1.0,16.0,0.005,0.038851479034257765,0.006799910038898987,0.034259300517961104,0.00556595798706372,8.69190725141893,7.091631315633195,2.384162658025168,10.909877366745306,0.0,0.16673261220020683,False,0.0
C2,noise_tracking,0,1.0,16.0,0.005,0.038851551603320086,0.006799910049973537,0.03425918805982764,0.005565957952420174,8.691907269726268,7.09163130882378,2.3841629175980974,10.909878630507476,0.0,0.166732612486121,False,0.0
DQ-noI,noise_tracking,0,1.0,16.0,0.005,0.03885149954332737,0.0067999074265459505,0.03425916438406551,0.005565957204996422,8.691907252070848,7.091631310583654,2.384159780371473,10.90987792019433,0.0,0.16673261220274063,False,0.0
DQ-I,noise_tracking,0,1.0,16.0,0.005,0.0372142216425657,0.006309565574291579,0.03219055331189752,0.0052857846889634574,8.691905007452396,7.091663029428589,2.3778493660228355,10.88091333752819,0.0,0.1667391865921709,False,0.0031301143300840524
C2+I,noise_tracking,0,1.0,16.0,0.005,0.03167073513020769,0.005354181870851462,0.02697811214704367,0.0045172790188956055,8.691899310787123,7.091373523203986,2.404308235571703,10.998318208328968,0.0,0.16673669775752936,False,0.0
C1,noise_tracking,1,1.0,16.0,0.005,0.03169786594992712,0.005287600658975036,0.030599138201653574,0.005215455429849446,8.69181337635674,7.095392868776872,2.3759038717475183,10.888888275779387,0.0,0.166729871634221,False,0.0
C2,noise_tracking,1,1.0,16.0,0.005,0.031696028952159394,0.005287600518945997,0.030598414946096785,0.005215455353231121,8.691813398751712,7.09539285941939,2.3759038617675454,10.888889557339306,0.0,0.16672987234575123,False,0.0
DQ-noI,noise_tracking,1,1.0,16.0,0.005,0.03169738691451144,0.005287601495053526,0.030599008734039996,0.0052154583193367654,8.69181337585413,7.0953928789122545,2.375894657615584,10.888885488682622,0.0,0.1667298718444328,False,0.0
DQ-I,noise_tracking,1,1.0,16.0,0.005,0.02759093502354398,0.004785532616173144,0.02746263026294615,0.004426971403416321,8.691827217918718,7.095327601214493,2.3696130328619294,10.859975709455227,0.0,0.16673795257690502,False,0.0026827026735182615
C2+I,noise_tracking,1,1.0,16.0,0.005,0.023443329923011437,0.004089212851929659,0.02400110175178219,0.003993005862360044,8.691875653119448,7.095708710503973,2.395884893391292,10.980519301835484,0.0,0.16673781313463007,False,0.0
C1,noise_tracking,2,1.0,16.0,0.005,0.028823187177842734,0.0049581899811846734,0.03446675550674109,0.005745029564586451,8.691898691205655,7.090824612499353,2.3717559415874225,10.827935317231088,0.0,0.16673506405858235,False,0.0
C2,noise_tracking,2,1.0,16.0,0.005,0.02882242263862227,0.0049581899585939655,0.034466492499689666,0.005745029495916937,8.69189871456281,7.090824567977402,2.3717561875870126,10.827933817985661,0.0,0.16673506451673145,False,0.0
DQ-noI,noise_tracking,2,1.0,16.0,0.005,0.02882304279755656,0.004958198079155837,0.034466643459544775,0.005745029294444899,8.691898690350838,7.090824698258298,2.3717539872598357,10.82793516293063,0.0,0.16673506400630408,False,0.0
DQ-I,noise_tracking,2,1.0,16.0,0.005,0.0252976057668733,0.0038432728490111054,0.031176114592831042,0.004905966706467779,8.69189566974642,7.090833802302451,2.3654789820521676,10.799183320039639,0.0,0.1667428296976048,False,0.0027483684899078987
C2+I,noise_tracking,2,1.0,16.0,0.005,0.02514156708338383,0.003980636093025645,0.02644795377230085,0.004310655341237245,8.69189336245474,7.090925542359852,2.394137359842825,10.922067781550203,0.0,0.1667422746500406,False,0.0
C1,pulse,0,1.0,16.0,0.005,56.1822873734698,16.904562812533154,56.1822873734698,16.904562812533154,8.736784578647573,8.26328989731163,7.076759999230458,278.09716307888345,0.1643835616438356,0.11074589407850403,True,0.0
C2,pulse,0,1.0,16.0,0.005,67.68717728098568,18.719941222103525,67.68717728098568,18.719941222103525,8.799410109187608,8.353238327069455,7.625789811705015,276.60114299295634,0.16323731138545952,0.1351754128996538,True,0.0
DQ-noI,pulse,0,1.0,16.0,0.005,45.88360611068346,15.295716165992976,45.88360611068346,15.295716165992976,8.717872945276184,8.144982263113103,5.833199751056083,279.4676784273905,0.16323731138545952,0.10469879275288346,True,0.0
DQ-I,pulse,0,1.0,16.0,0.005,46.67738893116384,15.454727858664052,46.67738893116384,15.454727858664052,8.715367458725378,8.148145336721019,5.843534772770123,279.3835968790662,0.1643835616438356,0.1036630009963853,True,0.2940248950294756
C2+I,pulse,0,1.0,16.0,0.005,72.04611485473617,19.224297768088313,72.04611485473617,19.224297768088313,8.795427823298512,8.437533628806692,8.10836227177796,276.8310313859024,0.1643835616438356,0.12936244297457294,True,0.0
C1,pulse,1,1.0,16.0,0.005,8.869838961902858e-09,2.1137952416090365e-09,27.589034139852828,8.271993286524205,8.69422970136325,8.078500082786782,2.9806675029720875,124.7149520189924,0.0415625,0.12525796192345373,False,0.0
C2,pulse,1,1.0,16.0,0.005,9.495956982820857e-09,2.3097005840141806e-09,34.81557326239232,9.290735696182256,8.735183156647057,8.151265280424205,3.212244695622223,124.42500260139197,0.043125,0.15565536258788393,False,0.0
DQ-noI,pulse,1,1.0,16.0,0.005,5.933798588309738e-09,1.8556237496805666e-09,23.32292661674781,7.713884984509851,8.701923928021186,7.994982984613618,2.550317570695602,125.03114292752704,0.0428125,0.12698442062080495,False,0.0
DQ-I,pulse,1,1.0,16.0,0.005,8.539516320498608e-05,2.030994115136993e-05,23.293764427767385,7.637599531270902,8.704510464961999,7.998648803479973,2.557862082569109,125.06405431615379,0.043125,0.1273273955478472,False,1.3849728683859982e-08
C2+I,pulse,1,1.0,16.0,0.005,0.0007440871720611582,0.00016958590269709967,35.68285716836362,9.085723815117172,8.743151384630247,8.22966276150187,3.5633870282779943,124.71932305944053,0.0465625,0.1513242440966351,False,0.0
C1,pulse,2,1.0,16.0,0.005,1.2186861576350894e-08,2.600049368251368e-09,32.73466017903109,9.277399393811582,8.672939488551465,8.05406320018555,2.996933143252414,120.30501101974971,0.045,0.11194746714157044,False,0.0
C2,pulse,2,1.0,16.0,0.005,1.2011331371688138e-08,2.8536844152405015e-09,40.97980799646447,10.633723272497535,8.72039862727995,8.127709555852316,3.209788943973995,119.9244487095886,0.0459375,0.14614208377888166,False,0.0
DQ-noI,pulse,2,1.0,16.0,0.005,7.896812160125336e-09,2.2473114950801297e-09,27.33136284030165,8.592030271318643,8.682311484472491,7.96515055609926,2.523910848022807,120.61855922459938,0.0459375,0.11534832887818569,False,0.0
DQ-I,pulse,2,1.0,16.0,0.005,9.978024670731501e-05,2.2612301647662692e-05,27.307876493550623,8.525658597041756,8.68526237487038,7.969414855946353,2.5415263701739197,120.6558415332822,0.0459375,0.11559757794045766,False,1.5366093892685128e-08
C2+I,pulse,2,1.0,16.0,0.005,0.0008853437939579118,0.00020137335576438122,41.798236295438386,10.470092795363195,8.729580755649186,8.204163893671655,3.589252642296583,120.22630659513216,0.0496875,0.1417955471725484,False,0.0
C1,saturation_stress,0,1.0,16.0,0.005,350.7240407560894,51.29366870605172,350.7240407560894,51.29366870605172,7.558245095136262,7.378839811024258,7.9059647468511685,36.06522557634295,0.9649737302977233,0.09519504693951578,True,0.0
C2,saturation_stress,0,1.0,16.0,0.005,145.6871878994876,46.35684858471786,145.6871878994876,46.35684858471786,8.797890825446036,7.347767894004497,3.0954627802037336,14.526671925016316,0.9830795262267343,0.0008691323801753199,True,0.0
DQ-noI,saturation_stress,0,1.0,16.0,0.005,259.01165422821435,44.291111316958684,259.01165422821435,44.291111316958684,7.587995925957387,7.131334396161404,6.064196456884264,14.216270527618432,0.9516908212560387,0.03656003751858129,True,0.0
DQ-I,saturation_stress,0,1.0,16.0,0.005,259.09718934725726,44.297447672305154,259.09718934725726,44.297447672305154,7.589086814031936,7.133641633453098,5.983903306376727,14.289692263858832,0.9542168674698795,0.037064989013524396,True,0.14974331935805366
C2+I,saturation_stress,0,1.0,16.0,0.005,158.04782471182062,46.326404200329094,158.04782471182062,46.326404200329094,8.63713309069745,7.464948440050973,2.8294687659905033,16.59449164960315,0.9826325411334552,0.002007957513874383,True,0.0
C1,saturation_stress,1,1.0,16.0,0.005,90.24296023842119,24.03805137757322,90.24296023842119,24.03805137757322,8.450837743930693,7.276652639604615,4.1298933564603555,10.333284588611473,0.4196078431372549,0.06571290663648975,True,0.0
C2,saturation_stress,1,1.0,16.0,0.005,108.47160884298457,27.3505692290222,108.47160884298457,27.3505692290222,8.546435284710558,7.2852405319241,3.1766600049296927,10.212969325500794,0.418848167539267,0.12740608205031598,True,0.0
DQ-noI,saturation_stress,1,1.0,16.0,0.005,78.35287130944089,22.372967844121234,78.35287130944089,22.372967844121234,8.44626841784379,7.2725412962173355,3.6913110440659946,10.533106991917709,0.42036553524804177,0.06907418593012463,True,0.0
DQ-I,saturation_stress,1,1.0,16.0,0.005,77.692914088555,22.27264881351408,77.692914088555,22.27264881351408,8.447805567815616,7.262429604621694,3.6609964336920515,10.445901929443583,0.4222222222222222,0.0701128864212913,True,0.2006727580266777
C2+I,saturation_stress,1,1.0,16.0,0.005,109.48277778887373,27.294027303619828,109.48277778887373,27.294027303619828,8.545060413602208,7.28897784930116,3.1773599279256577,10.220251040981497,0.4199475065616798,0.12841487197675885,True,0.0
C1,saturation_stress,2,1.0,16.0,0.005,89.64524474556931,23.756996269449395,89.64524474556931,23.756996269449395,8.609102909275135,7.425599107222123,3.877012557139272,10.215107228134856,0.41544607190412786,0.06932543327704084,True,0.0
C2,saturation_stress,2,1.0,16.0,0.005,112.13318555262018,28.381446012410525,112.13318555262018,28.381446012410525,8.672520302395817,7.428528228100901,2.961415689036989,10.187197900623227,0.4238845144356955,0.12366397113860635,True,0.0
DQ-noI,saturation_stress,2,1.0,16.0,0.005,76.9831361194082,21.88966856317936,76.9831361194082,21.88966856317936,8.614484825815138,7.420272620418428,3.406062248227799,10.35046753902524,0.41388518024032045,0.07636243599472724,True,0.0
DQ-I,saturation_stress,2,1.0,16.0,0.005,78.32041546743041,22.129079256148774,78.32041546743041,22.129079256148774,8.612321288171989,7.42026794483082,3.383522814129614,10.363740735403564,0.4175531914893617,0.07673071321157411,True,0.4760104460537224
C2+I,saturation_stress,2,1.0,16.0,0.005,118.03679067101544,29.31774911085962,118.03679067101544,29.31774911085962,8.656179142140035,7.449278584160744,2.979945476733112,10.271535148936783,0.4296875,0.12195311347436885,True,0.0
