law,case,seed,scale,ki,dt,pos_rms_mm,angle_rms_deg,pos_all_mm,angle_all_deg,torque_rms,torque_peak,torque_rate_rms,jerk_rms,limited_fraction,min_sigma,failed,simulated_seconds,metrics_scope,bias_final
DQ-IM,clean,0,1.0,16.0,0.005,0.24789139315556316,0.043024610824001865,8.258730026278611,1.3033544511185322,8.746691433545886,7.784825366876745,0.8947089870096956,3.189268110243879,0.0,0.17214311173648425,False,16.0,full_run,0.009018365723028141
C2+IM,clean,0,1.0,16.0,0.005,0.2677049432539577,0.04309334183227915,8.092369568294265,1.3028502506319695,8.746852291870823,7.904086972282828,1.028151079682542,3.3365800202340945,0.0,0.17214311173648425,False,16.0,full_run,0.009029377871638287
DQ-IM,clean,1,1.0,16.0,0.005,0.24789139315556316,0.043024610824001865,8.258730026278611,1.3033544511185322,8.746691433545886,7.784825366876745,0.8947089870096956,3.189268110243879,0.0,0.17214311173648425,False,16.0,full_run,0.009018365723028141
C2+IM,clean,1,1.0,16.0,0.005,0.2677049432539577,0.04309334183227915,8.092369568294265,1.3028502506319695,8.746852291870823,7.904086972282828,1.028151079682542,3.3365800202340945,0.0,0.17214311173648425,False,16.0,full_run,0.009029377871638287
DQ-IM,clean,2,1.0,16.0,0.005,0.24789139315556316,0.043024610824001865,8.258730026278611,1.3033544511185322,8.746691433545886,7.784825366876745,0.8947089870096956,3.189268110243879,0.0,0.17214311173648425,False,16.0,full_run,0.009018365723028141
C2+IM,clean,2,1.0,16.0,0.005,0.2677049432539577,0.04309334183227915,8.092369568294265,1.3028502506319695,8.746852291870823,7.904086972282828,1.028151079682542,3.3365800202340945,0.0,0.17214311173648425,False,16.0,full_run,0.009029377871638287
DQ-IM,constant_bias,0,1.0,16.0,0.005,1.243178551160891,0.855332325162817,1.1587391510971035,0.8276941262114218,8.933961721313242,7.2242112255753606,0.17845814396058357,2.5792568618411305,0.0,0.17430827859523562,False,16.0,full_run,3.752193562307165
C2+IM,constant_bias,0,1.0,16.0,0.005,1.1941341266670047,0.8553541269465447,1.1755280863250956,0.8277097413679128,8.934437968143982,7.225230326410968,0.17895851290438164,2.5836847977509203,0.0,0.17429377985483493,False,16.0,full_run,3.7521910360213453
DQ-IM,constant_bias,1,1.0,16.0,0.005,0.9487352831275083,0.8171296125570278,0.8892363189114434,0.7920409385430066,8.925183278442818,7.227961445722081,0.16840135224694977,2.36303814654261,0.0,0.17434313305859636,False,16.0,full_run,3.557533907798128
C2+IM,constant_bias,1,1.0,16.0,0.005,0.9107431941614139,0.8171493841353321,0.902263714494841,0.7920552088610154,8.925537256154174,7.2286912123498395,0.16893349465501,2.3669587714502103,0.0,0.17433211995775605,False,16.0,full_run,3.557533506702093
DQ-IM,constant_bias,2,1.0,16.0,0.005,1.0675802540578687,0.7985948601066222,0.9921740123855517,0.7741893641922744,8.899587383422464,7.208207953196874,0.14276417001674913,2.3140825993440575,0.0,0.1743393537881709,False,16.0,full_run,3.4995685310783315
C2+IM,constant_bias,2,1.0,16.0,0.005,1.026323477530411,0.7986155497158314,1.0064715431748692,0.7742046557875357,8.89996384730085,7.209045566981978,0.14328745153208822,2.3180070697622,0.0,0.1743275578709696,False,16.0,full_run,3.4995696179328477
DQ-IM,slow_tracking,0,1.0,16.0,0.005,1.9322797645852536,1.1626439320858588,1.5008948732109195,0.9786701447977322,8.877457038249391,7.2646870782836235,0.31538020908194114,3.0137144940023406,0.0,0.16571052834596442,False,16.0,full_run,2.4427018303805714
C2+IM,slow_tracking,0,1.0,16.0,0.005,1.8483076831290026,1.162669084087522,1.5046073477966575,0.9786925645499608,8.8780644139628,7.2658692860025775,0.31552398156145905,3.0191683950058086,0.0,0.1657550801540099,False,16.0,full_run,2.4426522418761647
DQ-IM,slow_tracking,1,1.0,16.0,0.005,1.6245824768214245,1.1114166629123312,1.2354215547529779,0.9367708664971038,8.869058199921314,7.268785752911583,0.30755906709956,2.769839908123359,0.0,0.1658889648640342,False,16.0,full_run,2.3199824589682616
C2+IM,slow_tracking,1,1.0,16.0,0.005,1.5657459999643009,1.1114376487184068,1.2380191415495967,0.9367908290556773,8.869503302910028,7.269646509817777,0.30780424048756405,2.774799412826764,0.0,0.16592099323462894,False,16.0,full_run,2.3199450893878604
DQ-IM,slow_tracking,2,1.0,16.0,0.005,1.6337972526248696,1.085746521360441,1.274080405854129,0.9153349929331925,8.84391064792862,7.246266864282743,0.28946441659444494,2.7029774010369754,0.0,0.16594293772168134,False,16.0,full_run,2.282177583778585
C2+IM,slow_tracking,2,1.0,16.0,0.005,1.5630048946770485,1.0857696926658846,1.2777473475902728,0.915356681649427,8.84438826725573,7.2472500681276255,0.28961962514263057,2.7078682231379214,0.0,0.16597727176533766,False,16.0,full_run,2.282143655635426
DQ-IM,model_mismatch,0,1.0,16.0,0.005,1.7193984987286834,0.784889251945234,1.8724087884340863,0.7645625809551407,9.099237079069386,7.317653657620299,0.23940994690459816,3.6392421827513775,0.0,0.17436455280735472,False,16.0,full_run,2.119813870398088
C2+IM,model_mismatch,0,1.0,16.0,0.005,1.7324821063789844,0.7848822802305312,1.8773283756542802,0.7645586251243194,9.099579995365684,7.318596498225887,0.2398337540781229,3.6404934595462026,0.0,0.1743549770871419,False,16.0,full_run,2.1198352671243765
DQ-IM,model_mismatch,1,1.0,16.0,0.005,0.9487458110597056,0.8053533607753539,0.8795621645445749,0.776545079816413,8.877975086130634,7.199158704882245,0.1742646772650517,2.2491150381798555,0.0,0.1743599235909926,False,16.0,full_run,3.375775549966651
C2+IM,model_mismatch,1,1.0,16.0,0.005,0.913562975411971,0.8053669631299033,0.8907825132011506,0.7765549234526941,8.878300688687544,7.200097560620359,0.17474218303464745,2.253698630534491,0.0,0.17434957330691833,False,16.0,full_run,3.375778976946574
DQ-IM,model_mismatch,2,1.0,16.0,0.005,0.9914960830927648,0.7564328660007281,0.9713122029522896,0.7296933594468749,9.045212242177806,7.318699373251595,0.1895618182199556,2.180777105746429,0.0,0.17431341843268247,False,16.0,full_run,3.1618210178624055
C2+IM,model_mismatch,2,1.0,16.0,0.005,0.9652856009336814,0.7564505597305408,0.9798261165602491,0.729708011525928,9.045546367929017,7.31967998998014,0.1899557580446681,2.1853433978486594,0.0,0.1743036750597755,False,16.0,full_run,3.161836500413782
DQ-IM,friction_tracking,0,1.0,16.0,0.005,2.365542586316146,0.8305239840066702,3.2377576788893028,1.3169501807653707,8.861052380010667,7.348434354121279,0.3697293097380955,11.023520193702899,0.0,0.16687900291227833,False,16.0,full_run,1.7853696501708798
C2+IM,friction_tracking,0,1.0,16.0,0.005,2.398608334005776,0.8312246190330396,3.161359154825368,1.3168863447045638,8.86253046348392,7.349382008325823,0.36968348178006327,11.023466887471875,0.0,0.16690592657099354,False,16.0,full_run,1.8013307592755674
DQ-IM,friction_tracking,1,1.0,16.0,0.005,1.536510059225391,0.5176116996743135,2.5202908064415266,1.1490624886236391,8.650817043158634,7.231823814500231,0.3563560448923328,10.548847947867399,0.0,0.16677460797833332,False,16.0,full_run,0.20831448962371865
C2+IM,friction_tracking,1,1.0,16.0,0.005,1.5430492608969788,0.5168165222048972,2.4825699493775613,1.1487056446105737,8.652000381730026,7.232549913026747,0.35635792734019683,10.548806726536048,0.0,0.16679797931000032,False,16.0,full_run,0.20407320146733643
DQ-IM,friction_tracking,2,1.0,16.0,0.005,1.644003202837741,0.5240773769030701,2.650865472901738,1.1568387439158414,8.840463214373733,7.369043435803227,0.35938776045825543,10.639226100624946,0.0,0.16681251730076888,False,16.0,full_run,0.21355098718670026
C2+IM,friction_tracking,2,1.0,16.0,0.005,1.6529335464833028,0.5234438614861968,2.6019349437513624,1.1564929601613723,8.841655778722535,7.369803132062013,0.3594453247218422,10.639201498673025,0.0,0.16683549816454846,False,16.0,full_run,0.21892524366844446
DQ-IM,noise_tracking,0,1.0,16.0,0.005,0.03486182474204852,0.006043073294982095,0.03065016931314815,0.005077662222680692,8.691895330607977,7.091844408451193,2.359102710080373,10.794522464119153,0.0,0.16673574279171385,False,16.0,full_run,0.0008754059626345223
C2+IM,noise_tracking,0,1.0,16.0,0.005,0.034861304193025355,0.006043073893594122,0.030649931143638794,0.005077662680266175,8.691895344796185,7.091844275435686,2.359107010359499,10.79452062951363,0.0,0.16673574321813864,False,16.0,full_run,0.0008753934689786831
DQ-IM,noise_tracking,1,1.0,16.0,0.005,0.02854169767608679,0.004501212588019578,0.02676253922471092,0.004229630491720608,8.691818091064812,7.095277898027515,2.3509093636133516,10.773742215205862,0.0,0.1667320258953878,False,16.0,full_run,0.0010471158017533112
C2+IM,noise_tracking,1,1.0,16.0,0.005,0.028541102538159092,0.00450121182625543,0.026762268252922137,0.0042296303086793606,8.691818105837932,7.095277781622975,2.3509162871244387,10.773740791950624,0.0,0.16673202654237296,False,16.0,full_run,0.0010471140213390798
DQ-IM,noise_tracking,2,1.0,16.0,0.005,0.02597101221284555,0.003917173233861829,0.029552548338562808,0.0046794040020010225,8.691886678230166,7.091014043164504,2.3468283989408802,10.7134391332788,0.0,0.16673710174738168,False,16.0,full_run,0.0009227618825071851
C2+IM,noise_tracking,2,1.0,16.0,0.005,0.025970510938211802,0.003917178087883582,0.029552379753966754,0.004679405016418554,8.69188669478768,7.0910139427399335,2.346830923015529,10.713439599900548,0.0,0.16673710196795063,False,16.0,full_run,0.0009227536490421357
DQ-IM,pulse,0,1.0,16.0,0.005,47.7054108908572,15.610769182963436,47.7054108908572,15.610769182963436,8.712991959322347,8.154913794392247,5.853626799919166,279.43949528170896,0.16689466484268126,0.10283380107243617,True,3.655,incomplete_prefix,0.23883218427292957
C2+IM,pulse,0,1.0,16.0,0.005,70.29070377120917,19.18162280195242,70.29070377120917,19.18162280195242,8.79141222802346,8.352631168031426,7.634479348241478,276.55872143162196,0.16689466484268126,0.1333569256091883,True,3.655,incomplete_prefix,0.23883229343732296
DQ-IM,pulse,1,1.0,16.0,0.005,0.6554849320033361,0.21940178811503472,23.305468470090645,7.540486347401517,8.705973522754213,8.005932367294497,2.572104800093703,125.19733249296152,0.0434375,0.12814464431285275,False,16.0,full_run,0.27935531549927933
C2+IM,pulse,1,1.0,16.0,0.005,0.8100659715413983,0.2607781473790644,34.487552367794656,9.046525370947354,8.73801319740077,8.1501367631254,3.218978180693715,124.5518644707916,0.04375,0.15490697053298888,False,16.0,full_run,0.3446961429470093
DQ-IM,pulse,2,1.0,16.0,0.005,0.7333519214872358,0.22850613409044238,27.338714559232805,8.449706345018505,8.686678832182704,7.9777819857694015,2.5652168096205665,120.77115917857905,0.04625,0.11623745747542016,False,16.0,full_run,0.2997463559572472
C2+IM,pulse,2,1.0,16.0,0.005,0.8964554090756446,0.2774288222991433,40.664080678546625,10.409314049720546,8.72369205948469,8.12749865219101,3.222488401808219,120.00250212386806,0.04625,0.14547729376855986,False,16.0,full_run,0.3784724525678001
DQ-IM,saturation_stress,0,1.0,16.0,0.005,260.22413461513196,44.44247729795382,260.22413461513196,44.44247729795382,7.585238017066342,7.131456388286649,5.863257801986347,14.767056168282439,0.9618138424821002,0.03690249404708829,True,2.0949999999999998,incomplete_prefix,0.10847727485374183
C2+IM,saturation_stress,0,1.0,16.0,0.005,145.2320999555681,46.23485071625843,145.2320999555681,46.23485071625843,8.799916944299282,7.350890989835728,3.0170562684312547,14.08787626685539,0.9864521591871296,0.0023545622852836575,True,5.905,incomplete_prefix,0.1084769220186257
DQ-IM,saturation_stress,1,1.0,16.0,0.005,78.30604385153416,22.235772888968754,78.30604385153416,22.235772888968754,8.448480663432795,7.263320653098757,3.6085738969798915,10.283796719874854,0.42987012987012985,0.07181365304127152,True,3.85,incomplete_prefix,0.14110926517552924
C2+IM,saturation_stress,1,1.0,16.0,0.005,108.05840134622647,27.052734836058924,108.05840134622647,27.052734836058924,8.548963839188307,7.272495834249117,3.1240944592295685,10.00010211843521,0.4276401564537158,0.12982499380327175,True,3.835,incomplete_prefix,0.14111402339599644
DQ-IM,saturation_stress,2,1.0,16.0,0.005,77.97081208908969,22.01822049150326,77.97081208908969,22.01822049150326,8.613220704604135,7.414237051240194,3.382957857468375,10.332176438065163,0.4217506631299735,0.07624354222226111,True,3.77,incomplete_prefix,0.26573729282889236
C2+IM,saturation_stress,2,1.0,16.0,0.005,114.53345054043074,28.80004963033929,114.53345054043074,28.80004963033929,8.66626185550718,7.424561362365616,2.937763548036724,10.166536749616187,0.43302990897269183,0.12374625745588792,True,3.8449999999999998,incomplete_prefix,0.26573947193000425
